Time,Fx,Lambda
0,0,0
0.009999993,0,0
0.01999999,0,0
0.02999998,0,0
0.03999997,0,0
0.04999996,0,0
0.05999996,0,0
0.06999995,0,0
0.07999995,0,0
0.08999994,0,0
0.09999993,0,0
0.1099999,0,0
0.1199999,0,0
0.1299999,0,0
0.1399999,0,0
0.1499999,0,0
0.1599999,0,0
0.1699999,0,0
0.1799999,0,0
0.1899999,0,0
0.1999999,0,0
0.2099998,0,0
0.2199998,0,0
0.2299998,0,0
0.2399998,0,0
0.2499998,0,0
0.2599998,0,0
0.2699998,0,0
0.2799998,0,0
0.2899998,0,0
0.2999998,0,0
0.3099998,0,0
0.3199998,0,0
0.3299998,0,0
0.3399998,0,0
0.3499998,0,0
0.3599997,0,0
0.3699997,0,0
0.3799997,0,0
0.3899997,0,0
0.3999997,0,0
0.4099997,0,0
0.4199997,0,0
0.4299997,0,0
0.4399997,0,0
0.4499997,0,0
0.4599997,0,0
0.4699997,0,0
0.4799997,0,0
0.4899997,0,0
0.4999996,0,0
0.5099996,0,0
0.5199996,0,0
0.5299996,0,0
0.5399996,0,0
0.5499996,0,0
0.5599996,0,0
0.5699996,0,0
0.5799996,0,0
0.5899996,0,0
0.5999995,0,0
0.6099996,0,0
0.6199996,0,0
0.6299996,0,0
0.6399996,0,0
0.6499996,0,0
0.6599995,0,0
0.6699995,0,0
0.6799995,0,0
0.6899995,200.1759,0
0.6999995,199.0775,0
0.7099995,200.0191,0
0.7199995,200.7546,0
0.7299995,201.5417,0
0.7399995,201.9825,0
0.7499995,202.1111,0
0.7599995,38.78798,0
0.7699994,51.88873,0
0.7799994,51.2673,0
0.7899994,51.66073,0
0.7999994,51.98943,0
0.8099994,52.33247,0
0.8199994,52.68417,0
0.8299994,53.04501,0
0.8399994,53.41506,0
0.8499994,53.79437,0
0.8599994,54.18304,0
0.8699994,54.58115,0
0.8799994,54.98528,0
0.8899994,55.39858,0
0.8999994,55.82126,0
0.9099994,56.25342,0
0.9199994,56.69512,0
0.9299994,57.14649,0
0.9399993,57.60743,0
0.9499993,58.07814,0
0.9599993,58.55867,0
0.9699993,59.04911,0
0.9799993,59.54942,0
0.9899993,60.05988,0
0.9999993,60.58031,0
1.009999,61.11095,0
1.019999,61.65176,0
1.029999,62.20292,0
1.039999,62.76442,0
1.049999,63.3363,0
1.059999,63.91879,0
1.069999,64.51179,0
1.079999,65.11544,0
1.089999,65.7298,0
1.099999,66.35497,0
1.109999,66.991,0
1.119999,67.63797,0
1.129999,68.29592,0
1.139999,68.96493,0
1.149999,69.64508,0
1.159999,70.33646,0
1.169999,71.03913,0
1.179999,71.75314,0
1.189999,72.47865,0
1.199999,73.21553,0
1.209999,73.96405,0
1.219999,74.72429,0
1.229999,75.49619,0
1.239999,76.27982,0
1.249999,77.07538,0
1.259999,77.88292,0
1.269999,78.64143,0
1.279999,79.4073,0
1.289999,80.17975,0
1.299999,80.9594,0
1.309999,81.74607,0
1.319999,82.53983,0
1.329999,83.34083,0
1.339999,84.14865,0
1.349999,84.96364,0
1.359999,85.78561,0
1.369999,86.61449,0
1.379999,87.45042,0
1.389999,88.29322,0
1.399999,89.14287,0
1.409999,89.99941,0
1.419999,90.86298,0
1.429999,91.73326,0
1.439999,92.61031,0
1.449999,93.49426,0
1.459999,94.38498,0
1.469999,95.28222,0
1.479999,96.18636,0
1.489999,97.09702,0
1.499999,98.01456,0
1.509999,98.93867,0
1.519999,99.86937,0
1.529999,100.8067,0
1.539999,101.7505,0
1.549999,102.701,0
1.559999,103.658,0
1.569999,104.6213,0
1.579999,105.5912,0
1.589999,106.5675,0
1.599999,107.5504,0
1.609999,108.5395,0
1.619999,109.5351,0
1.629999,110.537,0
1.639999,111.5453,0
1.649999,112.5599,0
1.659999,113.5808,0
1.669999,114.6079,0
1.679999,115.6413,0
1.689999,116.6808,0
1.699999,117.7266,0
1.709999,118.7786,0
1.719999,119.8367,0
1.729999,120.901,0
1.739999,121.9714,0
1.749999,123.0478,0
1.759999,124.1303,0
1.769999,125.2188,0
1.779999,126.3135,0
1.789999,127.4139,0
1.799999,128.5204,0
1.809999,129.633,0
1.819999,130.7513,0
1.829999,131.8757,0
1.839999,133.0058,0
1.849999,134.1419,0
1.859999,135.2838,0
1.869999,136.4315,0
1.879999,137.5849,0
1.889999,138.7442,0
1.899999,139.9091,0
1.909999,141.0797,0
1.919999,142.2563,0
1.929999,143.4382,0
1.939999,144.6262,0
1.949999,145.8194,0
1.959999,147.0185,0
1.969999,148.223,0
1.979999,149.4334,0
1.989999,150.6308,0
1.999999,151.8302,0
2.009999,153.0353,0
2.019999,154.2458,0
2.029999,155.4611,0
2.039999,156.6821,0
2.049999,157.9079,0
2.059999,159.1392,0
2.069999,160.3759,0
2.079998,161.6174,0
2.089998,162.8642,0
2.099998,164.1159,0
2.109998,165.373,0
2.119998,166.6348,0
2.129998,167.9019,0
2.139998,169.1739,0
2.149998,170.4511,0
2.159998,171.7333,0
2.169998,173.0203,0
2.179998,174.3122,0
2.189998,175.609,0
2.199998,176.9109,0
2.209998,178.2176,0
2.219998,179.5289,0
2.229998,180.8452,0
2.239998,182.1665,0
2.249998,183.4925,0
2.259998,184.8229,0
2.269998,186.1587,0
2.279998,187.4986,0
2.289998,188.8435,0
2.299998,190.193,0
2.309998,191.5472,0
2.319998,192.9061,0
2.329998,194.2695,0
2.339998,195.6376,0
2.349998,197.0101,0
2.359998,198.3873,0
2.369998,199.7692,0
2.379998,201.1554,0
2.389998,202.546,0
2.399998,203.9409,0
2.409998,205.3406,0
2.419998,206.7446,0
2.429998,208.1529,0
2.439998,209.5658,0
2.449998,210.983,0
2.459998,212.4045,0
2.469998,213.8331,0
2.479998,215.2927,0
2.489998,216.7596,0
2.499998,218.2343,0
2.509998,219.7152,0
2.519998,221.203,0
2.529998,222.6977,0
2.539998,224.1996,0
2.549998,225.7081,0
2.559998,227.2238,0
2.569998,228.7462,0
2.579998,230.276,0
2.589998,231.8132,0
2.599998,233.357,0
2.609998,234.9081,0
2.619998,236.466,0
2.629998,238.0318,0
2.639998,239.6046,0
2.649998,241.1846,0
2.659998,242.7723,0
2.669998,244.3669,0
2.679998,245.9693,0
2.689998,247.5789,0
2.699998,249.1959,0
2.709998,250.8208,0
2.719998,252.4531,0
2.729998,254.0929,0
2.739998,255.7401,0
2.749998,257.3953,0
2.759998,259.0581,0
2.769998,260.729,0
2.779998,262.4075,0
2.789998,264.0936,0
2.799998,265.7878,0
2.809998,267.4898,0
2.819998,269.1996,0
2.829998,270.9524,0
2.839998,272.7326,0
2.849998,274.5294,0
2.859998,276.341,0
2.869998,278.1657,0
2.879998,280.0055,0
2.889998,281.8586,0
2.899998,283.7264,0
2.909998,285.6088,0
2.919998,287.506,0
2.929998,289.4182,0
2.939998,291.3457,0
2.949998,293.2888,0
2.959998,295.2477,0
2.969998,297.2221,0
2.979998,299.2131,0
2.989998,301.2206,0
2.999998,303.2446,0
3.009998,305.2852,0
3.019998,307.3431,0
3.029998,309.4185,0
3.039998,311.5117,0
3.049998,313.623,0
3.059998,315.752,0
3.069998,317.8991,0
3.079998,320.0657,0
3.089998,322.2508,0
3.099998,324.4555,0
3.109998,326.6797,0
3.119998,328.9238,0
3.129998,331.1877,0
3.139998,333.472,0
3.149998,335.777,0
3.159998,338.1035,0
3.169998,340.4506,0
3.179998,342.8199,0
3.189998,345.211,0
3.199998,347.5989,0
3.209998,349.9972,0
3.219998,352.4143,0
3.229998,354.8513,0
3.239998,357.3079,0
3.249998,359.7856,0
3.259998,362.1934,0
3.269998,364.5858,0
3.279998,366.9902,0
3.289998,369.4047,0
3.299998,371.8301,0
3.309998,374.2654,0
3.319998,376.7108,0
3.329998,379.166,0
3.339998,381.6321,0
3.349998,384.109,0
3.359998,386.5947,0
3.369998,389.0911,0
3.379997,391.5972,0
3.389997,394.1141,0
3.399997,396.6394,0
3.409998,399.1762,0
3.419998,401.7218,0
3.429998,404.278,0
3.439998,406.8433,0
3.449998,409.4183,0
3.459998,412.0036,0
3.469998,414.5982,0
3.479998,417.2021,0
3.489998,419.8163,0
3.499998,422.4396,0
3.509998,425.0724,0
3.519998,427.7151,0
3.529998,430.3668,0
3.539998,433.0277,0
3.549998,435.6987,0
3.559998,438.3787,0
3.569998,441.0675,0
3.579998,443.7655,0
3.589998,446.4731,0
3.599998,449.1897,0
3.609998,451.9159,0
3.619998,454.6501,0
3.629997,457.3947,0
3.639997,460.1473,0
3.649997,462.9094,0
3.659997,465.6802,0
3.669997,468.4593,0
3.679997,471.2484,0
3.689997,474.0457,0
3.699997,476.8512,0
3.709997,479.6655,0
3.719997,482.4891,0
3.729997,485.3207,0
3.739997,488.1619,0
3.749997,491.0103,0
3.759997,493.868,0
3.769997,496.7348,0
3.779997,499.6084,0
3.789997,502.4927,0
3.799997,505.3837,0
3.809997,508.2825,0
3.819997,511.191,0
3.829997,514.1071,0
3.839997,517.0318,0
3.849997,519.9646,0
3.859997,522.9053,0
3.869997,525.8538,0
3.879997,528.811,0
3.889997,531.776,0
3.899997,534.748,0
3.909997,537.7293,0
3.919997,540.7183,0
3.929997,543.7148,0
3.939997,546.7189,0
3.949997,549.7307,0
3.959997,552.7506,0
3.969997,555.7789,0
3.979997,558.8137,0
3.989997,561.856,0
3.999997,564.9075,0
4.009997,567.965,0
4.019997,571.0308,0
4.029997,574.1036,0
4.039997,577.1846,0
4.049997,580.2718,0
4.059997,583.3679,0
4.069997,586.4702,0
4.079997,589.5802,0
4.089997,592.6972,0
4.099997,595.821,0
4.109997,598.9523,0
4.119997,602.0919,0
4.129997,605.2368,0
4.139997,608.3887,0
4.149997,611.5486,0
4.159997,614.7166,0
4.169997,617.8895,0
4.179997,621.071,0
4.189997,624.2575,0
4.199997,627.4514,0
4.209997,630.6526,0
4.219997,633.8599,0
4.229997,637.076,0
4.239997,640.296,0
4.249997,643.5251,0
4.259997,646.7576,0
4.269997,649.9991,0
4.279997,653.6689,0
4.289997,657.368,0
4.299997,661.093,0
4.309997,664.8438,0
4.319997,668.6227,0
4.329997,672.4274,0
4.339997,676.2601,0
4.349997,680.1188,0
4.359997,684.004,0
4.369997,687.9156,0
4.379997,691.8553,0
4.389997,695.8213,0
4.399997,699.8146,0
4.409997,703.8356,0
4.419997,707.8815,0
4.429997,711.7168,0
4.439997,715.5475,0
4.449997,719.3937,0
4.459997,723.2559,0
4.469997,727.1357,0
4.479997,731.0317,0
4.489997,734.947,0
4.499997,738.8795,0
4.509997,742.8287,0
4.519997,746.7953,0
4.529997,750.7791,0
4.539997,754.7825,0
4.549997,758.803,0
4.559997,762.8419,0
4.569997,766.8972,0
4.579997,770.973,0
4.589997,775.0665,0
4.599997,779.1779,0
4.609997,782.1956,0
4.619997,787.301,0
4.629997,791.7766,0
4.639997,796.7493,0
4.649997,801.886,0
4.659997,807.1132,0
4.669997,812.4168,0
4.679996,817.7942,0
4.689997,823.2425,0
4.699996,828.7634,0
4.709997,834.3585,0
4.719996,840.0283,0
4.729997,845.7736,0
4.739996,851.5952,0
4.749997,857.4949,0
4.759996,863.4729,0
4.769997,869.5286,0
4.779996,875.6651,0
4.789997,881.8845,0
4.799996,888.1835,0
4.809997,894.5683,0
4.819996,901.0359,0
4.829997,907.5876,0
4.839996,914.2278,0
4.849997,920.9542,0
4.859996,927.7711,0
4.869997,934.675,0
4.879997,941.6741,0
4.889997,948.7604,0
4.899997,955.9415,0
4.909997,963.218,0
4.919997,970.5903,0
4.929996,978.0568,0
4.939997,985.6224,0
4.949996,993.2886,0
4.959997,1001.053,0
4.969996,1008.921,0
4.979997,1016.89,0
4.989996,1024.966,0
4.999997,1032.996,0
5.009996,1040.711,0
5.019997,1048.498,0
5.029996,1056.361,0
5.039997,1064.302,0
5.049996,1072.319,0
5.059997,1079.827,0
5.069996,1086.108,0
5.079997,1092.378,0
5.089996,1098.638,0
5.099997,1104.889,0
5.109996,1111.128,0
5.119997,1117.357,0
5.129996,1123.576,0
5.139997,1129.784,0
5.149996,1135.983,0
5.159997,1142.17,0
5.169996,1148.348,0
5.179996,1154.516,0
5.189996,1160.672,0
5.199996,1166.817,0
5.209996,1172.953,0
5.219996,1179.079,0
5.229996,1185.194,0
5.239996,1191.298,0
5.249996,1197.393,0
5.259996,1203.476,0
5.269996,1209.549,0
5.279996,1215.613,0
5.289996,1221.665,0
5.299996,1227.706,0
5.309996,1233.737,0
5.319996,1239.758,0
5.329996,1245.768,0
5.339996,1251.767,0
5.349996,1257.757,0
5.359996,1263.736,0
5.369996,1269.703,0
5.379996,1275.661,0
5.389996,1281.608,0
5.399996,1287.545,0
5.409996,1293.47,0
5.419996,1299.385,0
5.429996,1305.29,0
5.439996,1311.184,0
5.449996,1317.067,0
5.459996,1322.94,0
5.469996,1328.803,0
5.479996,1334.654,0
5.489996,1340.495,0
5.499996,1346.325,0
5.509996,1352.146,0
5.519996,1357.954,0
5.529996,1363.753,0
5.539996,1369.54,0
5.549996,1375.317,0
5.559996,1381.084,0
5.569996,1386.839,0
5.579996,1392.584,0
5.589996,1398.319,0
5.599996,1404.042,0
5.609996,1409.755,0
5.619996,1415.458,0
5.629996,1421.15,0
5.639996,1426.831,0
5.649996,1432.501,0
5.659996,1438.16,0
5.669996,1443.809,0
5.679996,1449.447,0
5.689996,1455.075,0
5.699996,1460.691,0
5.709996,1466.297,0
5.719996,1471.892,0
5.729996,1477.476,0
5.739996,1483.05,0
5.749996,1488.613,0
5.759996,1494.165,0
5.769996,1499.706,0
5.779996,1505.237,0
5.789996,1510.758,0
5.799996,1516.267,0
5.809996,1521.766,0
5.819996,1527.252,0
5.829996,1532.729,0
5.839996,1538.196,0
5.849996,1543.651,0
5.859996,1549.097,0
5.869996,1554.531,0
5.879996,1559.953,0
5.889996,1565.366,0
5.899996,1570.767,0
5.909996,1576.157,0
5.919996,1581.538,0
5.929996,1586.907,0
5.939996,1592.264,0
5.949996,1597.612,0
5.959996,1602.949,0
5.969996,1608.276,0
5.979996,1613.592,0
5.989996,1618.896,0
5.999996,1626.24,0
6.009996,1637.499,0
6.019996,1648.898,0
6.029996,1660.343,0
6.039996,1671.828,0
6.049996,1683.356,0
6.059996,1694.926,0
6.069996,1706.536,0
6.079996,1718.187,0
6.089996,1729.877,0
6.099996,1741.608,0
6.109996,1753.381,0
6.119996,1765.194,0
6.129996,1777.046,0
6.139996,1788.938,0
6.149996,1800.87,0
6.159996,1812.842,0
6.169996,1824.851,0
6.179996,1836.9,0
6.189996,1848.987,0
6.199996,1861.11,0
6.209996,1873.271,0
6.219995,1885.473,0
6.229996,1897.708,0
6.239995,1909.982,0
6.249996,1922.294,0
6.259995,1934.64,0
6.269996,1947.02,0
6.279995,1959.437,0
6.289996,1971.891,0
6.299995,1984.378,0
6.309996,1996.901,0
6.319995,2009.455,0
6.329996,2022.045,0
6.339995,2034.666,0
6.349996,2046.786,0
6.359995,2056.132,0
6.369996,2071.188,0
6.379995,2092.387,0
6.389996,2115.271,0
6.399995,2138.764,0
6.409996,2144.892,0
6.419995,2182.24,0
6.429996,2209.847,0
6.439995,2235.3,0
6.449996,2260.441,0
6.459995,2285.718,0
6.469995,2311.244,0
6.479995,2337.047,0
6.489995,2363.138,0
6.499995,2389.521,0
6.509995,2416.199,0
6.519995,2443.177,0
6.529995,2470.457,0
6.539995,2498.043,0
6.549995,2525.938,0
6.559995,2554.147,0
6.569995,2582.672,0
6.579995,2611.517,0
6.589995,2640.686,0
6.599995,2670.183,0
6.609995,2700.011,0
6.619995,2730.173,0
6.629995,2760.675,0
6.639995,2791.519,0
6.649995,2822.709,0
6.659995,2854.25,0
6.669995,2886.146,0
6.679995,2918.4,0
6.689995,2951.017,0
6.699995,2984,0
6.709995,3017.354,0
6.719995,3051.084,0
6.729995,3085.193,0
6.739995,3115.612,0
6.749995,3138.243,0
6.759995,3161.219,0
6.769995,3184.115,0
6.779995,3206.995,0
6.789995,3229.845,0
6.799995,3243.275,0
6.809995,3241.039,0
6.819995,3241.074,0
6.829995,3240.782,0
6.839995,3240.533,0
6.849995,3237.026,0
6.859995,3240.391,0
6.869995,3239.624,0
6.879995,3239.458,0
6.889995,3239.203,0
6.899995,3238.963,0
6.909995,3238.725,0
6.919995,3238.489,0
6.929995,3238.249,0
6.939995,3237.985,0
6.949995,3237.658,0
6.959995,3237.359,0
6.969995,3237.054,0
6.979995,3236.728,0
6.989995,3236.42,0
6.999995,3236.111,0
7.009995,3235.786,0
7.019995,3235.483,0
7.029995,3235.16,0
7.039995,3234.84,0
7.049995,3234.524,0
7.059995,3234.208,0
7.069995,3233.874,0
7.079995,3233.554,0
7.089995,3233.232,0
7.099995,3232.92,0
7.109995,3232.581,0
7.119995,3232.256,0
7.129995,3231.929,0
7.139995,3231.596,0
7.149995,3231.267,0
7.159995,3230.937,0
7.169995,3230.591,0
7.179995,3230.267,0
7.189995,3229.933,0
7.199995,3229.607,0
7.209995,3229.255,0
7.219995,3228.917,0
7.229995,3228.588,0
7.239995,3228.233,0
7.249995,3227.9,0
7.259995,3227.558,0
7.269995,3227.223,0
7.279995,3226.863,0
7.289995,3226.526,0
7.299995,3226.179,0
7.309995,3225.824,0
7.319995,3225.484,0
7.329995,3225.133,0
7.339995,3224.79,0
7.349995,3224.422,0
7.359995,3224.076,0
7.369995,3223.73,0
7.379995,3223.373,0
7.389995,3223.009,0
7.399995,3222.66,0
7.409995,3222.3,0
7.419995,3221.932,0
7.429995,3221.578,0
7.439995,3221.224,0
7.449995,3220.854,0
7.459995,3220.487,0
7.469995,3220.129,0
7.479995,3219.771,0
7.489995,3219.396,0
7.499995,3219.034,0
7.509995,3218.672,0
7.519995,3218.293,0
7.529994,3217.929,0
7.539995,3217.555,0
7.549994,3217.182,0
7.559995,3216.814,0
7.569994,3216.436,0
7.579995,3216.051,0
7.589994,3215.689,0
7.599995,3215.308,0
7.609994,3214.928,0
7.619995,3214.554,0
7.629994,3214.179,0
7.639995,3213.787,0
7.649994,3213.41,0
7.659995,3213.031,0
7.669994,3212.636,0
7.679995,3212.265,0
7.689994,3211.883,0
7.699995,3211.485,0
7.709994,3211.101,0
7.719995,3210.701,0
7.729994,3210.323,0
7.739995,3209.937,0
7.749994,3209.534,0
7.759995,3209.144,0
7.769994,3208.748,0
7.779994,3208.356,0
7.789995,3207.948,0
7.799994,3207.564,0
7.809995,3207.17,0
7.819994,3206.759,0
7.829995,3206.371,0
7.839994,3205.958,0
7.849995,3205.569,0
7.859994,3205.154,0
7.869995,3204.762,0
7.879994,3204.345,0
7.889995,3203.951,0
7.899994,3203.531,0
7.909995,3203.136,0
7.919994,3202.715,0
7.929995,3202.316,0
7.939994,3201.893,0
7.949995,3201.493,0
7.959994,3201.076,0
7.969995,3200.665,0
7.979994,3200.247,0
7.989995,3199.827,0
7.999994,3199.413,0
8.009995,3198.991,0
8.019995,3198.568,0
8.029994,3198.159,0
8.039994,3197.725,0
8.049994,3197.314,0
8.059995,3196.888,0
8.069994,3196.459,0
8.079994,3196.046,0
8.089994,3195.606,0
8.099995,3195.175,0
8.109994,3194.758,0
8.119994,3194.324,0
8.129994,3193.89,0
8.139995,3193.47,0
8.149994,3193.033,0
8.159994,3192.596,0
8.169994,1686.897,0
8.179995,3218.257,0
8.189994,3196.527,0
8.199994,3199.125,0
8.209994,3198.208,0
8.219995,3197.786,0
8.229994,3197.316,0
8.239994,3196.838,0
8.249994,3196.35,0
8.259995,3195.87,0
8.269994,3195.39,0
8.279994,3194.909,0
8.289994,3194.433,0
8.299994,3193.95,0
8.309994,3193.466,0
8.319994,3192.98,0
8.329994,3192.486,0
8.339994,3191.999,0
8.349994,3191.511,0
8.359994,3191.022,0
8.369994,3190.533,0
8.379994,3190.042,0
8.389994,3189.55,0
8.399994,3189.058,0
8.409994,3188.555,0
8.419994,3188.071,0
8.429994,3187.566,0
8.439994,3187.069,0
8.449994,3186.572,0
8.459994,3186.074,0
8.469994,3185.575,0
8.479994,3185.059,0
8.489994,3184.567,0
8.499994,3184.064,0
8.509994,3183.561,0
8.519994,3183.057,0
8.529994,3182.552,0
8.539994,3182.031,0
8.549994,3181.523,0
8.559994,3181.024,0
8.569994,3177.338,0
8.579994,3173.998,0
8.589993,3170.506,0
8.599994,3166.921,0
8.609994,3163.233,0
8.619994,3159.448,0
8.629993,3155.573,0
8.639994,3151.587,0
8.649994,3147.508,0
8.659994,3143.353,0
8.669993,3117.253,0
8.679994,3133.385,0
8.689994,3125.986,0
8.699994,3121.886,0
8.709993,3117.173,0
8.719994,3112.461,0
8.729994,3107.658,0
8.739994,3102.752,0
8.749993,3097.74,0
8.759994,3092.655,0
8.769994,3087.469,0
8.779994,3082.196,0
8.789994,3076.818,0
8.799994,3071.389,0
8.809994,3065.823,0
8.819994,3060.19,0
8.829994,3054.471,0
8.839993,3048.652,0
8.849994,3042.751,0
8.859994,3036.748,0
8.869994,3030.696,0
8.879993,3024.511,0
8.889994,3018.262,0
8.899994,3011.93,0
8.909994,3005.501,0
8.919993,2998.992,0
8.929994,2992.386,0
8.939994,2985.715,0
8.949994,2978.95,0
8.959993,2972.088,0
8.969994,2965.164,0
8.979994,2958.146,0
8.989994,2951.033,0
8.999993,2943.843,0
9.009994,2936.592,0
9.019994,2929.231,0
9.029994,2921.795,0
9.039993,2914.298,0
9.049994,2906.694,0
9.059994,2899.034,0
9.069994,2891.262,0
9.079993,2883.451,0
9.089993,2875.516,0
9.099994,2867.524,0
9.109994,2859.458,0
9.119993,2851.305,0
9.129993,2843.081,0
9.139994,2834.766,0
9.149994,2826.378,0
9.159993,2817.922,0
9.169993,2809.379,0
9.179994,2800.762,0
9.189994,2792.08,0
9.199993,2783.291,0
9.209993,2774.452,0
9.219994,2765.543,0
9.229994,2756.55,0
9.239993,2747.472,0
9.249993,2738.342,0
9.259994,2729.112,0
9.269994,2719.815,0
9.279993,2710.452,0
9.289993,2701.021,0
9.299994,2691.51,0
9.309994,2681.933,0
9.319993,2672.29,0
9.329993,2662.549,0
9.339993,2652.744,0
9.349994,2642.875,0
9.359993,2632.941,0
9.369993,2622.929,0
9.379993,2612.854,0
9.389994,2602.714,0
9.399993,2592.48,0
9.409993,2582.184,0
9.419993,2571.827,0
9.429994,2561.406,0
9.439993,2550.91,0
9.449993,2540.335,0
9.459993,2529.717,0
9.469994,2519.024,0
9.479993,2508.235,0
9.489993,2497.406,0
9.499993,2486.516,0
9.509994,2475.553,0
9.519993,2464.515,0
9.529993,2453.416,0
9.539993,2442.263,0
9.549994,2431.016,0
9.559993,2419.732,0
9.569993,2408.371,0
9.579993,2396.957,0
9.589993,2385.451,0
9.599993,2373.924,0
9.609993,2362.291,0
9.619993,2350.621,0
9.629993,2338.879,0
9.639993,2327.081,0
9.649993,2315.214,0
9.659993,2303.275,0
9.669993,2291.299,0
9.679993,2279.238,0
9.689993,2267.123,0
9.699993,2254.957,0
9.709993,2242.718,0
9.719993,2230.431,0
9.729993,2218.057,0
9.739993,2205.665,0
9.749993,2193.172,0
9.759994,2180.646,0
9.769993,2168.034,0
9.779993,2155.407,0
9.789993,2142.678,0
9.799994,2129.901,0
9.809993,2117.09,0
9.819993,2104.198,0
9.829993,2091.258,0
9.839993,2078.251,0
9.849993,2065.195,0
9.859993,2039.095,0
9.869993,2012.995,0
9.879993,1986.895,0
9.889993,1960.795,0
9.899993,1938.959,0
9.909993,1928.106,0
9.919993,1915.75,0
9.929993,1903.639,0
9.939993,1891.57,0
9.949993,1879.565,0
9.959993,1867.622,0
9.969993,1855.724,0
9.979993,1843.87,0
9.989993,1832.076,0
9.999993,1820.345,0
10.00999,1808.657,0
10.01999,1797.03,0
10.02999,1785.464,0
10.03999,1773.94,0
10.04999,1762.458,0
10.05999,1751.055,0
10.06999,1739.676,0
10.07999,1726.536,0
10.08999,1712.829,0
10.09999,1699.179,0
10.10999,1685.494,0
10.11999,1671.759,0
10.12999,1657.973,0
10.13999,1644.187,0
10.14999,1630.35,0
10.15999,1616.463,0
10.16999,1602.56,0
10.17999,1588.603,0
10.18999,1574.628,0
10.19999,1560.622,0
10.20999,1546.563,0
10.21999,1532.47,0
10.22999,1518.362,0
10.23999,1504.199,0
10.24999,1490.004,0
10.25999,1475.789,0
10.26999,1461.508,0
10.27999,1447.21,0
10.28999,1432.876,0
10.29999,1418.507,0
10.30999,1404.086,0
10.31999,1389.648,0
10.32999,1375.174,0
10.33999,1360.65,0
10.34999,1346.092,0
10.35999,1331.513,0
10.36999,1316.884,0
10.37999,1302.237,0
10.38999,1287.52,0
10.39999,1272.804,0
10.40999,1258.018,0
10.41999,1243.214,0
10.42999,1228.373,0
10.43999,1213.497,0
10.44999,1198.569,0
10.45999,1183.622,0
10.46999,1168.643,0
10.47999,1153.609,0
10.48999,1138.556,0
10.49999,1123.452,0
10.50999,1108.311,0
10.51999,1093.137,0
10.52999,1077.925,0
10.53999,1062.677,0
10.54999,1047.376,0
10.55999,1032.057,0
10.56999,1016.701,0
10.57999,1001.311,0
10.58999,985.8658,0
10.59999,970.4047,0
10.60999,954.9039,0
10.61999,939.3348,0
10.62999,923.7621,0
10.63999,908.1558,0
10.64999,892.4784,0
10.65999,876.7816,0
10.66999,861.0471,0
10.67999,845.2756,0
10.68999,829.4694,0
10.69999,813.6103,0
10.70999,797.7474,0
10.71999,781.8135,0
10.72999,765.8447,0
10.73999,749.8376,0
10.74999,738.3582,0
10.75999,725.916,0
10.76999,713.7582,0
10.77999,701.6741,0
10.78999,689.6811,0
10.79999,677.7627,0
10.80999,665.952,0
10.81999,654.2151,0
10.82999,642.5816,0
10.83999,631.0392,0
10.84999,619.5686,0
10.85999,608.1839,0
10.86999,596.8848,0
10.87999,585.6889,0
10.88999,574.5625,0
10.89999,563.5196,0
10.90999,552.5627,0
10.91999,541.6882,0
10.92999,530.914,0
10.93999,520.2028,0
10.94999,509.5754,0
10.95999,499.0461,0
10.96999,488.5627,0
10.97999,478.1758,0
10.98999,467.8856,0
10.99999,457.6736,0
11.00999,447.5232,0
11.01999,437.449,0
11.02999,427.4533,0
11.03999,417.5481,0
11.04999,407.7208,0
11.05999,397.9676,0
11.06999,388.2726,0
11.07999,378.6687,0
11.08999,369.1373,0
11.09999,359.6806,0
11.10999,350.3107,0
11.11999,340.9806,0
11.12999,331.7542,0
11.13999,322.582,0
11.14999,313.497,0
11.15999,304.4807,0
11.16999,295.517,0
11.17999,286.6729,0
11.18999,277.8628,0
11.19999,269.1031,0
11.20999,260.4456,0
11.21999,251.8351,0
11.22999,243.3077,0
11.23999,234.8475,0
11.24999,226.4511,0
11.25999,218.1177,0
11.26999,209.8654,0
11.27999,201.6788,0
11.28999,193.5352,0
11.29999,185.4895,0
11.30999,177.4897,0
11.31999,169.5652,0
11.32999,161.7039,0
11.33999,153.8864,0
11.34999,146.1611,0
11.35999,138.479,0
11.36999,130.8545,0
11.37999,123.3083,0
11.38999,115.8161,0
11.39999,108.3833,0
11.40999,101.0246,0
11.41999,93.72165,0
11.42999,86.47668,0
11.43999,79.28593,0
11.44999,72.16776,0
11.45999,65.10345,0
11.46999,58.0951,0
11.47999,51.13935,0
11.48999,44.25435,0
11.49999,37.42115,0
11.50999,30.65774,0
11.51999,23.94887,0
11.52999,17.29054,0
11.53999,10.66669,0
11.54999,4.125755,0
11.55999,-2.362705,0
11.56999,-8.802376,0
11.57999,-15.17511,0
11.58999,-21.49971,0
11.59999,-27.77372,0
11.60999,-34.00075,0
11.61999,-40.16288,0
11.62999,-46.25996,0
11.63999,-52.32631,0
11.64999,-58.37885,0
11.65999,-64.3197,0
11.66999,-70.21562,0
11.67999,-76.08257,0
11.68999,-81.88765,0
11.69999,-87.61534,0
11.70999,-93.33025,0
11.71999,-98.96915,0
11.72999,-104.5811,0
11.73999,-110.133,0
11.74999,-115.6093,0
11.75999,-121.6666,0
11.76999,-126.9416,0
11.77999,-132.3606,0
11.78999,-137.6854,0
11.79999,-143.0048,0
11.80999,-148.234,0
11.81999,-153.4242,0
11.82999,-158.5729,0
11.83999,-163.6845,0
11.84999,-168.756,0
11.85999,-173.7569,0
11.86999,-176.6808,0
11.87999,-181.8047,0
11.88999,-186.5059,0
11.89999,-191.2048,0
11.90999,-195.8815,0
11.91999,-200.5003,0
11.92999,-205.0513,0
11.93999,-209.5782,0
11.94999,-1206.852,0
11.95999,-187.9691,0
11.96999,-1205.208,0
11.97999,-187.9691,0
11.98999,-1203.582,0
11.99999,-187.9691,0
12.00999,-1201.96,0
12.01999,-187.9691,0
12.02999,-1200.342,0
12.03999,-187.9691,0
12.04999,-1198.726,0
12.05999,-187.9691,0
12.06999,-1197.114,0
12.07999,-187.9691,0
12.08999,-1195.505,0
12.09999,-187.9691,0
12.10999,-1193.9,0
12.11999,-187.9691,0
12.12999,-1192.298,0
12.13999,-187.9691,0
12.14999,-1190.699,0
12.15999,-187.9691,0
12.16999,-1189.104,0
12.17999,-187.9691,0
12.18999,-1187.512,0
12.19999,-187.9691,0
12.20999,-1185.922,0
12.21999,-187.9691,0
12.22999,-1184.337,0
12.23999,-187.9691,0
12.24999,-1182.754,0
12.25999,-187.9691,0
12.26999,-1181.175,0
12.27999,-187.9691,0
12.28999,-1179.599,0
12.29999,-187.9691,0
12.30999,-1178.026,0
12.31999,-187.9691,0
12.32999,-1176.457,0
12.33999,-187.9691,0
12.34999,-1174.89,0
12.35999,-187.9691,0
12.36999,-1173.327,0
12.37999,-187.9691,0
12.38999,-1171.767,0
12.39999,-187.9691,0
12.40999,-1170.21,0
12.41999,-187.9691,0
12.42999,-1168.656,0
12.43999,-187.9691,0
12.44999,-1167.106,0
12.45999,-187.9691,0
12.46999,-1165.558,0
12.47999,-187.9691,0
12.48999,-1164.014,0
12.49999,-187.9691,0
12.50999,-1162.473,0
12.51999,-187.9691,0
12.52999,-1160.935,0
12.53999,-187.9691,0
12.54999,-1159.4,0
12.55999,-187.9691,0
12.56999,-1157.868,0
12.57999,-187.9691,0
12.58999,-1156.339,0
12.59999,-187.9691,0
12.60999,-1154.813,0
12.61999,-187.9691,0
12.62999,-1153.291,0
12.63999,-188.0321,0
12.64999,-1151.771,0
12.65999,-191.4636,0
12.66999,-1150.253,0
12.67999,-194.9032,0
12.68999,-1148.734,0
12.69999,-198.2817,0
12.70999,-1147.214,0
12.71999,-201.649,0
12.72999,-1145.694,0
12.73999,-204.9901,0
12.74999,-1144.173,0
12.75999,-208.3081,0
12.76999,-1142.651,0
12.77999,-1142.109,0
12.78999,-1141.3,0
12.79999,-1140.32,0
12.80999,-207.9285,0
12.81999,-1137.281,0
12.82999,-1136.744,0
12.83999,-1135.941,0
12.84999,-1134.969,0
12.85999,-207.8028,0
12.86999,-1131.951,0
12.87999,-1131.419,0
12.88999,-1130.622,0
12.89999,-1129.658,0
12.90999,-207.6807,0
12.91999,-1126.663,0
12.92999,-1126.134,0
12.93999,-1125.344,0
12.94999,-1124.387,0
12.95999,-1123.324,0
12.96999,-181.4444,0
12.97999,-1120.176,0
12.98999,-181.4444,0
12.99999,-1118.73,0
13.00999,-181.4444,0
13.01999,-1117.286,0
13.02999,-181.4444,0
13.03999,-1115.845,0
13.04999,-181.4444,0
13.05999,-1114.407,0
13.06999,-181.4444,0
13.07999,-1112.972,0
13.08999,-181.4444,0
13.09999,-1111.54,0
13.10999,-181.4444,0
13.11999,-1110.111,0
13.12999,-181.4444,0
13.13999,-1108.684,0
13.14999,-181.4444,0
13.15999,-1107.26,0
13.16999,-181.4444,0
13.17999,-200.3607,0
13.18999,-197.4846,0
13.19999,-196.6566,0
13.20999,-195.6567,0
13.21999,-194.6415,0
13.22999,-197.7973,0
13.23999,-200.491,0
13.24999,-202.9195,0
13.25999,-201.6253,0
13.26999,-201.3764,0
13.27999,-200.8876,0
13.28999,-200.4147,0
13.29999,-197.2275,0
13.30999,-194.2864,0
13.31999,-191.2114,0
13.32999,-188.0541,0
13.33999,-186.744,0
13.34999,-185.6046,0
13.35999,-184.3396,0
13.36999,-183.0785,0
13.37999,-181.788,0
13.38999,-180.4685,0
13.39999,-179.1386,0
13.40999,-178.7929,0
13.41999,-177.1864,0
13.42999,-175.9176,0
13.43999,-174.538,0
13.44999,-173.1689,0
13.45999,-171.7705,0
13.46999,-170.3466,0
13.47999,-168.912,0
13.48999,-167.4552,0
13.49999,-165.9698,0
13.50999,-164.4782,0
13.51999,-163.9586,0
13.52999,-162.2341,0
13.53999,-160.781,0
13.54999,-159.2568,0
13.55999,-161.7424,0
13.56999,-163.7716,0
13.57999,-164.7943,0
13.58999,-163.2198,0
13.59999,-162.4046,0
13.60999,-161.3912,0
13.61999,-160.4175,0
13.62999,-156.5681,0
13.63999,-153.0044,0
13.64999,-149.2914,0
13.65999,-146.976,0
13.66999,-145.6371,0
13.67999,-143.9835,0
13.68999,-142.3612,0
13.69999,-140.7191,0
13.70999,-139.0727,0
13.71999,-137.4262,0
13.72999,-135.727,0
13.73999,-135.0359,0
13.74999,-133.115,0
13.75999,-131.5045,0
13.76999,-129.8262,0
13.77999,-128.1342,0
13.78999,-126.4218,0
13.79999,-124.7261,0
13.80999,-122.9989,0
13.81999,-121.271,0
13.82999,-119.5116,0
13.83999,-117.7514,0
13.84999,-117.828,0
13.85999,-115.6289,0
13.86999,-114.0608,0
13.87999,-112.3288,0
13.88999,-114.4126,0
13.89999,-116.0969,0
13.90999,-115.5562,0
13.91999,-114.0833,0
13.92999,-112.9317,0
13.93999,-111.7103,0
13.94999,-110.4822,0
13.95999,-106.2318,0
13.96999,-102.3172,0
13.97999,-98.24094,0
13.98999,-96.9994,0
13.99999,-95.13534,0
14.00999,-93.37914,0
14.01999,-91.57713,0
14.02999,-89.77766,0
14.03999,-87.98529,0
14.04999,-86.17821,0
14.05999,-84.36253,0
14.06999,-82.50098,0
14.07999,-80.66094,0
14.08999,-78.8249,0
14.09999,-76.97787,0
14.10999,-75.10148,0
14.11999,-73.25073,0
14.12999,-71.36774,0
14.13999,-69.49546,0
14.14999,-67.61012,0
14.15999,-65.71472,0
14.16999,-63.79293,0
14.17999,-61.86042,0
14.18999,-59.95095,0
14.19999,-58.01326,0
14.20999,-56.09924,0
14.21999,-57.87953,0
14.22999,-59.27644,0
14.23999,-58.73304,0
14.24999,-56.98088,0
14.25999,-55.63491,0
14.26999,-54.18935,0
14.27999,-52.77703,0
14.28999,-48.24764,0
14.29999,-44.07374,0
14.30999,-39.73888,0
14.31999,-38.47361,0
14.32999,-36.35663,0
14.33999,-34.43311,0
14.34999,-32.43396,0
14.35999,-30.45913,0
14.36999,-28.47602,0
14.37999,-26.48436,0
14.38999,-24.48444,0
14.39999,-22.46041,0
14.40999,-20.46172,0
14.41999,-18.45211,0
14.42999,-16.43491,0
14.43999,-14.40928,0
14.44999,-12.37601,0
14.45999,-10.35378,0
14.46999,-8.305981,0
14.47999,-6.249794,0
14.48999,-4.220203,0
14.49999,-2.14962,0
14.50999,-0.07450104,0
14.51999,1.995682,0
14.52999,4.05468,0
14.53999,6.119938,0
14.54999,4.520119,0
14.55999,3.318092,0
14.56999,3.818916,0
14.57999,5.742538,0
14.58999,7.208878,0
14.59999,8.771736,0
14.60999,10.33254,0
14.61999,15.00255,0
14.62999,19.3463,0
14.63999,23.76289,0
14.64999,25.10259,0
14.65999,27.33588,0
14.66999,29.37377,0
14.67999,31.46905,0
14.68999,33.55252,0
14.69999,35.64184,0
14.70999,37.74017,0
14.71999,39.84159,0
14.72999,41.96445,0
14.73999,44.04708,0
14.74999,46.16544,0
14.75999,48.27412,0
14.76999,50.37242,0
14.77999,52.49086,0
14.78999,54.61453,0
14.79999,56.72837,0
14.80999,58.86237,0
14.81999,60.98598,0
14.82999,63.11472,0
14.83999,65.27891,0
14.84999,67.39913,0
14.85999,69.5424,0
14.86999,71.68994,0
14.87999,70.19806,0
14.88999,69.10373,0
14.89999,69.52797,0
14.90999,71.53799,0
14.91999,73.05574,0
14.92999,74.68599,0
14.93999,76.27804,0
14.94999,81.07251,0
14.95999,85.52629,0
14.96999,89.89072,0
14.97999,91.32111,0
14.98999,93.57684,0
14.99999,95.6832,0
15.00999,97.8116,0
15.01999,99.94424,0
15.02999,102.065,0
15.03999,104.2049,0
15.04999,106.3334,0
15.05999,108.4967,0
15.06999,110.6149,0
15.07999,112.7697,0
15.08999,114.9131,0
15.09999,117.0601,0
15.10999,119.1914,0
15.11999,121.3287,0
15.12999,123.4845,0
15.13999,125.6438,0
15.14999,127.7724,0
15.15999,129.937,0
15.16999,132.1055,0
15.17999,134.2777,0
15.18999,136.4186,0
15.19999,138.5805,0
15.20999,137.1294,0
15.21999,136.0933,0
15.22999,136.3864,0
15.23999,138.4532,0
15.24999,139.9905,0
15.25999,141.6048,0
15.26999,143.197,0
15.27999,148.0368,0
15.28999,152.5355,0
15.29999,156.8176,0
15.30999,158.2752,0
15.31999,160.539,0
15.32999,162.637,0
15.33999,164.7552,0
15.34999,166.8757,0
15.35999,169.0135,0
15.36999,171.1392,0
15.37999,173.2511,0
15.38999,176.4236,0
15.39999,178.3044,0
15.40999,180.5685,0
15.41999,182.7362,0
15.42999,184.9398,0
15.43999,187.1127,0
15.44999,189.3065,0
15.45999,191.5,0
15.46999,193.6803,0
15.47999,195.8814,0
15.48999,198.0673,0
15.49999,201.3018,0
15.50999,203.2763,0
15.51999,205.585,0
15.52999,207.8116,0
15.53999,206.4463,0
15.54999,205.4933,0
15.55999,204.922,0
15.56999,207.2882,0
15.57999,208.7803,0
15.58999,210.4822,0
15.59999,212.1296,0
15.60999,217.0086,0
15.61999,221.5245,0
15.62999,226.2204,0
15.63999,229.4463,0
15.64999,231.3835,0
15.65999,233.7499,0
15.66999,236.0176,0
15.67999,238.2917,0
15.68999,240.5667,0
15.69999,242.8476,0
15.70999,245.148,0
15.71999,248.461,0
15.72999,250.5368,0
15.73999,252.9288,0
15.74999,255.2745,0
15.75999,257.6241,0
15.76999,259.9777,0
15.77999,262.3197,0
15.78999,264.6806,0
15.79999,267.0303,0
15.80999,269.3834,0
15.81999,271.7552,0
15.82999,275.1588,0
15.83999,277.2916,0
15.84999,279.7746,0
15.85999,282.1927,0
15.86999,280.9584,0
15.87999,280.117,0
15.88999,279.0988,0
15.89999,280.9782,0
15.90999,282.7677,0
15.91999,284.5078,0
15.92999,286.256,0
15.93999,291.2357,0
15.94999,295.8397,0
15.95999,300.6205,0
15.96999,305.472,0
15.97999,307.2411,0
15.98999,309.8214,0
15.99999,312.2717,0
16.00999,314.7265,0
16.01999,313.4952,0
16.02999,312.6778,0
16.03999,315.1532,0
16.04999,320.1923,0
16.05999,324.9751,0
16.06999,329.919,0
16.07999,331.71,0
16.08999,334.4123,0
16.09999,336.9312,0
16.10999,339.476,0
16.11999,342.0233,0
16.12999,344.5788,0
16.13999,347.1211,0
16.14999,349.6865,0
16.15999,355.0573,0
16.16999,357.0067,0
16.17999,359.8875,0
16.18999,362.574,0
16.19999,365.3195,0
16.20999,368.0536,0
16.21999,370.7951,0
16.22999,373.5277,0
16.23999,376.2831,0
16.24999,379.0296,0
16.25999,381.7642,0
16.26999,384.5106,0
16.27999,387.257,0
16.28999,390.028,0
16.29999,392.79,0
16.30999,395.5581,0
16.31999,398.3321,0
16.32999,401.0929,0
16.33999,403.8776,0
16.34999,406.6682,0
16.35999,409.4307,0
16.36999,412.2319,0
16.37999,414.9924,0
16.38999,417.8032,0
16.39999,420.5863,0
16.40999,423.377,0
16.41999,422.4477,0
16.42999,421.9337,0
16.43999,423.5245,0
16.44999,426.0566,0
16.45999,428.2931,0
16.46999,430.5757,0
16.47999,432.8203,0
16.48999,438.1928,0
16.49999,443.2208,0
16.50999,448.1754,0
16.51999,450.2681,0
16.52999,453.1866,0
16.53999,455.9407,0
16.54999,458.7142,0
16.55999,461.4948,0
16.56999,464.2794,0
16.57999,467.065,0
16.58999,469.8415,0
16.59999,472.6064,0
16.60999,475.4054,0
16.61999,478.1896,0
16.62999,480.9797,0
16.63999,483.7552,0
16.64999,486.5675,0
16.65999,489.3342,0
16.66999,492.1371,0
16.67999,494.9434,0
16.68999,497.7344,0
16.69999,500.5314,0
16.70999,503.2968,0
16.71999,506.0978,0
16.72999,508.883,0
16.73999,511.6894,0
16.74999,510.8236,0
16.75999,510.3672,0
16.76999,511.8128,0
16.77999,514.3876,0
16.78999,516.5944,0
16.79999,518.8635,0
16.80999,521.1259,0
16.81999,526.5432,0
16.82999,531.5971,0
16.83999,536.3931,0
16.84999,538.4939,0
16.85999,541.4002,0
16.86999,544.1256,0
16.87999,546.8854,0
16.88999,549.648,0
16.89999,552.3966,0
16.90999,555.1442,0
16.91999,557.8958,0
16.92999,560.6182,0
16.93999,563.3876,0
16.94999,566.1431,0
16.95999,568.8849,0
16.96999,571.6434,0
16.97999,574.4028,0
16.98999,577.1487,0
16.99999,579.911,0
17.00999,582.6406,0
17.01999,585.389,0
17.02999,588.1383,0
17.03999,590.8573,0
17.04999,593.6071,0
17.05999,596.3583,0
17.06999,599.0948,0
17.07999,598.2183,0
17.08999,597.7518,0
17.09999,599.0507,0
17.10999,601.6128,0
17.11999,603.7411,0
17.12999,605.9635,0
17.13999,608.1593,0
17.14999,613.5547,0
17.15999,618.5906,0
17.16999,623.2253,0
17.17999,625.2863,0
17.18999,628.1211,0
17.19999,630.7695,0
17.20999,633.4703,0
17.21999,636.153,0
17.22999,638.8202,0
17.23999,641.5212,0
17.24999,644.1891,0
17.25999,646.8443,0
17.26999,649.5295,0
17.27999,652.1965,0
17.28999,654.8813,0
17.29999,657.5327,0
17.30999,660.2168,0
17.31999,662.8826,0
17.32999,665.5516,0
17.33999,668.2167,0
17.34999,670.8846,0
17.35999,673.5336,0
17.36999,676.1534,0
17.37999,678.8179,0
17.38999,681.4816,0
17.39999,684.1268,0
17.40999,683.2081,0
17.41999,682.6808,0
17.42999,683.8127,0
17.43999,686.2814,0
17.44999,688.3154,0
17.45999,690.4394,0
17.46999,692.5387,0
17.47999,697.8826,0
17.48999,702.8494,0
17.49999,707.215,0
17.50999,709.2196,0
17.51999,711.931,0
17.52999,714.507,0
17.53999,717.0822,0
17.54999,719.6409,0
17.55999,722.2324,0
17.56999,724.8044,0
17.57999,727.36,0
17.58999,729.9017,0
17.59999,732.4532,0
17.60999,735.0375,0
17.61999,737.5867,0
17.62999,711.4868,0
17.63999,737.5868,0
17.64999,743.9097,0
17.65999,746.3727,0
17.66999,748.8916,0
17.67999,751.4694,0
17.68999,754.0117,0
17.69999,756.5049,0
17.70999,759.0758,0
17.71999,761.6293,0
17.72999,764.1627,0
17.73999,763.178,0
17.74999,762.5697,0
17.75999,763.5246,0
17.76999,765.909,0
17.77999,767.8271,0
17.78999,769.8342,0
17.79999,771.8308,0
17.80999,777.0877,0
17.81999,781.9974,0
17.82999,786.1025,0
17.83999,788.0349,0
17.84999,790.6197,0
17.85999,793.0521,0
17.86999,795.5192,0
17.87999,797.9807,0
17.88999,800.4255,0
17.89999,802.8869,0
17.90999,805.3281,0
17.91999,807.7206,0
17.92999,810.1731,0
17.93999,812.5901,0
17.94999,815.0386,0
17.95999,817.4672,0
17.96999,819.8969,0
17.97999,822.3203,0
17.98999,824.7444,0
17.99999,827.148,0
18.00999,829.5831,0
18.01999,831.9822,0
18.02999,834.3349,0
18.03999,836.761,0
18.04999,839.1543,0
18.05999,841.5419,0
18.06999,840.4402,0
18.07999,839.732,0
18.08999,840.4795,0
18.09999,842.7333,0
18.10999,844.5192,0
18.11999,846.3623,0
18.12999,848.2091,0
18.13999,853.3802,0
18.14999,858.139,0
18.15999,861.9706,0
18.16999,863.7831,0
18.17999,866.1985,0
18.18999,868.4933,0
18.19999,870.8194,0
18.20999,873.1101,0
18.21999,875.4164,0
18.22999,877.7015,0
18.23999,880.0024,0
18.24999,882.2199,0
18.25999,884.5134,0
18.26999,886.8047,0
18.27999,889.0602,0
18.28999,891.3464,0
18.29999,893.6147,0
18.30999,895.8955,0
18.31999,898.1401,0
18.32999,900.3992,0
18.33999,902.6713,0
18.34999,904.91,0
18.35999,907.1136,0
18.36999,909.3594,0
18.37999,911.6022,0
18.38999,913.8259,0
18.39999,912.6057,0
18.40999,911.7477,0
18.41999,912.3137,0
18.42999,914.4359,0
18.43999,916.022,0
18.44999,917.7501,0
18.45999,919.4154,0
18.46999,924.4312,0
18.47999,929.0869,0
18.48999,932.6271,0
18.49999,934.3026,0
18.50999,936.5658,0
18.51999,938.7058,0
18.52999,940.8275,0
18.53999,942.9637,0
18.54999,945.0973,0
18.55999,947.2288,0
18.56999,949.3727,0
18.57999,951.421,0
18.58999,953.5562,0
18.59999,955.6576,0
18.60999,957.7721,0
18.61999,959.8833,0
18.62999,961.9761,0
18.63999,964.0805,0
18.64999,966.1848,0
18.65999,968.2842,0
18.66999,970.3647,0
18.67999,972.4414,0
18.68999,974.4527,0
18.69999,976.5547,0
18.70999,978.6198,0
18.71999,980.6996,0
18.72999,628.4452,0
18.73999,1005.417,0
18.74999,979.3173,0
18.75999,982.5393,0
18.76999,983.7921,0
18.77999,985.3515,0
18.78999,986.8633,0
18.79999,991.724,0
18.80999,996.2092,0
18.81999,999.501,0
18.82999,1001.055,0
18.83999,1003.111,0
18.84999,1005.066,0
18.85999,1007.032,0
18.86999,1008.994,0
18.87999,1010.958,0
18.88999,1012.916,0
18.89999,1014.855,0
18.90999,1016.747,0
18.91999,1018.692,0
18.92999,1020.638,0
18.93999,1022.562,0
18.94999,1024.517,0
18.95999,1026.436,0
18.96999,1028.354,0
18.97999,1030.266,0
18.98999,1032.208,0
18.99999,1034.098,0
19.00999,1036.018,0
19.01999,1037.858,0
19.02999,1039.769,0
19.03999,1041.658,0
19.04999,1043.547,0
19.05999,1042.023,0
19.06999,1040.86,0
19.07999,1041.094,0
19.08999,1042.849,0
19.09999,1044.119,0
19.10999,1045.476,0
19.11999,1046.841,0
19.12999,1051.554,0
19.13999,1055.906,0
19.14999,1058.88,0
19.15999,1060.282,0
19.16999,1062.188,0
19.17999,1063.956,0
19.18999,1065.756,0
19.19999,1067.553,0
19.20999,1069.33,0
19.21999,1071.136,0
19.22999,1072.89,0
19.23999,1074.597,0
19.24999,1076.41,0
19.25999,1078.152,0
19.26999,1079.925,0
19.27999,1081.694,0
19.28999,1083.446,0
19.29999,1085.191,0
19.30999,1086.935,0
19.31999,1088.691,0
19.32999,1090.429,0
19.33999,1092.163,0
19.34999,1093.816,0
19.35999,1095.574,0
19.36999,1097.296,0
19.37999,1099.014,0
19.38999,1097.334,0
19.39999,1096.049,0
19.40999,1096.08,0
19.41999,1097.684,0
19.42999,1098.785,0
19.43999,1099.991,0
19.44999,1101.171,0
19.45999,1105.747,0
19.46999,1109.946,0
19.47999,1112.647,0
19.48999,1113.912,0
19.49999,1115.632,0
19.50999,1117.232,0
19.51999,1118.861,0
19.52999,1120.487,0
19.53999,1122.111,0
19.54999,1123.731,0
19.55999,1125.333,0
19.56999,1126.869,0
19.57999,1128.496,0
19.58999,1130.067,0
19.59999,1131.672,0
19.60999,1133.27,0
19.61999,1134.85,0
19.62999,1136.426,0
19.63999,1138.018,0
19.64999,1139.604,0
19.65999,1141.155,0
19.66999,1142.752,0
19.67999,1144.219,0
19.68999,1145.791,0
19.69999,1147.359,0
19.70999,1148.906,0
19.71999,1147.071,0
19.72999,1145.617,0
19.73999,1145.542,0
19.74999,1146.945,0
19.75999,1147.896,0
19.76999,1148.953,0
19.77999,1149.946,0
19.78999,1154.388,0
19.79999,1158.42,0
19.80999,1160.828,0
19.81999,1161.99,0
19.82999,1163.506,0
19.83999,1164.952,0
19.84999,1166.43,0
19.85999,1167.886,0
19.86999,1169.324,0
19.87999,1170.775,0
19.88999,1172.224,0
19.89999,1173.56,0
19.90999,1175.03,0
19.91999,1176.468,0
19.92999,1177.886,0
19.93999,1179.317,0
19.94999,1180.728,0
19.95999,1182.153,0
19.96999,1183.556,0
19.97999,1184.975,0
19.98999,1186.391,0
19.99999,1187.785,0
20.00998,1189.101,0
20.01999,1190.522,0
20.02999,1191.888,0
20.03999,1193.284,0
20.04999,1191.314,0
20.05999,1189.723,0
20.06999,1189.498,0
20.07999,1190.749,0
20.08998,1191.534,0
20.09999,1192.41,0
20.10999,1193.256,0
20.11999,1197.547,0
20.12999,1201.464,0
20.13999,1203.565,0
20.14999,1204.577,0
20.15999,1205.943,0
20.16998,1207.238,0
20.17999,1208.533,0
20.18999,1209.822,0
20.19999,1211.111,0
20.20999,1212.413,0
20.21999,1213.678,0
20.22999,1214.85,0
20.23999,1216.172,0
20.24998,1217.426,0
20.25998,1218.695,0
20.26999,1219.96,0
20.27999,1221.223,0
20.28999,1222.463,0
20.29999,1223.719,0
20.30999,1224.956,0
20.31999,1226.205,0
20.32998,1227.452,0
20.33998,1228.587,0
20.34999,1229.856,0
20.35999,1231.075,0
20.36999,1232.306,0
20.37999,1233.518,0
20.38999,1234.761,0
20.39999,1235.968,0
20.40998,1237.185,0
20.41998,1238.385,0
20.42999,1239.601,0
20.43999,1240.794,0
20.44999,1241.874,0
20.45999,1243.106,0
20.46999,1244.289,0
20.47999,1245.481,0
20.48999,1246.639,0
20.49998,1247.843,0
20.50998,1249.013,0
20.51999,1250.177,0
20.52999,1251.356,0
20.53999,1252.512,0
20.54999,1253.684,0
20.55999,1254.76,0
20.56999,1255.938,0
20.57998,1257.063,0
20.58998,1258.22,0
20.59999,1259.357,0
20.60999,1260.507,0
20.61999,1261.638,0
20.62999,1262.781,0
20.63999,1263.886,0
20.64999,1265.041,0
20.65998,1266.14,0
20.66998,1267.129,0
20.67999,1268.302,0
20.68999,1269.371,0
20.69999,1270.505,0
20.70999,1271.582,0
20.71999,1272.693,0
20.72999,1273.783,0
20.73998,1274.854,0
20.74998,1275.951,0
20.75998,1277.032,0
20.76999,1278.123,0
20.77999,1279.041,0
20.78999,1280.155,0
20.79999,1281.201,0
20.80999,1282.273,0
20.81998,1283.33,0
20.82998,1284.363,0
20.83998,1285.443,0
20.84999,1286.472,0
20.85999,1287.514,0
20.86999,1288.553,0
20.87999,1289.569,0
20.88999,1290.476,0
20.89998,1291.549,0
20.90998,1292.551,0
20.91998,1293.567,0
20.92999,1294.58,0
20.93999,1295.589,0
20.94999,1296.595,0
20.95999,1297.597,0
20.96999,1298.596,0
20.97998,1299.591,0
20.98998,1300.582,0
20.99998,1301.414,0
21.00998,1302.442,0
21.01999,1303.387,0
21.02999,1304.358,0
21.03999,1305.325,0
21.04999,1306.308,0
21.05998,1307.27,0
21.06998,1308.195,0
21.07998,1309.167,0
21.08998,1310.117,0
21.09999,1311.064,0
21.10999,1311.87,0
21.11999,1312.821,0
21.12999,1313.752,0
21.13998,1314.666,0
21.14998,1315.608,0
21.15998,1316.496,0
21.16998,1317.429,0
21.17999,1318.31,0
21.18999,1319.236,0
21.19999,1320.159,0
21.20999,1321.029,0
21.21998,1321.787,0
21.22998,1322.712,0
21.23998,1323.585,0
21.24998,1324.483,0
21.25998,1325.349,0
21.26999,1326.21,0
21.27999,1327.097,0
21.28999,1327.951,0
21.29998,1328.831,0
21.30998,1329.677,0
21.31998,1330.52,0
21.32998,1331.233,0
21.33998,1332.111,0
21.34999,1332.938,0
21.35999,1333.779,0
21.36999,1334.597,0
21.37998,1335.412,0
21.38998,1336.272,0
21.39998,1337.08,0
21.40998,1337.883,0
21.41998,1338.701,0
21.42999,1339.497,0
21.43999,1340.182,0
21.44999,1341.003,0
21.45999,1341.783,0
21.46998,1342.577,0
21.47998,1343.349,0
21.48998,1344.136,0
21.49998,1344.919,0
21.50998,1345.679,0
21.51999,1346.454,0
21.52999,1347.226,0
21.53999,1347.995,0
21.54998,1348.603,0
21.55998,1349.407,0
21.56998,1350.11,0
21.57998,1350.877,0
21.58998,1351.621,0
21.59999,1352.362,0
21.60999,1353.068,0
21.61999,1353.801,0
21.62998,1354.529,0
21.63998,1355.254,0
21.64998,1355.975,0
21.65998,1356.556,0
21.66998,1357.284,0
21.67999,1357.99,0
21.68999,1358.661,0
21.69999,1359.377,0
21.70998,1360.039,0
21.71998,1360.746,0
21.72998,1361.433,0
21.73998,1362.104,0
21.74998,1362.783,0
21.75998,1363.445,0
21.76999,1364.01,0
21.77999,1364.66,0
21.78998,1365.337,0
21.79998,1365.962,0
21.80998,1363.392,0
21.81998,1361.577,0
21.82998,1362.541,0
21.83998,1362.688,0
21.84999,1363.013,0
21.85999,1363.261,0
21.86998,1363.518,0
21.87998,1367.253,0
21.88998,1369.539,0
21.89998,1369.565,0
21.90998,1370.253,0
21.91998,1370.838,0
21.92999,1371.389,0
21.93999,1371.985,0
21.94998,1372.53,0
21.95998,1373.12,0
21.96998,1373.657,0
21.97998,1374.24,0
21.98998,1374.646,0
21.99998,1375.236,0
22.00998,1375.756,0
22.01999,1376.29,0
22.02998,1376.833,0
22.03998,1377.361,0
22.04998,1377.886,0
22.05998,1378.438,0
22.06998,1378.937,0
22.07998,1379.452,0
22.08998,1379.992,0
22.09999,1380.376,0
22.10998,1380.893,0
22.11998,1381.401,0
22.12998,1381.895,0
22.13998,1379.144,0
22.14998,1377.273,0
22.15998,1378.092,0
22.16998,1378.065,0
22.17999,1378.215,0
22.18998,1378.367,0
22.19998,1378.481,0
22.20998,1382.043,0
22.21998,1384.124,0
22.22998,1384.003,0
22.23998,1384.567,0
22.24998,1384.978,0
22.25998,1385.403,0
22.26998,1385.807,0
22.27998,1386.257,0
22.28998,1386.655,0
22.29998,1387.068,0
22.30998,1387.478,0
22.31998,1387.792,0
22.32998,1388.224,0
22.33998,1388.624,0
22.34998,1389.002,0
22.35998,1389.395,0
22.36998,1389.784,0
22.37998,1390.202,0
22.38998,1390.587,0
22.39998,1390.969,0
22.40998,1391.33,0
22.41998,1391.724,0
22.42999,1391.954,0
22.43998,1392.356,0
22.44998,1392.7,0
22.45998,1393.077,0
22.46998,1390.208,0
22.47998,1388.286,0
22.48998,1388.928,0
22.49998,1388.802,0
22.50998,1388.805,0
22.51998,1388.798,0
22.52998,1388.784,0
22.53998,1392.287,0
22.54998,1394.081,0
22.55998,1393.868,0
22.56998,1394.303,0
22.57998,1394.567,0
22.58998,1394.865,0
22.59998,1395.161,0
22.60998,1395.453,0
22.61998,1395.745,0
22.62998,1396.033,0
22.63998,1396.282,0
22.64998,1396.44,0
22.65998,1396.752,0
22.66998,1397.026,0
22.67998,1397.261,0
22.68998,1397.529,0
22.69998,1397.795,0
22.70998,1398.058,0
22.71998,1398.319,0
22.72998,1398.578,0
22.73998,1398.833,0
22.74998,1399.088,0
22.75998,1399.183,0
22.76998,1399.495,0
22.77998,1399.7,0
22.78998,1399.946,0
22.79998,1396.945,0
22.80998,1394.978,0
22.81998,1395.483,0
22.82998,1395.26,0
22.83998,1395.166,0
22.84998,1395.027,0
22.85998,1394.849,0
22.86998,1398.217,0
22.87998,1399.859,0
22.88998,1399.542,0
22.89998,1399.811,0
22.90998,1399.978,0
22.91998,1400.179,0
22.92998,1400.343,0
22.93998,1400.504,0
22.94998,1400.661,0
22.95998,1400.855,0
22.96998,1401.01,0
22.97998,1401.006,0
22.98998,1401.187,0
22.99998,1401.367,0
23.00998,1401.509,0
23.01998,1401.648,0
23.02998,1401.791,0
23.03998,1401.925,0
23.04998,1402.095,0
23.05998,1402.226,0
23.06998,1402.392,0
23.07998,1402.489,0
23.08998,1402.488,0
23.09998,1402.641,0
23.10998,1402.795,0
23.11998,1402.878,0
23.12998,1399.787,0
23.13998,1397.789,0
23.14998,1398.143,0
23.15998,1397.802,0
23.16998,1397.617,0
23.17998,1397.364,0
23.18998,1397.133,0
23.19998,1400.383,0
23.20998,1401.812,0
23.21998,1401.41,0
23.22998,1401.597,0
23.23998,1401.644,0
23.24998,1401.694,0
23.25998,1401.774,0
23.26998,1401.815,0
23.27998,1401.89,0
23.28998,1401.964,0
23.29998,1402.007,0
23.30998,1401.917,0
23.31998,1402.018,0
23.32998,1402.013,0
23.33998,1402.073,0
23.34998,1402.132,0
23.35998,1402.16,0
23.36998,1402.215,0
23.37998,1402.269,0
23.38998,1402.255,0
23.39998,1402.305,0
23.40998,1402.354,0
23.41998,1402.245,0
23.42998,1402.284,0
23.43998,1402.291,0
23.44998,1402.327,0
23.45998,1399.123,0
23.46998,1397.112,0
23.47998,1397.356,0
23.48998,1396.907,0
23.49998,1396.619,0
23.50998,1396.288,0
23.51998,1395.95,0
23.52998,1399.13,0
23.53998,1400.36,0
23.54998,1399.885,0
23.55998,1399.962,0
23.56998,1399.906,0
23.57998,1399.879,0
23.58998,1399.851,0
23.59998,1399.791,0
23.60998,1399.759,0
23.61998,1399.726,0
23.62998,1399.698,0
23.63998,1399.537,0
23.64998,1399.496,0
23.65998,1399.421,0
23.66998,1399.414,0
23.67998,1399.339,0
23.68998,1399.292,0
23.69998,1399.212,0
23.70998,1399.199,0
23.71998,1399.117,0
23.72998,1399.064,0
23.73998,1398.979,0
23.74998,1398.804,0
23.75998,1398.741,0
23.76998,1398.714,0
23.77998,1398.62,0
23.78998,1372.52,0
23.79998,1398.619,0
23.80998,1393.325,0
23.81998,1391.324,0
23.82998,1391.502,0
23.83998,1390.992,0
23.84998,1390.609,0
23.85998,1393.67,0
23.86998,1394.761,0
23.87998,1394.27,0
23.88998,1394.196,0
23.89998,1394.124,0
23.90998,1393.982,0
23.91998,1393.907,0
23.92998,1393.764,0
23.93998,1393.686,0
23.94998,1393.541,0
23.95998,1393.424,0
23.96998,1393.187,0
23.97998,1393.1,0
23.98998,1392.944,0
23.99998,1392.824,0
24.00998,1392.696,0
24.01998,1392.573,0
24.02998,1392.443,0
24.03998,1392.318,0
24.04998,1392.154,0
24.05998,1392.057,0
24.06998,1391.891,0
24.07998,1391.635,0
24.08998,1391.529,0
24.09998,1391.355,0
24.10998,1391.246,0
24.11998,1387.899,0
24.12998,1385.865,0
24.13998,1385.905,0
24.14998,1385.319,0
24.15998,1384.858,0
24.16998,1384.391,0
24.17998,1383.918,0
24.18998,1386.926,0
24.19998,1387.836,0
24.20998,1387.252,0
24.21998,1387.162,0
24.22998,1386.931,0
24.23998,1386.766,0
24.24998,1386.569,0
24.25998,1386.366,0
24.26998,1386.167,0
24.27998,1385.998,0
24.28998,1385.799,0
24.29998,1385.474,0
24.30998,1385.299,0
24.31998,1385.091,0
24.32998,1384.878,0
24.33998,1384.669,0
24.34998,1384.459,0
24.35998,1384.28,0
24.36998,1384.069,0
24.37998,1383.821,0
24.38998,1383.605,0
24.39998,1383.421,0
24.40998,1383.111,0
24.41998,1382.922,0
24.42998,1382.701,0
24.43998,1382.48,0
24.44998,1379.049,0
24.45998,1377.061,0
24.46998,1377.024,0
24.47998,1376.358,0
24.48998,1375.818,0
24.49998,1375.312,0
24.50998,1374.762,0
24.51998,1377.663,0
24.52998,1378.431,0
24.53998,1377.835,0
24.54998,1377.666,0
24.55998,1377.357,0
24.56998,1377.114,0
24.57998,1376.84,0
24.58998,1376.601,0
24.59998,1376.32,0
24.60998,1376.081,0
24.61998,1375.836,0
24.62998,1375.435,0
24.63998,1375.154,0
24.64998,1374.901,0
24.65998,1374.617,0
24.66998,1374.332,0
24.67998,1374.115,0
24.68998,1373.793,0
24.69998,1373.543,0
24.70998,1373.256,0
24.71998,1373,0
24.72998,1372.712,0
24.73998,1372.299,0
24.74998,1372.072,0
24.75998,1371.778,0
24.76998,1371.483,0
24.77998,1367.979,0
24.78998,1365.98,0
24.79998,1365.871,0
24.80998,1365.173,0
24.81998,1364.565,0
24.82998,1363.987,0
24.83998,1363.367,0
24.84998,1366.266,0
24.85998,1366.874,0
24.86998,1366.244,0
24.87998,1365.968,0
24.88998,1365.626,0
24.89998,1365.319,0
24.90998,1365.007,0
24.91998,1364.663,0
24.92998,1364.318,0
24.93998,1364.04,0
24.94998,1363.695,0
24.95998,1363.225,0
24.96998,1362.942,0
24.97998,1362.591,0
24.98998,1362.276,0
24.99998,1361.923,0
25.00998,1361.602,0
25.01998,1361.287,0
25.02998,1360.934,0
25.03998,1360.58,0
25.04998,1360.262,0
25.05998,1359.937,0
25.06998,1359.459,0
25.07998,1359.135,0
25.08998,1358.842,0
25.09998,1358.482,0
25.10998,1358.121,0
25.11998,1357.796,0
25.12998,1357.434,0
25.13998,1357.071,0
25.14998,1356.743,0
25.15998,1356.41,0
25.16998,1356.083,0
25.17998,1355.595,0
25.18998,1355.262,0
25.19998,1354.892,0
25.20998,1354.557,0
25.21998,1354.186,0
25.22998,1353.88,0
25.23998,1353.479,0
25.24998,1353.136,0
25.25998,1352.8,0
25.26998,1352.426,0
25.27998,1352.09,0
25.28998,1351.592,0
25.29998,1351.248,0
25.30998,1350.867,0
25.31998,1350.522,0
25.32998,1350.141,0
25.33998,1349.796,0
25.34998,1349.412,0
25.35998,1349.066,0
25.36998,1348.682,0
25.37998,1348.334,0
25.38998,1347.949,0
25.39998,1347.476,0
25.40998,1347.116,0
25.41998,1346.731,0
25.42998,1346.37,0
25.43998,1345.982,0
25.44998,1345.589,0
25.45998,1345.232,0
25.46998,1344.837,0
25.47998,1344.478,0
25.48998,1344.12,0
25.49998,1343.725,0
25.50998,1343.241,0
25.51998,1342.839,0
25.52998,1342.474,0
25.53998,1342.109,0
25.54998,1341.707,0
25.55998,1341.34,0
25.56998,1340.904,0
25.57998,1340.536,0
25.58998,1340.13,0
25.59998,1339.76,0
25.60998,1339.352,0
25.61998,1338.857,0
25.62998,1338.481,0
25.63998,1338.105,0
25.64998,1337.693,0
25.65998,1337.283,0
25.66998,1336.869,0
25.67998,1336.49,0
25.68998,967.5752,0
25.69998,1362.211,0
25.70998,1336.111,0
25.71998,1336.849,0
25.72998,1336.153,0
25.73998,1335.823,0
25.74998,1335.359,0
25.75998,1334.96,0
25.76998,1334.562,0
25.77998,1334.096,0
25.78998,1333.696,0
25.79998,1333.296,0
25.80998,1332.858,0
25.81998,1332.425,0
25.82998,1332.024,0
25.83998,1331.498,0
25.84998,1331.09,0
25.85998,1330.645,0
25.86998,1330.206,0
25.87998,1329.795,0
25.88998,1329.386,0
25.89998,1328.909,0
25.90998,1328.497,0
25.91998,1328.085,0
25.92998,1327.636,0
25.93998,1327.191,0
25.94998,1326.653,0
25.95998,1326.235,0
25.96998,1325.816,0
25.97998,1325.328,0
25.98998,1324.906,0
25.99998,1324.485,0
26.00998,1324.031,0
26.01998,1323.61,0
26.02998,1323.151,0
26.03998,1322.696,0
26.04998,1322.271,0
26.05998,1321.722,0
26.06998,1321.292,0
26.07998,1320.862,0
26.08998,1320.365,0
26.09998,1319.934,0
26.10998,1319.471,0
26.11998,1319.038,0
26.12998,1318.605,0
26.13998,1318.103,0
26.14998,1317.668,0
26.15998,1317.2,0
26.16998,1316.64,0
26.17998,1316.2,0
26.18998,1315.759,0
26.19998,1315.286,0
26.20998,1314.844,0
26.21998,1314.37,0
26.22998,1313.89,0
26.23998,1313.444,0
26.24998,1312.967,0
26.25998,1312.522,0
26.26998,1312.046,0
26.27998,1311.475,0
26.28998,1311.024,0
26.29998,1310.541,0
26.30998,1310.088,0
26.31998,1309.635,0
26.32998,1309.151,0
26.33998,1308.659,0
26.34998,1308.172,0
26.35998,1307.717,0
26.36998,1307.229,0
26.37998,1306.773,0
26.38998,1306.16,0
26.39998,1305.728,0
26.40998,1305.234,0
26.41998,1304.74,0
26.42998,1304.275,0
26.43998,1303.78,0
26.44998,1303.313,0
26.45998,1302.816,0
26.46998,1302.348,0
26.47998,1301.849,0
26.48998,1301.382,0
26.49998,1300.79,0
26.50998,1300.287,0
26.51998,1299.814,0
26.52998,1299.31,0
26.53998,1298.835,0
26.54998,1298.329,0
26.55998,1297.853,0
26.56998,1297.346,0
26.57998,1296.869,0
26.58998,1296.361,0
26.59998,1295.882,0
26.60998,1295.248,0
26.61998,1294.763,0
26.62998,1294.278,0
26.63998,1293.762,0
26.64998,1293.245,0
26.65998,1292.758,0
26.66998,1292.239,0
26.67998,1291.75,0
26.68998,1291.231,0
26.69998,1290.741,0
26.70998,1290.22,0
26.71998,1289.643,0
26.72998,1289.151,0
26.73998,1288.626,0
26.74998,1288.101,0
26.75998,1287.606,0
26.76998,1287.08,0
26.77998,1286.552,0
26.78998,1286.054,0
26.79998,1285.525,0
26.80998,1285.026,0
26.81998,1284.495,0
26.82998,1283.939,0
26.83998,1283.437,0
26.84998,1282.904,0
26.85998,1282.4,0
26.86998,1281.865,0
26.87998,1281.361,0
26.88998,1280.825,0
26.89998,1280.288,0
26.90998,1279.781,0
26.91998,1279.243,0
26.92998,1278.772,0
26.93998,1278.073,0
26.94998,1277.596,0
26.95998,1277.083,0
26.96998,1276.539,0
26.97998,1275.994,0
26.98998,1275.514,0
26.99998,1274.968,0
27.00998,1274.42,0
27.01998,1273.902,0
27.02998,1273.354,0
27.03998,1272.834,0
27.04998,1272.16,0
27.05998,1271.703,0
27.06998,1271.15,0
27.07998,1270.596,0
27.08998,1270.04,0
27.09998,1269.552,0
27.10998,1268.997,0
27.11998,1268.44,0
27.12998,1267.914,0
27.13998,1267.357,0
27.14998,1266.829,0
27.15998,1266.147,0
27.16998,1265.651,0
27.17998,1265.119,0
27.18998,1264.557,0
27.19998,1264.03,0
27.20998,1263.465,0
27.21998,1262.929,0
27.22998,1262.362,0
27.23998,1261.826,0
27.24998,1261.296,0
27.25998,1260.729,0
27.26998,1260.068,0
27.27998,1259.563,0
27.28998,1258.991,0
27.29998,1258.419,0
27.30998,1257.877,0
27.31998,1257.303,0
27.32998,1256.767,0
27.33998,1256.223,0
27.34998,1255.646,0
27.35998,1255.07,0
27.36998,1254.561,0
27.37998,1253.891,0
27.38998,1253.31,0
27.39998,1252.796,0
27.40998,1252.215,0
27.41998,1251.634,0
27.42998,1251.12,0
27.43998,1250.539,0
27.44998,1249.955,0
27.45998,1249.37,0
27.46998,1248.853,0
27.47998,1248.268,0
27.48998,1247.59,0
27.49998,1247.068,0
27.50998,1246.48,0
27.51998,1245.891,0
27.52998,1245.336,0
27.53998,1244.775,0
27.54998,1244.184,0
27.55998,1243.592,0
27.56998,1243.067,0
27.57998,1242.475,0
27.58998,1241.881,0
27.59998,1241.23,0
27.60998,1240.662,0
27.61998,1240.1,0
27.62998,1239.502,0
27.63998,1238.934,0
27.64998,1238.373,0
27.65998,1237.775,0
27.66998,1237.175,0
27.67998,1236.64,0
27.68998,1236.039,0
27.69998,1235.437,0
27.70998,1234.778,0
27.71998,1234.203,0
27.72998,1233.635,0
27.73998,1233.028,0
27.74998,1232.452,0
27.75998,1231.882,0
27.76998,1231.274,0
27.77998,1230.665,0
27.78998,1230.124,0
27.79998,1229.514,0
27.80998,1228.904,0
27.81998,1228.237,0
27.82998,1227.691,0
27.83998,1227.078,0
27.84998,1226.465,0
27.85998,1225.918,0
27.86998,1225.304,0
27.87998,1224.688,0
27.88998,1224.108,0
27.89998,1223.522,0
27.90998,1222.904,0
27.91998,1222.322,0
27.92998,1221.611,0
27.93998,1221.057,0
27.94998,1220.436,0
27.95998,1219.85,0
27.96998,1219.227,0
27.97998,1218.672,0
27.98998,1218.05,0
27.99998,1217.428,0
28.00998,1216.84,0
28.01998,1216.247,0
28.02998,1215.661,0
28.03998,1214.942,0
28.04998,1214.348,0
28.05998,1213.748,0
28.06998,1213.155,0
28.07998,1212.526,0
28.08998,1211.932,0
28.09998,1211.332,0
28.10998,1210.701,0
28.11998,1210.106,0
28.12998,1209.475,0
28.13998,1208.909,0
28.14998,1208.153,0
28.15998,1207.584,0
28.16998,1206.948,0
28.17998,1206.378,0
28.18998,1205.741,0
28.19998,1205.141,0
28.20998,1204.505,0
28.21998,1203.934,0
28.22998,1203.296,0
28.23998,1202.696,0
28.24998,1202.058,0
28.25998,1201.362,0
28.26998,1200.75,0
28.27998,1200.145,0
28.28998,1199.503,0
28.29998,1198.895,0
28.30998,1198.282,0
28.31998,1197.676,0
28.32998,1197.032,0
28.33998,1196.423,0
28.34998,1195.81,0
28.35998,1195.203,0
28.36998,1194.464,0
28.37998,1193.882,0
28.38998,1193.272,0
28.39998,1192.624,0
28.40998,1192.012,0
28.41998,1191.362,0
28.42998,1190.781,0
28.43998,1190.13,0
28.44998,1189.517,0
28.45998,1188.867,0
28.46998,1188.282,0
28.47998,1187.538,0
28.48998,1186.92,0
28.49998,1186.303,0
28.50998,1185.678,0
28.51998,1185.06,0
28.52998,1184.405,0
28.53998,1183.785,0
28.54998,1183.159,0
28.55998,1182.54,0
28.56998,1181.883,0
28.57998,1181.262,0
28.58998,1180.511,0
28.59998,1179.915,0
28.60998,1179.291,0
28.61998,1178.629,0
28.62998,1178.034,0
28.63998,1177.371,0
28.64998,1176.746,0
28.65998,1176.082,0
28.66998,1175.454,0
28.67998,1174.859,0
28.68998,1174.195,0
28.69998,1173.474,0
28.70998,1172.874,0
28.71998,1172.208,0
28.72998,1171.579,0
28.73998,1170.913,0
28.74998,1170.281,0
28.75998,1169.645,0
28.76998,1169.014,0
28.77998,1168.346,0
28.78998,1167.713,0
28.79998,1167.111,0
28.80998,1166.349,0
28.81998,1165.713,0
28.82998,1165.107,0
28.83998,1164.434,0
28.84998,1163.798,0
28.85998,1163.124,0
28.86998,1162.488,0
28.87998,1161.882,0
28.88998,1161.209,0
28.89998,1160.573,0
28.90998,1159.898,0
28.91998,1159.198,0
28.92998,1158.558,0
28.93998,1157.88,0
28.94998,1157.269,0
28.95998,1156.627,0
28.96998,1155.949,0
28.97998,1155.307,0
28.98998,1154.666,0
28.99998,1154.019,0
29.00998,1153.377,0
29.01998,1152.699,0
29.02998,1151.963,0
29.03998,1151.348,0
29.04998,1150.665,0
29.05998,1150.017,0
29.06998,1149.402,0
29.07998,1148.721,0
29.08998,1148.076,0
29.09998,1147.431,0
29.10998,1146.778,0
29.11998,1146.133,0
29.12998,1145.448,0
29.13998,1144.707,0
29.14998,1144.087,0
29.15998,1143.438,0
29.16998,1142.753,0
29.17998,1142.102,0
29.18998,1141.483,0
29.19998,1140.796,0
29.20998,1140.145,0
29.21998,1139.458,0
29.22998,1138.836,0
29.23998,1138.187,0
29.24998,1137.406,0
29.25998,1136.783,0
29.26998,1136.128,0
29.27998,1135.474,0
29.28998,1134.782,0
29.29998,1134.157,0
29.30998,1133.466,0
29.31998,1132.811,0
29.32998,1132.157,0
29.33998,1131.533,0
29.34998,1130.843,0
29.35998,1130.093,0
29.36998,1129.467,0
29.37998,1128.773,0
29.38998,1128.115,0
29.39998,1127.456,0
29.40998,1126.792,0
29.41998,1126.132,0
29.42998,1125.475,0
29.43998,1124.78,0
29.44998,1124.152,0
29.45998,1123.493,0
29.46998,1122.704,0
29.47998,1122.107,0
29.48998,1121.411,0
29.49998,1120.748,0
29.50998,1120.081,0
29.51998,1119.418,0
29.52998,1118.756,0
29.53998,1118.057,0
29.54998,1117.427,0
29.55998,1116.765,0
29.56998,1116.066,0
29.57998,1115.339,0
29.58998,1114.676,0
29.59998,1114.01,0
29.60998,1113.34,0
29.61998,1112.674,0
29.62998,1112.009,0
29.63998,1111.307,0
29.64998,1110.673,0
29.65998,1110.008,0
29.66998,1109.343,0
29.67998,1108.671,0
29.68998,1107.946,0
29.69998,1107.31,0
29.70998,1106.608,0
29.71998,1105.94,0
29.72998,1105.302,0
29.73998,1104.6,0
29.74998,1103.932,0
29.75998,1103.297,0
29.76998,1102.592,0
29.77998,1101.927,0
29.78998,1101.291,0
29.79998,1100.532,0
29.80998,1099.894,0
29.81998,1099.19,0
29.82998,1098.521,0
29.83998,1097.883,0
29.84998,1097.177,0
29.85998,1096.509,0
29.86998,1095.841,0
29.87998,1095.165,0
29.88998,1094.496,0
29.89998,1093.86,0
29.90998,1093.061,0
29.91998,1092.457,0
29.92998,1091.748,0
29.93998,1091.079,0
29.94998,1090.438,0
29.95998,1089.732,0
29.96998,1089.06,0
29.97998,1088.421,0
29.98998,1087.714,0
29.99998,1087.042,0
30.00998,1086.402,0
30.01998,1085.603,0
30.02998,1084.997,0
30.03998,1084.288,0
30.04998,1083.613,0
30.05998,1082.972,0
30.06998,1082.263,0
30.07998,1081.59,0
30.08998,1080.949,0
30.09998,1080.239,0
30.10998,1079.567,0
30.11998,1078.924,0
30.12998,1078.123,0
30.13998,1077.515,0
30.14998,1076.802,0
30.15998,1076.159,0
30.16998,1075.448,0
30.17998,1074.772,0
30.18998,1074.129,0
30.19998,1073.455,0
30.20998,1072.744,0
30.21998,1072.099,0
30.22998,1071.426,0
30.23998,1070.69,0
30.24998,1069.976,0
30.25998,1069.329,0
30.26998,1068.654,0
30.27998,1067.977,0
30.28998,1067.297,0
30.29998,1066.621,0
30.30998,1065.944,0
30.31998,1065.301,0
30.32998,1064.589,0
30.33998,1063.912,0
30.34998,1063.176,0
30.35998,1062.529,0
30.36998,1061.814,0
30.37998,1061.137,0
30.38998,1060.49,0
30.39998,1059.775,0
30.40998,1059.098,0
30.41998,1058.451,0
30.42998,1057.773,0
30.43998,1057.092,0
30.44998,1056.415,0
30.45998,1055.644,0
30.46998,1054.996,0
30.47998,1054.317,0
30.48998,1053.63,0
30.49998,1052.953,0
30.50998,1052.305,0
30.51998,1051.589,0
30.52998,1050.911,0
30.53998,1050.263,0
30.54998,1049.584,0
30.55998,1048.901,0
30.56998,1048.13,0
30.57998,1047.481,0
30.58998,1046.802,0
30.59998,1046.116,0
30.60998,1045.436,0
30.61998,1044.755,0
30.62998,1044.106,0
30.63998,1043.391,0
30.64998,1042.741,0
30.65998,1042.065,0
30.66998,1041.349,0
30.67998,1040.606,0
30.68998,1039.957,0
30.69998,1039.276,0
30.70998,1038.596,0
30.71998,1037.909,0
30.72998,1037.229,0
30.73998,1036.58,0
30.74998,1035.9,0
30.75998,1035.184,0
30.76998,1034.535,0
30.77998,1033.855,0
30.78998,1033.077,0
30.79998,1032.463,0
30.80998,1031.747,0
30.81998,1031.065,0
30.82998,1030.413,0
30.83998,1029.697,0
30.84998,1029.047,0
30.85998,1028.367,0
30.86998,1027.686,0
30.87998,1027,0
30.88998,1026.32,0
30.89998,1025.577,0
30.90998,1024.926,0
30.91998,1024.208,0
30.92998,1023.527,0
30.93998,1022.875,0
30.94998,1022.193,0
30.95998,1021.507,0
30.96998,1020.825,0
30.97998,1020.176,0
30.98998,1019.458,0
30.99998,1018.81,0
31.00998,1018.037,0
31.01998,1017.384,0
31.02998,1016.701,0
31.03998,1016.013,0
31.04998,1015.332,0
31.05998,1014.681,0
31.06998,1013.963,0
31.07998,1013.311,0
31.08998,1012.632,0
31.09998,1011.952,0
31.10998,1011.266,0
31.11998,1010.523,0
31.12998,1009.84,0
31.13998,1009.189,0
31.14998,1008.507,0
31.15998,1007.819,0
31.16998,1007.136,0
31.17998,1006.487,0
31.18998,1005.77,0
31.19998,1005.089,0
31.20998,1004.438,0
31.21998,1003.758,0
31.22998,1002.979,0
31.23998,1002.365,0
31.24998,1001.646,0
31.25998,1000.996,0
31.26998,1000.276,0
31.27998,999.627,0
31.28998,998.9463,0
31.29998,998.2975,0
31.30998,997.5804,0
31.31998,996.9308,0
31.32998,996.2503,0
31.33998,995.5101,0
31.34998,994.8597,0
31.35998,994.1426,0
31.36998,993.4915,0
31.37998,992.8112,0
31.38998,992.1252,0
31.39998,991.446,0
31.40998,990.7969,0
31.41998,990.0812,0
31.42998,989.4312,0
31.43998,988.7521,0
31.44998,988.0095,0
31.45998,987.3605,0
31.46998,986.6429,0
31.47998,985.9933,0
31.48998,985.3123,0
31.49998,984.5948,0
31.50998,983.9431,0
31.51998,983.2643,0
31.52998,982.6152,0
31.53998,981.8998,0
31.54998,981.2501,0
31.55998,980.5089,0
31.56998,979.8575,0
31.57998,979.1394,0
31.58998,978.4913,0
31.59998,977.8118,0
31.60998,977.1644,0
31.61998,976.4485,0
31.62998,975.8002,0
31.63998,975.1208,0
31.64998,974.436,0
31.65998,973.756,0
31.66998,973.0163,0
31.67998,972.3663,0
31.68998,971.6498,0
31.69998,971.0011,0
31.70998,970.3211,0
31.71998,969.6732,0
31.72998,968.9567,0
31.73998,968.308,0
31.74998,967.6593,0
31.75998,966.946,0
31.76998,966.3006,0
31.77998,965.5618,0
31.78998,964.8833,0
31.79998,964.2349,0
31.80998,963.5199,0
31.81998,962.8708,0
31.82998,962.1924,0
31.83998,961.5086,0
31.84998,960.8605,0
31.85998,960.1857,0
31.86998,959.503,0
31.87998,958.8271,0
31.88998,958.0898,0
31.89998,957.4421,0
31.90998,956.7278,0
31.91998,956.0793,0
31.92998,952.2252,0
31.93998,952.1159,0
31.94998,951.137,0
31.95998,950.2939,0
31.96998,949.4099,0
31.97998,948.5914,0
31.98998,947.7039,0
31.99998,950.119,0
32.00998,948.5305,0
32.01998,947.9993,0
32.02998,947.2953,0
32.03998,946.5981,0
32.04998,945.9307,0
32.05998,945.2654,0
32.06998,944.5646,0
32.07998,943.8706,0
32.08998,943.2086,0
32.09998,942.5466,0
32.10998,941.7559,0
32.11998,941.0925,0
32.12998,940.3982,0
32.13998,939.7356,0
32.14998,939.0751,0
32.15998,938.3459,0
32.16998,937.6847,0
32.17998,937.0255,0
32.18998,936.2977,0
32.19998,935.6376,0
32.20998,934.9778,0
32.21998,934.2264,0
32.22998,933.5667,0
32.23998,932.8695,0
32.24998,932.1791,0
32.25998,931.5206,0
32.26998,930.8622,0
32.27998,930.1685,0
32.28998,929.4813,0
32.29998,928.8242,0
32.30998,928.1317,0
32.31998,927.4458,0
32.32998,926.7277,0
32.33998,926.0712,0
32.34998,925.3483,0
32.35998,924.6912,0
32.36998,920.8282,0
32.37998,920.8098,0
32.38998,919.7888,0
32.39998,918.9396,0
32.40998,918.0826,0
32.41998,917.2301,0
32.42998,916.3657,0
32.43998,918.6763,0
32.44998,917.1471,0
32.45998,916.6099,0
32.46998,915.8997,0
32.47998,915.2275,0
32.48998,914.5554,0
32.49998,913.8851,0
32.50998,913.1485,0
32.51998,912.4795,0
32.52998,911.8104,0
32.53998,911.1437,0
32.54998,910.3479,0
32.55998,909.7463,0
32.56998,909.0124,0
32.57998,908.3463,0
32.58998,907.682,0
32.59998,906.9805,0
32.60998,906.2858,0
32.61998,905.623,0
32.62998,904.9601,0
32.63998,904.26,0
32.64998,903.5977,0
32.65998,902.844,0
32.66998,902.2109,0
32.67998,901.4817,0
32.68998,900.8202,0
32.69998,896.9529,0
32.70998,896.9531,0
32.71998,895.8976,0
32.72998,895.1123,0
32.73997,894.2535,0
32.74998,893.3889,0
32.75998,892.5287,0
32.76998,894.8372,0
32.77998,893.2753,0
32.78998,892.7661,0
32.79998,892.0541,0
32.80998,891.3798,0
32.81998,890.7079,0
32.82998,890.0359,0
32.83998,889.3266,0
32.84998,888.655,0
32.85998,887.9854,0
32.86998,887.2786,0
32.87998,886.5164,0
32.88998,885.8767,0
32.89997,885.2094,0
32.90998,884.5126,0
32.91998,883.8398,0
32.92998,883.1417,0
32.93998,882.4755,0
32.94998,881.8113,0
32.95998,881.11,0
32.96998,880.4464,0
32.97998,879.7848,0
32.98997,879.0255,0
32.99998,878.3639,0
33.00998,877.7003,0
33.01998,877.0388,0
33.02998,873.165,0
33.03998,873.2045,0
33.04998,872.1835,0
33.05997,871.3633,0
33.06998,870.5035,0
33.07998,869.6793,0
33.08998,868.7863,0
33.09998,871.1041,0
33.10998,869.5373,0
33.11998,869.0684,0
33.12998,868.2905,0
33.13998,867.6846,0
33.14997,866.9777,0
33.15998,866.3087,0
33.16998,865.6396,0
33.17998,864.9355,0
33.18998,864.2669,0
33.19998,863.6005,0
33.20998,862.8364,0
33.21998,862.2075,0
33.22998,861.5049,0
33.23997,860.8407,0
33.24998,860.2074,0
33.25998,859.4776,0
33.26998,858.8472,0
33.27998,858.1885,0
33.28998,857.4926,0
33.29998,856.8344,0
33.30997,856.1766,0
33.31998,855.4209,0
33.32998,854.7628,0
33.33998,854.1068,0
33.34998,853.4528,0
33.35998,849.614,0
33.36998,849.6893,0
33.37998,848.606,0
33.38998,847.8596,0
33.39997,847.0078,0
33.40998,846.1544,0
33.41998,845.3364,0
33.42998,847.5621,0
33.43998,846.036,0
33.44998,845.5344,0
33.45998,844.8304,0
33.46997,844.1954,0
33.47998,843.495,0
33.48997,842.8306,0
33.49998,842.1682,0
33.50998,841.5057,0
33.51998,840.8392,0
33.52998,840.1786,0
33.53998,839.489,0
33.54998,838.825,0
33.55997,838.169,0
33.56998,837.515,0
33.57998,836.8236,0
33.58998,836.1702,0
33.59998,835.5499,0
33.60998,834.8623,0
33.61998,834.2107,0
33.62997,833.5611,0
33.63998,832.9072,0
33.64997,832.199,0
33.65998,831.5528,0
33.66998,830.8691,0
33.67998,830.2545,0
33.68998,826.4289,0
33.69998,826.5156,0
33.70998,825.475,0
33.71997,824.708,0
33.72998,823.8679,0
33.73997,823.055,0
33.74998,822.2104,0
33.75998,824.4846,0
33.76998,822.9713,0
33.77998,822.4824,0
33.78997,821.791,0
33.79998,821.1313,0
33.80997,820.4776,0
33.81998,819.8259,0
33.82998,819.17,0
33.83998,818.5221,0
33.84998,817.8741,0
33.85998,817.2221,0
33.86998,816.5157,0
33.87997,815.8672,0
33.88998,815.2144,0
33.89997,814.5695,0
33.90998,813.8893,0
33.91998,813.2764,0
33.92998,812.6353,0
33.93998,811.9589,0
33.94997,811.3495,0
33.95998,810.6752,0
33.96997,810.0385,0
33.97998,809.3727,0
33.98997,808.6995,0
33.99998,808.0641,0
34.00998,807.4619,0
34.01998,803.7092,0
34.02998,803.7426,0
34.03997,802.7511,0
34.04998,801.992,0
34.05997,801.1652,0
34.06998,800.3367,0
34.07998,799.5728,0
34.08998,801.7624,0
34.09998,800.2931,0
34.10998,799.8476,0
34.11998,799.1697,0
34.12997,798.4924,0
34.13998,797.882,0
34.14997,797.2063,0
34.15998,796.5687,0
34.16998,795.9622,0
34.17998,795.2905,0
34.18998,794.6877,0
34.19997,793.9555,0
34.20998,793.3519,0
34.21997,792.7206,0
34.22998,792.0519,0
34.23997,791.4523,0
34.24998,790.7874,0
34.25998,790.1896,0
34.26998,789.5264,0
34.27998,788.9012,0
34.28997,788.3072,0
34.29998,787.6479,0
34.30997,786.9953,0
34.31998,786.3352,0
34.32998,785.7133,0
34.33998,785.0869,0
34.34998,784.4664,0
34.35997,783.842,0
34.36998,783.2254,0
34.37997,757.1254,0
34.38998,783.2255,0
34.39997,780.4676,0
34.40998,780.2107,0
34.41998,779.4724,0
34.42998,778.8967,0
34.43998,778.2932,0
34.44997,777.6523,0
34.45998,777.0513,0
34.46997,776.4462,0
34.47998,775.8469,0
34.48997,775.2435,0
34.49998,774.6107,0
34.50998,774.0139,0
34.51997,773.4127,0
34.52998,772.7572,0
34.53997,772.1555,0
34.54998,771.5616,0
34.55997,770.9324,0
34.56998,770.3702,0
34.57998,769.7429,0
34.58998,769.1513,0
34.59998,768.5557,0
34.60997,767.9305,0
34.61998,767.3413,0
34.62997,766.7499,0
34.63998,766.1041,0
34.64997,765.5119,0
34.65998,764.9276,0
34.66998,764.3063,0
34.67997,763.7163,0
34.68998,763.1344,0
34.69997,762.5464,0
34.70998,761.929,0
34.71997,761.3493,0
34.72998,760.7634,0
34.73997,760.1858,0
34.74998,759.5103,0
34.75998,758.9637,0
34.76997,758.3517,0
34.77998,757.7695,0
34.78997,757.1952,0
34.79998,756.5858,0
34.80997,756.0059,0
34.81998,755.4338,0
34.82998,754.8246,0
34.83997,754.2469,0
34.84998,753.6793,0
34.85997,753.0119,0
34.86998,752.4734,0
34.87997,751.8678,0
34.88998,751.2936,0
34.89997,750.7275,0
34.90998,750.124,0
34.91998,749.5523,0
34.92997,748.9866,0
34.93998,748.3875,0
34.94997,747.8198,0
34.95998,747.2584,0
34.96997,746.5992,0
34.97998,746.0668,0
34.98997,745.4694,0
34.99997,744.9012,0
35.00998,744.304,0
35.01997,743.7466,0
35.02998,743.1829,0
35.03997,742.5897,0
35.04998,742.0327,0
35.05997,741.4713,0
35.06998,740.8806,0
35.07998,740.2573,0
35.08997,739.7017,0
35.09998,739.1107,0
35.10997,738.5886,0
35.11998,737.9996,0
35.12997,737.411,0
35.13998,736.8537,0
35.14997,736.3029,0
35.15998,735.7164,0
35.16998,735.1616,0
35.17997,734.5777,0
35.18998,733.9983,0
35.19997,733.4135,0
35.20998,732.8602,0
35.21997,732.3131,0
35.22998,731.7324,0
35.23997,731.1503,0
35.24997,730.6373,0
35.25998,730.0571,0
35.26997,729.4772,0
35.27998,728.9273,0
35.28997,728.3872,0
35.29998,727.7805,0
35.30997,727.2023,0
35.31998,726.6556,0
35.32998,726.1152,0
35.33997,725.5393,0
35.34998,724.9949,0
35.35997,724.4213,0
35.36998,723.8835,0
35.37997,723.3417,0
35.38998,722.7701,0
35.39997,722.1993,0
35.40997,721.635,0
35.41998,721.0636,0
35.42997,720.5236,0
35.43998,719.9523,0
35.44997,719.4189,0
35.45998,718.8832,0
35.46997,718.3142,0
35.47998,717.7455,0
35.48997,717.2087,0
35.49997,716.6799,0
35.50998,716.1135,0
35.51997,715.5167,0
35.52998,714.9502,0
35.53997,714.4526,0
35.54998,713.8901,0
35.55997,713.3257,0
35.56997,712.7932,0
35.57998,712.2312,0
35.58997,711.7072,0
35.59998,711.177,0
35.60997,710.6174,0
35.61998,710.0582,0
35.62997,709.4684,0
35.63998,708.9424,0
35.64997,708.4141,0
35.65997,707.8565,0
35.66998,707.2994,0
35.67997,706.7699,0
35.68998,706.2483,0
35.69997,705.6937,0
35.70998,705.1703,0
35.71997,704.6139,0
35.72997,704.089,0
35.73997,703.4746,0
35.74997,702.9886,0
35.75998,702.4337,0
35.76997,701.8792,0
35.77998,701.3583,0
35.78997,700.8079,0
35.79998,700.2544,0
35.80997,699.7695,0
35.81997,699.2217,0
35.82998,698.6741,0
35.83997,698.1544,0
35.84998,697.5428,0
35.85997,697.0621,0
35.86998,696.5164,0
35.87997,695.9669,0
35.88997,695.4491,0
35.89997,694.9041,0
35.90997,694.3903,0
35.91998,693.8436,0
35.92997,693.2973,0
35.93998,692.8218,0
35.94997,692.2813,0
35.95998,691.6749,0
35.96997,691.1599,0
35.97997,690.6177,0
35.98997,690.1068,0
35.99997,689.5629,0
36.00998,689.0567,0
36.01997,688.5482,0
36.02998,688.0064,0
36.03997,687.4963,0
36.04998,686.9569,0
36.05997,686.4199,0
36.06997,685.8481,0
36.07998,685.3442,0
36.08997,684.8381,0
36.09998,684.3027,0
36.10997,683.7637,0
36.11998,683.2563,0
36.12997,682.7217,0
36.13997,682.1875,0
36.14997,681.6809,0
36.15997,681.147,0
36.16998,680.6447,0
36.17997,680.0468,0
36.18998,679.5777,0
36.19997,679.0452,0
36.20998,678.5133,0
36.21997,678.009,0
36.22997,677.4774,0
36.23997,676.9774,0
36.24997,676.4481,0
36.25998,675.9172,0
36.26997,675.418,0
36.27998,674.8895,0
36.28997,674.3636,0
36.29997,673.8342,0
36.30997,673.3365,0
36.31997,672.8094,0
36.32998,672.2809,0
36.33997,671.7841,0
36.34998,671.2578,0
36.35997,670.73,0
36.36998,670.2338,0
36.37997,669.7084,0
36.38997,669.1851,0
36.39997,668.665,0
36.40997,668.1704,0
36.41998,667.6483,0
36.42997,667.1228,0
36.43998,666.629,0
36.44997,666.1058,0
36.45997,665.6163,0
36.46997,456.0534,0
36.47997,691.1933,0
36.48997,665.0934,0
36.49997,664.5312,0
36.50998,663.9742,0
36.51997,663.4478,0
36.52998,662.9922,0
36.53997,662.4301,0
36.54997,661.9416,0
36.55997,661.4511,0
36.56997,660.9272,0
36.57998,660.4349,0
36.58997,659.9152,0
36.59998,659.392,0
36.60997,658.9003,0
36.61997,658.3193,0
36.62997,657.8293,0
36.63997,657.3063,0
36.64997,656.8167,0
36.65997,656.2977,0
36.66998,655.7753,0
36.67997,655.2866,0
36.68998,654.7686,0
36.69997,654.278,0
36.70997,653.76,0
36.71997,653.2426,0
36.72997,652.7341,0
36.73997,652.2471,0
36.74997,651.7307,0
36.75998,651.217,0
36.76997,650.7308,0
36.77997,650.2152,0
36.78997,649.7333,0
36.79997,649.218,0
36.80997,648.7032,0
36.81997,648.222,0
36.82998,647.7115,0
36.83997,647.1684,0
36.84998,646.6556,0
36.85997,646.1744,0
36.86997,645.6619,0
36.87997,645.181,0
36.88997,644.6708,0
36.89997,644.1591,0
36.90997,643.679,0
36.91998,643.1714,0
36.92997,642.6917,0
36.93997,642.1825,0
36.94997,641.6447,0
36.95997,641.1332,0
36.96997,640.6554,0
36.97997,640.1481,0
36.98997,639.6686,0
36.99997,639.1617,0
37.00998,638.6553,0
37.01997,638.1805,0
37.02997,637.6743,0
37.03997,637.2,0
37.04997,636.6981,0
37.05997,636.1614,0
37.06997,635.6553,0
37.07998,635.1828,0
37.08997,634.6771,0
37.09998,634.2048,0
37.10997,633.7032,0
37.11997,633.2001,0
37.12997,632.7286,0
37.13997,632.2277,0
37.14997,631.7565,0
37.15997,631.256,0
37.16998,630.7269,0
37.17997,630.2241,0
37.18997,629.7529,0
37.19997,629.2544,0
37.20997,628.7834,0
37.21997,628.2851,0
37.22997,627.8185,0
37.23997,627.3205,0
37.24997,626.823,0
37.25998,626.3571,0
37.26997,625.8599,0
37.27997,625.332,0
37.28997,624.8677,0
37.29997,624.37,0
37.30997,623.9059,0
37.31997,623.3751,0
37.32998,622.9138,0
37.33997,622.4133,0
37.34997,621.9191,0
37.35997,621.4545,0
37.36997,620.9606,0
37.37997,620.5002,0
37.38997,619.9443,0
37.39997,619.4797,0
37.40997,618.9879,0
37.41998,618.5236,0
37.42997,618.032,0
37.43997,617.572,0
37.44997,617.0806,0
37.45997,616.6208,0
37.46997,616.1337,0
37.47997,615.6742,0
37.48997,615.1855,0
37.49997,614.6306,0
37.50997,614.1753,0
37.51997,613.7179,0
37.52997,613.1937,0
37.53997,612.735,0
37.54997,612.2468,0
37.55997,611.7924,0
37.56997,611.3047,0
37.57998,610.8505,0
37.58997,610.363,0
37.59997,609.8779,0
37.60997,609.3622,0
37.61997,608.9041,0
37.62997,608.4186,0
37.63997,607.9645,0
37.64997,607.442,0
37.65997,607.0243,0
37.66997,606.5059,0
37.67997,606.0511,0
37.68997,605.5668,0
37.69997,605.1182,0
37.70997,604.6363,0
37.71997,604.1237,0
37.72997,603.6725,0
37.73997,603.1921,0
37.74997,602.7121,0
37.75997,602.2598,0
37.76997,601.7407,0
37.77997,601.2932,0
37.78997,600.8123,0
37.79997,600.363,0
37.80997,599.8843,0
37.81997,599.4374,0
37.82997,598.9298,0
37.83997,598.4526,0
37.84997,598.0031,0
37.85997,597.5281,0
37.86997,597.0436,0
37.87997,596.5654,0
37.88997,596.119,0
37.89997,595.643,0
37.90997,595.1989,0
37.91997,594.7253,0
37.92997,594.2793,0
37.93997,593.7084,0
37.94997,593.302,0
37.95997,592.8203,0
37.96997,592.3447,0
37.97997,591.9011,0
37.98997,591.4281,0
37.99997,590.9867,0
38.00997,590.5118,0
38.01997,590.0726,0
38.02997,589.5668,0
38.03997,589.1244,0
38.04997,588.6215,0
38.05997,588.149,0
38.06997,587.7081,0
38.07997,587.2377,0
38.08997,586.7951,0
38.09997,586.3272,0
38.10997,585.8535,0
38.11997,585.3823,0
38.12997,584.9426,0
38.13997,584.4738,0
38.14997,584.0364,0
38.15997,583.5073,0
38.16997,583.0698,0
38.17997,582.5967,0
38.18997,582.1298,0
38.19997,581.6909,0
38.20997,581.2264,0
38.21997,580.7896,0
38.22997,580.3234,0
38.23997,579.8889,0
38.24997,579.3875,0
38.25997,578.9539,0
38.26997,578.4595,0
38.27997,577.9955,0
38.28997,577.5634,0
38.29997,577.0976,0
38.30997,576.6263,0
38.31997,576.1654,0
38.32997,575.7322,0
38.33997,575.2695,0
38.34997,574.8346,0
38.35997,574.3742,0
38.36997,573.9082,0
38.37997,573.4135,0
38.38997,572.9841,0
38.39997,572.5215,0
38.40997,572.0906,0
38.41997,571.6302,0
38.42997,571.1643,0
38.43997,570.7046,0
38.44997,570.2767,0
38.45997,569.8195,0
38.46997,569.3938,0
38.47997,568.8974,0
38.48997,568.4373,0
38.49997,567.9818,0
38.50997,567.5539,0
38.51997,567.0966,0
38.52997,566.671,0
38.53997,566.1786,0
38.54997,565.7537,0
38.55997,565.2954,0
38.56997,564.8728,0
38.57997,564.4169,0
38.58997,563.9551,0
38.59997,563.4728,0
38.60997,563.0479,0
38.61997,562.5936,0
38.62997,562.1671,0
38.63997,561.6778,0
38.64997,561.256,0
38.65997,560.8008,0
38.66997,560.3812,0
38.67997,559.9282,0
38.68997,559.4695,0
38.69997,559.0526,0
38.70997,558.571,0
38.71997,558.1199,0
38.72997,557.6963,0
38.73997,557.21,0
38.74997,556.7872,0
38.75997,556.3663,0
38.76997,555.9199,0
38.77997,555.5012,0
38.78997,555.0157,0
38.79997,554.5977,0
38.80997,554.1503,0
38.81997,553.7034,0
38.82997,553.2158,0
38.83997,552.7995,0
38.84997,552.3499,0
38.85997,551.9318,0
38.86997,551.4885,0
38.87997,551.0355,0
38.88997,550.6201,0
38.89997,550.1753,0
38.90997,549.7621,0
38.91997,549.2783,0
38.92997,548.8346,0
38.93997,548.3916,0
38.94997,547.9762,0
38.95997,547.494,0
38.96997,547.0795,0
38.97997,546.6354,0
38.98997,546.2229,0
38.99997,545.8124,0
39.00997,545.3349,0
39.01997,544.9211,0
39.02997,544.4818,0
39.03997,544.0703,0
39.04997,543.623,0
39.05997,543.1863,0
39.06997,542.7773,0
39.07997,542.3326,0
39.08997,541.8944,0
39.09997,541.4879,0
39.10997,541.048,0
39.11997,540.6064,0
39.12997,540.2024,0
39.13997,539.765,0
39.14997,539.2908,0
39.15997,538.8528,0
39.16997,538.4465,0
39.17997,538.038,0
39.18997,537.5668,0
39.19997,537.163,0
39.20997,536.726,0
39.21997,536.3245,0
39.22997,535.8832,0
39.23997,535.48,0
39.24997,535.0471,0
39.25997,534.5464,0
39.26997,534.1429,0
39.27997,533.7412,0
39.28997,533.3101,0
39.29997,532.8694,0
39.30997,532.4702,0
39.31997,532.0376,0
39.32997,531.6367,0
39.33997,531.2042,0
39.34997,530.7742,0
39.35997,530.3758,0
39.36997,529.8795,0
39.37997,529.4807,0
39.38997,529.0796,0
39.39997,528.6157,0
39.40997,528.2153,0
39.41997,527.8167,0
39.42997,527.3554,0
39.43997,526.9576,0
39.44997,526.5614,0
39.45997,526.136,0
39.46997,525.7048,0
39.47997,525.245,0
39.48997,524.8506,0
39.49997,524.4208,0
39.50997,523.9933,0
39.51997,523.6014,0
39.52997,523.17,0
39.53997,522.7452,0
39.54997,522.3519,0
39.55997,521.9231,0
39.56997,521.5006,0
39.57997,521.1099,0
39.58997,520.6212,0
39.59997,520.23,0
39.60997,519.8404,0
39.61997,519.4487,0
39.62997,518.9943,0
39.63997,518.6033,0
39.64997,518.1767,0
39.65997,517.7566,0
39.66997,517.3682,0
39.67997,516.9401,0
39.68997,516.5225,0
39.69997,516.1055,0
39.70997,515.6848,0
39.71997,515.2626,0
39.72997,514.8739,0
39.73997,514.4185,0
39.74997,514.0305,0
39.75997,513.6445,0
39.76997,513.2186,0
39.77997,512.8033,0
39.78997,512.4158,0
39.79997,511.9966,0
39.80997,511.5527,0
39.81997,511.1663,0
39.82997,510.7171,0
39.83997,510.3314,0
39.84997,509.9476,0
39.85997,509.5281,0
39.86997,509.1152,0
39.87997,508.7299,0
39.88997,508.313,0
39.89997,507.8985,0
39.90997,507.5197,0
39.91997,507.0429,0
39.92997,506.6597,0
39.93997,506.2448,0
39.94997,505.8634,0
39.95997,505.4527,0
39.96997,505.0363,0
39.97997,504.6576,0
39.98997,504.2454,0
39.99997,503.8315,0
40.00997,503.4512,0
40.01997,503.0083,0
40.02997,502.5977,0
40.03997,502.2186,0
40.04997,501.7728,0
40.05997,501.3947,0
40.06997,501.0181,0
40.07997,500.5749,0
40.08997,500.1992,0
40.09997,499.7838,0
40.10997,499.41,0
40.11997,499.003,0
40.12997,498.5942,0
40.13997,498.1879,0
40.14997,497.782,0
40.15997,497.3704,0
40.16997,496.9965,0
40.17997,496.5519,0
40.18997,496.1786,0
40.19997,495.8032,0
40.20997,495.3963,0
40.21997,494.9917,0
40.22997,494.5815,0
40.23997,494.2128,0
40.24997,493.7422,0
40.25997,493.373,0
40.26997,493.0017,0
40.27997,492.5636,0
40.28997,492.1929,0
40.29997,491.824,0
40.30997,491.4156,0
40.31997,491.0176,0
40.32997,490.61,0
40.33997,490.2438,0
40.34997,489.807,0
40.35997,489.4065,0
40.36997,489.0377,0
40.37997,488.6332,0
40.38997,488.2313,0
40.39997,487.865,0
40.40997,487.459,0
40.41997,487.0948,0
40.42997,486.6597,0
40.43997,486.2922,0
40.44997,485.8891,0
40.45997,485.5235,0
40.46997,485.0601,0
40.47997,484.6941,0
40.48997,484.3259,0
40.49997,483.8948,0
40.50997,483.5313,0
40.51997,483.1322,0
40.52997,482.7707,0
40.53997,482.3385,0
40.54997,481.9778,0
40.55997,481.6147,0
40.56997,481.1889,0
40.57997,480.7957,0
40.58997,480.3965,0
40.59997,480.035,0
40.60997,479.6068,0
40.61997,479.2461,0
40.62997,478.8872,0
40.63997,478.4886,0
40.64997,478.1005,0
40.65997,477.7027,0
40.66997,477.3466,0
40.67997,476.9509,0
40.68997,476.5304,0
40.69997,476.1715,0
40.70997,475.7769,0
40.71997,475.3889,0
40.72997,474.9951,0
40.73997,474.6349,0
40.74997,474.2432,0
40.75997,473.8851,0
40.76997,473.4642,0
40.77997,473.1069,0
40.78997,472.7139,0
40.79997,472.2962,0
40.80997,471.9401,0
40.81997,471.5483,0
40.82997,471.1943,0
40.83997,470.8005,0
40.84997,470.4174,0
40.85997,470.0244,0
40.86997,469.6731,0
40.87997,469.2822,0
40.88997,468.8977,0
40.89997,468.5075,0
40.90997,468.1238,0
40.91997,467.7344,0
40.92997,467.3515,0
40.93997,466.9589,0
40.94997,466.6078,0
40.95997,466.2171,0
40.96997,465.8681,0
40.97997,465.4483,0
40.98997,465.1,0
40.99997,464.7122,0
41.00997,464.3619,0
41.01997,463.9138,0
41.02997,463.5629,0
41.03997,463.214,0
41.04997,462.8293,0
41.05997,462.4472,0
41.06997,462.0634,0
41.07997,461.7131,0
41.08997,461.3313,0
41.09997,460.9831,0
41.10997,460.5723,0
41.11997,460.2247,0
41.12997,459.8066,0
41.13997,459.4599,0
41.14997,459.0735,0
41.15997,458.6976,0
41.16997,458.3122,0
41.17997,457.9682,0
41.18997,457.5847,0
41.19997,457.2077,0
41.20997,456.8249,0
41.21997,456.4798,0
41.22997,456.099,0
41.23997,455.7247,0
41.24997,455.3447,0
41.25997,454.9712,0
41.26997,454.588,0
41.27997,454.2463,0
41.28997,453.865,0
41.29997,453.4943,0
41.30997,453.1138,0
41.31997,452.7749,0
41.32997,452.3965,0
41.33997,452.0183,0
41.34997,451.6154,0
41.35997,451.274,0
41.36997,450.897,0
41.37997,450.5577,0
41.38997,450.1829,0
41.39997,449.8042,0
41.40997,449.4319,0
41.41997,449.054,0
41.42997,448.7137,0
41.43997,448.3378,0
41.44997,447.9996,0
41.45997,447.5634,0
41.46997,447.2245,0
41.47997,446.8462,0
41.48997,446.5093,0
41.49997,446.133,0
41.50997,445.7983,0
41.51997,445.3927,0
41.52997,445.0587,0
41.53997,444.6851,0
41.54997,444.3158,0
41.55997,443.9799,0
41.56997,443.5464,0
41.57997,443.2412,0
41.58997,442.8356,0
41.59997,442.5012,0
41.60997,442.1275,0
41.61997,441.7953,0
41.62997,441.3923,0
41.63997,441.0608,0
41.64997,440.6898,0
41.65997,440.3564,0
41.66997,439.9873,0
41.67997,439.5873,0
41.68997,439.2549,0
41.69997,438.8557,0
41.70997,438.524,0
41.71997,438.1528,0
41.72997,437.8232,0
41.73997,437.4539,0
41.74997,437.1262,0
41.75997,436.7278,0
41.76997,436.3596,0
41.77997,436.0289,0
41.78997,435.6316,0
41.79997,435.3017,0
41.80997,434.9362,0
41.81997,434.5771,0
41.82997,434.2123,0
41.83997,433.8853,0
41.84997,433.5186,0
41.85997,433.1521,0
41.86997,432.8233,0
41.87997,432.4588,0
41.88997,432.1008,0
41.89997,431.7061,0
41.90997,431.3787,0
41.91997,431.0158,0
41.92997,430.6531,0
41.93997,430.328,0
41.94997,429.9673,0
41.95997,429.6132,0
41.96997,429.2532,0
41.97997,428.8896,0
41.98997,428.5634,0
41.99997,428.202,0
42.00997,427.8467,0
42.01997,427.4858,0
42.02997,427.1625,0
42.03997,426.7726,0
42.04997,426.4128,0
42.05997,426.0904,0
42.06997,425.7285,0
42.07997,425.4083,0
42.08997,425.0485,0
42.09997,424.6928,0
42.10997,424.3397,0
42.11997,423.9497,0
42.12997,423.6272,0
42.13997,423.2691,0
42.14997,422.9487,0
42.15997,422.5926,0
42.16997,422.2368,0
42.17997,421.9146,0
42.18997,421.5297,0
42.19997,421.1709,0
42.20997,420.8537,0
42.21997,420.4968,0
42.22997,420.1505,0
42.23997,419.7945,0
42.24997,419.4427,0
42.25997,419.1245,0
42.26997,418.7708,0
42.27997,418.4234,0
42.28997,418.0976,0
42.29997,417.7149,0
42.30997,417.3959,0
42.31997,417.0451,0
42.32997,416.7279,0
42.33997,414.7557,0
42.34997,414.7542,0
42.35997,414.2532,0
42.36997,413.8229,0
42.37997,413.3547,0
42.38997,412.9525,0
42.39997,412.5197,0
42.40997,412.0822,0
42.41997,411.6417,0
42.42997,411.2024,0
42.43997,410.7974,0
42.44997,409.1119,0
42.45997,408.9258,0
42.46997,408.3464,0
42.47997,407.8308,0
42.48997,407.3505,0
42.49997,406.826,0
42.50997,406.3389,0
42.51997,405.8177,0
42.52997,405.3217,0
42.53997,404.7979,0
42.54997,404.268,0
42.55997,403.7671,0
42.56997,403.2343,0
42.57997,402.6994,0
42.58997,402.1939,0
42.59997,401.6561,0
42.60997,401.1125,0
42.61997,400.6393,0
42.62997,400.0568,0
42.63997,399.5808,0
42.64997,399.033,0
42.65997,398.5143,0
42.66997,397.9637,0
42.67997,397.4421,0
42.68997,396.8846,0
42.69997,396.3976,0
42.70997,395.8016,0
42.71997,395.3117,0
42.72997,394.7813,0
42.73997,394.2189,0
42.74997,393.6856,0
42.75997,393.1205,0
42.76997,392.6177,0
42.77997,392.0824,0
42.78997,391.5423,0
42.79997,390.9744,0
42.80997,390.4313,0
42.81997,389.8877,0
42.82997,389.3494,0
42.83997,388.8044,0
42.84997,388.2546,0
42.85997,387.708,0
42.86997,387.1255,0
42.87997,386.6095,0
42.88997,386.057,0
42.89997,385.5035,0
42.90997,384.9494,0
42.91997,384.3944,0
42.92997,383.8409,0
42.93997,383.2846,0
42.94997,382.7236,0
42.95997,382.1619,0
42.96997,381.6366,0
42.97997,381.0748,0
42.98997,380.5083,0
42.99997,379.9448,0
43.00997,379.4139,0
43.01997,378.8466,0
43.02997,378.2785,0
43.03997,377.7095,0
43.04997,377.1732,0
43.05997,376.6042,0
43.06997,376.0344,0
43.07997,375.46,0
43.08997,374.926,0
43.09997,374.3515,0
43.10997,373.8073,0
43.11997,373.2326,0
43.12997,372.6942,0
43.13997,372.1154,0
43.14997,371.5399,0
43.15997,370.9595,0
43.16997,370.4157,0
43.17997,369.8664,0
43.18997,369.2864,0
43.19997,368.7017,0
43.20997,368.1577,0
43.21997,367.608,0
43.22997,367.0238,0
43.23997,366.4428,0
43.24997,365.8945,0
43.25997,365.3406,0
43.26997,364.756,0
43.27997,364.2082,0
43.28997,363.6508,0
43.29997,363.0667,0
43.30997,362.478,0
43.31997,361.9567,0
43.32997,361.3692,0
43.33997,360.7809,0
43.34997,360.2603,0
43.35997,359.6731,0
43.36997,359.1165,0
43.37997,358.5251,0
43.38997,357.9743,0
43.39997,357.4141,0
43.40997,356.8232,0
43.41997,356.2587,0
43.42997,355.705,0
43.43997,355.1456,0
43.44997,354.5516,0
43.45997,354.0296,0
43.46997,353.4369,0
43.47997,352.8746,0
43.48997,352.2816,0
43.49997,351.7565,0
43.50997,351.1607,0
43.51997,350.5994,0
43.52997,350.0386,0
43.53997,349.4805,0
43.54997,348.9169,0
43.55997,348.3227,0
43.56997,347.7962,0
43.57997,347.2303,0
43.58997,346.6378,0
43.59997,346.0718,0
43.60997,345.5435,0
43.61997,344.9529,0
43.62997,344.3885,0
43.63997,343.8247,0
43.64997,343.2635,0
43.65997,342.701,0
43.66997,342.1349,0
43.67997,341.5694,0
43.68997,341.0144,0
43.69997,340.4501,0
43.70997,339.8862,0
43.71997,339.3189,0
43.72997,338.7622,0
43.73997,338.1961,0
43.74997,337.6306,0
43.75997,337.1068,0
43.76997,336.5438,0
43.77997,335.9812,0
43.78997,335.3839,0
43.79997,334.8585,0
43.80997,334.2936,0
43.81997,333.7294,0
43.82997,333.1695,0
43.83997,332.6062,0
43.84997,332.0807,0
43.85997,331.4848,0
43.86997,330.9544,0
43.87997,330.3634,0
43.88997,329.8362,0
43.89997,329.2776,0
43.90997,328.7155,0
43.91997,328.1541,0
43.92997,327.6264,0
43.93997,327.0674,0
43.94997,326.5088,0
43.95997,325.9468,0
43.96997,325.3853,0
43.97997,324.8616,0
43.98997,324.3027,0
43.99997,323.7442,0
44.00997,323.1861,0
44.01997,322.666,0
44.02997,322.1066,0
44.03997,321.5475,0
44.04997,320.9931,0
44.05997,320.4662,0
44.06997,319.9474,0
44.07997,319.3893,0
44.08997,318.8356,0
44.09997,318.2824,0
44.10997,317.7256,0
44.11997,317.2069,0
44.12997,316.6527,0
44.13997,316.0991,0
44.14997,315.5771,0
44.15997,315.0217,0
44.16997,314.4708,0
44.17997,313.9539,0
44.18997,313.4014,0
44.19997,312.8536,0
44.20997,312.3334,0
44.21997,311.7838,0
44.22997,311.2307,0
44.23997,310.7195,0
44.24997,310.173,0
44.25997,309.6541,0
44.26997,309.1058,0
44.27997,308.558,0
44.28997,308.0107,0
44.29997,307.5325,0
44.30997,306.9476,0
44.31997,306.4405,0
44.32997,305.9291,0
44.33997,305.3844,0
44.34997,304.8402,0
44.35997,304.2965,0
44.36997,303.7845,0
44.37997,303.2803,0
44.38997,302.737,0
44.39997,302.2292,0
44.40997,301.6921,0
44.41997,301.1514,0
44.42997,300.6424,0
44.43997,300.104,0
44.44997,299.5974,0
44.45997,299.0613,0
44.46997,298.559,0
44.47997,298.0566,0
44.48997,297.5209,0
44.49997,297.0167,0
44.50997,296.4832,0
44.51997,295.9462,0
44.52997,295.4449,0
44.53997,294.9141,0
44.54997,294.411,0
44.55997,293.8785,0
44.56997,293.3817,0
44.57997,292.8515,0
44.58997,292.3218,0
44.59997,291.8572,0
44.60997,291.2939,0
44.61997,290.8355,0
44.62997,290.3078,0
44.63997,289.812,0
44.64997,289.2906,0
44.65997,288.7969,0
44.66997,288.2738,0
44.67997,287.7824,0
44.68997,287.2615,0
44.69997,286.7725,0
44.70997,286.2811,0
44.71997,285.7603,0
44.72997,285.2712,0
44.73997,284.7528,0
44.74997,284.2659,0
44.75997,283.7497,0
44.76997,283.2612,0
44.77997,282.7784,0
44.78997,282.2663,0
44.79997,281.7817,0
44.80997,281.2679,0
44.81997,280.7857,0
44.82997,280.3051,0
44.83997,279.7954,0
44.84997,279.3132,0
44.85997,278.8017,0
44.86997,278.3258,0
44.87997,277.8476,0
44.88997,277.3401,0
44.89997,276.8643,0
44.90997,276.3902,0
44.91997,275.8867,0
44.92997,275.4149,0
44.93997,274.9409,0
44.94997,274.4001,0
44.95997,273.9683,0
44.96997,273.4609,0
44.97997,272.96,0
44.98997,272.4908,0
44.99997,272.0233,0
45.00997,271.5576,0
45.01997,271.0626,0
45.02997,270.5952,0
45.03997,270.1295,0
45.04997,269.6385,0
45.05997,269.1752,0
45.06997,268.7136,0
45.07997,268.2164,0
45.08997,267.7217,0
45.09997,267.2626,0
45.10997,266.8053,0
45.11997,266.3458,0
45.12997,265.8881,0
45.13997,265.405,0
45.14997,264.9495,0
45.15997,264.4958,0
45.16997,264.0066,0
45.17997,263.5509,0
45.18997,263.0699,0
45.19997,262.6205,0
45.20997,262.1689,0
45.21997,261.719,0
45.22997,261.2709,0
45.23997,260.7873,0
45.24997,260.3101,0
45.25997,259.8645,0
45.26997,259.4167,0
45.27997,258.9748,0
45.28997,258.5345,0
45.29997,258.0547,0
45.30997,257.6125,0
45.31997,257.141,0
45.32997,256.7011,0
45.33997,256.2629,0
45.34997,255.7892,0
45.35997,255.3491,0
45.36997,254.9107,0
45.37997,254.4781,0
45.38997,254.0434,0
45.39997,253.5418,0
45.40997,253.1389,0
45.41997,252.6727,0
45.42997,252.2422,0
45.43997,251.8136,0
45.44997,251.3452,0
45.45997,250.9145,0
45.46997,250.4856,0
45.47997,250.0585,0
45.48997,249.5957,0
45.49997,249.1706,0
45.50997,248.7473,0
45.51997,248.3217,0
45.52997,247.8645,0
45.53997,247.4449,0
45.54997,247.0232,0
45.55997,246.6032,0
45.56997,246.1476,0
45.57997,245.7296,0
45.58997,245.3134,0
45.59997,244.8616,0
45.60997,244.4435,0
45.61997,244.0271,0
45.62997,243.6164,0
45.63997,243.1702,0
45.64997,242.7576,0
45.65997,242.3467,0
45.66997,241.9003,0
45.67997,241.4915,0
45.68997,241.0845,0
45.69997,240.6418,0
45.70997,240.2328,0
45.71997,239.8256,0
45.72997,239.3868,0
45.73997,238.9816,0
45.74997,238.5782,0
45.75997,238.1765,0
45.76997,237.7393,0
45.77997,237.3396,0
45.78997,236.9044,0
45.79997,236.5067,0
45.80997,236.1069,0
45.81997,235.7026,0
45.82997,235.2789,0
45.83997,234.8869,0
45.84997,234.4553,0
45.85997,234.0924,0
45.86997,233.6703,0
45.87997,233.2696,0
45.88997,232.8807,0
45.89997,232.4561,0
45.90997,232.0652,0
45.91997,231.676,0
45.92997,231.2514,0
45.93997,230.8683,0
45.94997,230.4455,0
45.95997,230.0916,0
45.96997,229.7095,0
45.97997,229.2879,0
45.98997,228.9079,0
45.99997,228.4923,0
46.00997,228.0831,0
46.01997,227.7016,0
46.02997,227.2845,0
46.03997,226.9051,0
46.04997,226.5211,0
46.05997,226.1138,0
46.06997,225.7693,0
46.07997,225.3593,0
46.08997,224.983,0
46.09997,224.5749,0
46.10997,224.2047,0
46.11997,223.7947,0
46.12997,223.4536,0
46.13997,223.0158,0
46.14997,222.6766,0
46.15997,222.272,0
46.16997,221.905,0
46.17997,221.5023,0
46.18997,221.1334,0
46.19997,220.7663,0
46.20997,220.3674,0
46.21997,220.0062,0
46.22997,219.6055,0
46.23997,219.2423,0
46.24997,218.8436,0
46.25997,218.4825,0
46.26997,218.0858,0
46.27997,217.7578,0
46.28997,217.3332,0
46.29997,217.0033,0
46.30997,216.6078,0
46.31997,216.2541,0
46.32997,215.8647,0
46.33997,215.509,0
46.34997,215.1177,0
46.35997,214.7639,0
46.36997,214.3745,0
46.37997,214.0229,0
46.38997,213.6356,0
46.39997,213.2859,0
46.40997,212.9278,0
46.41997,212.5462,0
46.42997,212.1901,0
46.43997,211.8458,0
46.44997,211.4618,0
46.45997,211.0781,0
46.46997,210.732,0
46.47997,210.3504,0
46.48997,210.0063,0
46.49997,209.6578,0
46.50997,209.317,0
46.51997,208.9406,0
46.52997,208.5979,0
46.53997,208.2196,0
46.54997,207.8455,0
46.55997,207.5402,0
46.56997,207.1654,0
46.57997,206.8283,0
46.58997,206.4555,0
46.59997,206.1164,0
46.60997,205.7767,0
46.61997,205.4076,0
46.62997,205.076,0
46.63997,204.7359,0
46.64997,204.3663,0
46.65997,204.0343,0
46.66997,203.6705,0
46.67997,203.3717,0
46.68997,203.0074,0
46.69997,202.6433,0
46.70997,202.348,0
46.71997,201.9832,0
46.72997,201.6912,0
46.73997,201.3337,0
46.74997,200.9764,0
46.75997,200.684,0
46.76997,200.3261,0
46.77997,199.9995,0
46.78997,199.6474,0
46.79997,199.3599,0
46.80997,199.0071,0
46.81997,198.6856,0
46.82997,198.3719,0
46.83997,198.0497,0
46.84997,197.7019,0
46.85997,197.4228,0
46.86997,197.0784,0
46.87997,196.7613,0
46.88997,196.452,0
46.89997,196.1382,0
46.90997,195.8299,0
46.91997,195.488,0
46.92997,195.2148,0
46.93997,194.8763,0
46.94997,194.569,0
46.95997,194.2594,0
46.96997,193.9615,0
46.97997,193.6591,0
46.98997,193.3582,0
46.99997,193.0237,0
47.00997,192.7581,0
47.01997,192.458,0
47.02997,192.1635,0
47.03997,191.8354,0
47.04996,191.5386,0
47.05997,191.2434,0
47.06997,190.9871,0
47.07997,190.6654,0
47.08997,190.371,0
47.09997,190.0821,0
47.10997,189.7637,0
47.11997,189.5139,0
47.12997,189.2258,0
47.13997,188.9394,0
47.14997,188.6233,0
47.15997,188.3425,0
47.16997,188.0593,0
47.17997,187.7776,0
47.18997,187.5348,0
47.19997,187.2265,0
47.20996,186.9457,0
47.21997,186.6703,0
47.22997,186.3966,0
47.23997,186.0931,0
47.24997,185.8171,0
47.25997,185.5425,0
47.26997,185.3069,0
47.27997,185.0099,0
47.28997,184.7441,0
47.29996,184.476,0
47.30997,184.2094,0
47.31997,183.9131,0
47.32997,183.6482,0
47.33997,183.3848,0
47.34997,183.0919,0
47.35997,182.8303,0
47.36996,182.5703,0
47.37997,182.3451,0
47.38997,182.0171,0
47.39997,181.7938,0
47.40997,181.5401,0
47.41997,181.2568,0
47.42997,181.0008,0
47.43997,180.7464,0
47.44997,180.4624,0
47.45996,180.2098,0
47.46997,179.9587,0
47.47997,179.678,0
47.48997,179.4286,0
47.49997,179.1809,0
47.50997,178.9034,0
47.51997,178.6534,0
47.52996,178.4089,0
47.53997,178.1348,0
47.54996,177.892,0
47.55997,177.6157,0
47.56997,177.3707,0
47.57997,177.1273,0
47.58997,176.8543,0
47.59997,176.6166,0
47.60997,176.3453,0
47.61996,176.1428,0
47.62997,175.8375,0
47.63997,175.6367,0
47.64997,175.3603,0
47.65997,175.0942,0
47.66997,174.8967,0
47.67997,174.5964,0
47.68997,174.4008,0
47.69997,174.0983,0
47.70996,173.9004,0
47.71997,173.6036,0
47.72997,173.4115,0
47.73997,173.1126,0
47.74997,172.9183,0
47.75997,172.6211,0
47.76997,172.3911,0
47.77996,172.1316,0
47.78997,171.9034,0
47.79996,171.6457,0
47.80997,171.4193,0
47.81997,171.1633,0
47.82997,170.9347,0
47.83997,170.6765,0
47.84997,170.4536,0
47.85997,170.2012,0
47.86996,169.98,0
47.87997,169.7254,0
47.88997,169.5021,0
47.89997,169.2492,0
47.90997,169.0277,0
47.91997,168.7805,0
47.92997,168.5608,0
47.93996,168.3114,0
47.94997,168.0935,0
47.95996,167.8459,0
47.96997,167.6297,0
47.97997,167.3839,0
47.98997,167.1695,0
47.99997,166.888,0
48.00997,166.7113,0
48.01997,166.4276,0
48.02996,166.2113,0
48.03997,165.9653,0
48.04996,165.7547,0
48.05997,165.5144,0
48.06997,165.3015,0
48.07997,165.0591,0
48.08997,164.8481,0
48.09996,164.6385,0
48.10997,164.3993,0
48.11996,164.1916,0
48.12997,163.9168,0
48.13997,163.7093,0
48.14997,163.4721,0
48.15997,163.2664,0
48.16997,163.0582,0
48.17997,162.8244,0
48.18996,162.6219,0
48.19997,162.3898,0
48.20996,162.1891,0
48.21997,161.9175,0
48.22997,161.7131,0
48.23997,161.5101,0
48.24997,161.2817,0
48.25996,161.0845,0
48.26997,160.8849,0
48.27996,160.6557,0
48.28997,160.4579,0
48.29996,160.2242,0
48.30997,159.9967,0
48.31997,159.8007,0
48.32997,159.6062,0
48.33997,159.382,0
48.34996,159.1893,0
48.35997,158.9607,0
48.36996,158.7343,0
48.37997,158.5394,0
48.38997,158.3499,0
48.39997,158.162,0
48.40997,157.9444,0
48.41996,157.7169,0
48.42997,157.5268,0
48.43996,157.307,0
48.44997,157.1226,0
48.45996,156.9398,0
48.46997,156.7171,0
48.47997,156.5006,0
48.48997,156.3155,0
48.49997,156.1319,0
48.50996,155.9499,0
48.51997,155.7008,0
48.52996,155.5191,0
48.53997,155.3389,0
48.54996,155.16,0
48.55997,154.9517,0
48.56997,154.7334,0
48.57996,154.5524,0
48.58997,154.377,0
48.59996,154.2031,0
48.60997,153.9934,0
48.61996,153.7858,0
48.62997,153.6097,0
48.63997,153.4351,0
48.64997,153.262,0
48.65997,153.0259,0
48.66996,152.8531,0
48.67997,152.6818,0
48.68996,152.512,0
48.69997,152.3064,0
48.70996,152.107,0
48.71997,151.935,0
48.72997,151.7685,0
48.73997,151.5662,0
48.74997,151.3701,0
48.75996,151.2054,0
48.76997,151.0421,0
48.77996,150.808,0
48.78997,150.6411,0
48.79996,150.4796,0
48.80997,150.2512,0
48.81997,150.09,0
48.82996,149.9263,0
48.83997,149.7643,0
48.84996,149.5664,0
48.85997,149.3747,0
48.86996,149.2183,0
48.87997,149.0594,0
48.88997,148.8336,0
48.89997,148.6751,0
48.90997,148.518,0
48.91996,148.3252,0
48.92997,148.1385,0
48.93996,147.9833,0
48.94997,147.7921,0
48.95996,147.6383,0
48.96997,147.455,0
48.97997,147.303,0
48.98996,147.1112,0
48.99997,146.9257,0
49.00996,146.7754,0
49.01997,146.5894,0
49.02996,146.4408,0
49.03997,146.2584,0
49.04996,146.0702,0
49.05997,145.9193,0
49.06997,145.7699,0
49.07996,145.5576,0
49.08997,145.4125,0
49.09996,145.2648,0
49.10997,145.0814,0
49.11996,144.9042,0
49.12997,144.7584,0
49.13997,144.5767,0
49.14996,144.4324,0
49.15997,144.2896,0
49.16996,144.0799,0
49.17997,143.9374,0
49.18996,143.7963,0
49.19997,143.5884,0
49.20996,143.4436,0
49.21997,143.3044,0
49.22997,143.1293,0
49.23996,142.9605,0
49.24997,142.823,0
49.25996,142.6457,0
49.26997,142.5058,0
49.27996,142.33,0
49.28997,142.1645,0
49.29996,142.0303,0
49.30996,141.8604,0
49.31997,141.7237,0
49.32996,141.5575,0
49.33997,141.3853,0
49.34996,141.2504,0
49.35997,141.1171,0
49.36996,140.9208,0
49.37997,140.7877,0
49.38997,140.6188,0
49.39996,140.4872,0
49.40997,140.3572,0
49.41996,140.1602,0
49.42997,140.0264,0
49.43996,139.8608,0
49.44997,139.7325,0
49.45996,139.5746,0
49.46996,139.4108,0
49.47997,139.2842,0
49.48996,139.118,0
49.49997,138.989,0
49.50996,138.8344,0
49.51997,138.6739,0
49.52996,138.5507,0
49.53997,138.3916,0
49.54996,138.2349,0
49.55996,138.1095,0
49.56997,137.9483,0
49.57996,137.8283,0
49.58997,137.6726,0
49.59996,137.5542,0
49.60997,137.3649,0
49.61996,137.2428,0
49.62997,137.1222,0
49.63997,136.9658,0
49.64996,136.8156,0
49.65997,136.6594,0
49.66996,136.5406,0
49.67997,136.386,0
49.68996,136.2687,0
49.69997,136.1218,0
49.70996,135.9689,0
49.71996,135.8493,0
49.72997,135.698,0
49.73996,135.584,0
49.74997,135.4031,0
49.75996,135.2893,0
49.76997,135.1397,0
49.77996,135.0235,0
49.78997,134.9089,0
49.79996,134.7623,0
49.80996,134.622,0
49.81997,134.4757,0
49.82996,134.3668,0
49.83997,134.218,0
49.84996,134.1067,0
49.85997,133.9283,0
49.86996,133.8172,0
49.87996,133.6741,0
49.88997,133.5685,0
49.89996,133.4231,0
49.90997,133.2839,0
49.91996,133.176,0
49.92997,133.0324,0
49.93996,132.926,0
49.94997,132.7879,0
49.95996,132.6831,0
49.96996,132.5113,0
49.97997,132.4067,0
49.98996,132.2664,0
49.99997,132.1634,0
50.00996,132.0245,0
50.01997,131.9229,0
50.02996,131.7545,0
50.03996,131.6532,0
50.04996,131.5162,0
50.05996,131.4165,0
50.06997,131.2809,0
50.07996,131.1787,0
50.08997,131.0095,0
50.09996,130.9116,0
50.10997,130.7778,0
50.11996,130.6813,0
50.12996,130.5491,0
50.13997,130.4502,0
50.14996,130.3155,0
50.15997,130.1496,0
50.16996,130.055,0
50.17997,129.9618,0
50.18996,129.8328,0
50.19996,129.6999,0
50.20996,129.6043,0
50.21996,129.4417,0
50.22997,129.3464,0
50.23996,129.2152,0
50.24997,129.1254,0
50.25996,128.9957,0
50.26997,128.9034,0
50.27996,128.7753,0
50.28996,128.6533,0
50.29996,128.5254,0
50.30996,128.4349,0
50.31997,128.3086,0
50.32996,128.2196,0
50.33997,128.0947,0
50.34996,127.9388,0
50.35996,127.85,0
50.36996,127.7253,0
50.37996,127.6382,0
50.38997,127.5111,0
50.39996,127.4254,0
50.40997,127.3039,0
50.41996,127.2197,0
50.42997,127.0685,0
50.43996,126.9472,0
50.44996,126.8593,0
50.45996,126.7355,0
50.46996,126.6531,0
50.47997,126.5349,0
50.48996,126.454,0
50.49997,126.3373,0
50.50996,126.1854,0
50.51996,126.1008,0
50.52996,125.9803,0
50.53996,125.8972,0
50.54996,125.7823,0
50.55996,125.7047,0
50.56997,125.5912,0
50.57996,125.4427,0
50.58997,125.3614,0
50.59996,125.2442,0
50.60996,125.1644,0
50.61996,125.0528,0
50.62996,124.9784,0
50.63997,124.8643,0
50.64996,124.7502,0
50.65997,124.6423,0
50.66996,124.5284,0
50.67997,124.452,0
50.68996,124.3396,0
50.69996,124.2273,0
50.70996,124.1523,0
50.71996,124.0414,0
50.72997,123.968,0
50.73996,123.8586,0
50.74997,123.7183,0
50.75996,123.645,0
50.76996,123.532,0
50.77996,123.4603,0
50.78996,123.3528,0
50.79996,123.2453,0
50.80996,123.1751,0
50.81997,123.0691,0
50.82996,122.9653,0
50.83997,122.8556,0
50.84996,122.7498,0
50.85996,122.6814,0
50.86996,122.5772,0
50.87996,122.5103,0
50.88997,122.4076,0
50.89996,122.3009,0
50.90997,122.2316,0
50.91996,122.0953,0
50.92996,121.9928,0
50.93996,121.9277,0
50.94996,121.8268,0
50.95996,121.7592,0
50.96996,121.6559,0
50.97997,121.5525,0
50.98996,121.4552,0
50.99997,121.3561,0
51.00996,121.257,0
51.01996,121.1952,0
51.02996,121.0935,0
51.03996,121.0293,0
51.04996,120.9292,0
51.05996,120.829,0
51.06997,120.7663,0
51.07996,120.6406,0
51.08996,120.5407,0
51.09996,120.4782,0
51.10996,120.3799,0
51.11996,120.2816,0
51.12996,120.2206,0
51.13997,120.1238,0
51.14996,120.027,0
51.15997,119.9675,0
51.16996,119.8412,0
51.17996,119.782,0
51.18996,119.6869,0
51.19996,119.5919,0
51.20996,119.5343,0
51.21996,119.4407,0
51.22997,119.3472,0
51.23996,119.291,0
51.24996,119.1991,0
51.25996,119.0759,0
51.26996,119.0201,0
51.27996,118.9283,0
51.28996,118.8326,0
51.29996,118.7742,0
51.30996,118.684,0
51.31997,118.5938,0
51.32996,118.541,0
51.33996,118.4211,0
51.34996,118.3312,0
51.35996,118.2746,0
51.36996,118.1821,0
51.37996,118.0898,0
51.38997,118.0387,0
51.39996,117.9517,0
51.40996,117.8648,0
51.41996,117.7779,0
51.42996,117.6932,0
51.43996,117.6025,0
51.44996,117.5493,0
51.45996,117.4601,0
51.46996,117.375,0
51.47997,117.2899,0
51.48996,117.2381,0
51.49996,117.1505,0
51.50996,117.0318,0
51.51996,116.9802,0
51.52996,116.8929,0
51.53996,116.8095,0
51.54996,116.7635,0
51.55996,116.6776,0
51.56997,116.5918,0
51.57996,116.5433,0
51.58996,116.459,0
51.59996,116.3436,0
51.60996,116.3265,0
51.61996,116.2166,0
51.62996,116.1325,0
51.63997,116.0484,0
51.64996,116.0018,0
51.65996,115.9192,0
51.66996,115.8367,0
51.67996,115.7603,0
51.68996,115.7092,0
51.69996,115.597,0
51.70996,115.5521,0
51.71996,115.4714,0
51.72997,115.3906,0
51.73996,115.3098,0
51.74996,115.2664,0
51.75996,115.1872,0
51.76996,115.104,0
51.77996,115.0309,0
51.78996,114.952,0
51.79996,114.873,0
51.80996,114.7939,0
51.81996,114.7523,0
51.82996,114.6748,0
51.83996,114.5934,0
51.84996,114.5493,0
51.85996,114.4734,0
51.86996,114.3663,0
51.87996,114.3576,0
51.88997,114.252,0
51.89996,114.1763,0
51.90996,114.0966,0
51.91996,114.0543,0
51.92996,113.9801,0
51.93996,113.9059,0
51.94996,113.8318,0
51.95996,113.795,0
51.96996,113.7223,0
51.97996,113.6145,0
51.98996,113.6051,0
51.99996,113.4989,0
52.00996,113.4265,0
52.01996,113.3541,0
52.02996,113.3191,0
52.03996,113.2482,0
52.04996,113.1733,0
52.05996,113.0984,0
52.06996,113.061,0
52.07996,112.9876,0
52.08996,112.887,0
52.09996,112.8476,0
52.10996,112.7845,0
52.11996,112.7114,0
52.12996,112.6383,0
52.13996,112.5652,0
52.14996,112.5295,0
52.15996,112.4579,0
52.16996,112.3864,0
52.17996,112.3148,0
52.18996,112.2766,0
52.19996,112.1714,0
52.20996,112.1352,0
52.21996,112.0381,0
52.22996,112.0081,0
52.23996,111.9423,0
52.24996,111.8765,0
52.25996,111.844,0
52.26996,111.7758,0
52.27996,111.7075,0
52.28996,111.6393,0
52.29996,111.571,0
52.30996,111.5401,0
52.31996,111.4422,0
52.32996,111.4013,0
52.33996,111.2995,0
52.34996,111.2648,0
52.35996,111.1943,0
52.36996,111.1318,0
52.37996,111.1066,0
52.38996,111.0456,0
52.39996,110.9807,0
52.40996,110.9157,0
52.41996,110.8507,0
52.42996,110.8231,0
52.43996,110.7596,0
52.44996,110.6651,0
52.45996,110.6315,0
52.46996,110.5703,0
52.47996,110.5031,0
52.48996,110.4359,0
52.49996,110.3687,0
52.50996,110.3389,0
52.51996,110.2732,0
52.52996,110.2155,0
52.53996,110.1578,0
52.54996,110.0961,0
52.55996,110.0718,0
52.56996,110.0117,0
52.57996,109.9204,0
52.58996,109.8901,0
52.59996,109.8361,0
52.60996,109.7762,0
52.61996,109.7123,0
52.62996,109.6485,0
52.63996,109.5846,0
52.64996,109.5581,0
52.65996,109.4957,0
52.66996,109.4332,0
52.67996,109.371,0
52.68996,109.3499,0
52.69996,109.2931,0
52.70996,109.2362,0
52.71996,109.1794,0
52.72996,109.0914,0
52.73996,109.1017,0
52.74996,109.0153,0
52.75996,108.9586,0
52.76996,108.8981,0
52.77996,108.8374,0
52.78996,108.8142,0
52.79996,108.7552,0
52.80996,108.6961,0
52.81996,108.637,0
52.82996,108.6153,0
52.83996,108.5306,0
52.84996,108.4757,0
52.85996,108.4209,0
52.86996,108.3661,0
52.87996,108.3486,0
52.88996,108.2953,0
52.89996,108.242,0
52.90996,108.1846,0
52.91996,108.1274,0
52.92996,108.1075,0
52.93996,108.0516,0
52.94996,107.9959,0
52.95996,107.9401,0
52.96996,107.8844,0
52.97996,107.8659,0
52.98996,107.8077,0
52.99996,107.7574,0
53.00996,107.7072,0
53.01996,107.6569,0
53.02996,107.5443,0
53.03996,107.5911,0
53.04996,107.4801,0
53.05996,107.4871,0
53.06996,107.3721,0
53.07996,107.3542,0
53.08996,107.3004,0
53.09996,107.2467,0
53.10996,107.193,0
53.11996,107.1392,0
53.12996,107.1189,0
53.13996,107.0626,0
53.14996,107.0064,0
53.15996,106.9502,0
53.16996,106.9019,0
53.17996,106.8911,0
53.18996,106.8443,0
53.19996,106.7976,0
53.20996,106.7469,0
53.21996,106.6962,0
53.22996,106.6455,0
53.23996,106.6321,0
53.24996,106.583,0
53.25996,106.5338,0
53.26996,106.4846,0
53.27996,106.4314,0
53.28996,106.3783,0
53.29996,106.3625,0
53.30996,106.3108,0
53.31996,106.1969,0
53.32996,106.2129,0
53.33996,106.1069,0
53.34996,106.0981,0
53.35996,106.0494,0
53.36996,106.0007,0
53.37996,105.952,0
53.38996,105.9033,0
53.39996,105.892,0
53.40996,105.8449,0
53.41996,105.7977,0
53.42996,105.7466,0
53.43996,105.6954,0
53.44996,105.6443,0
53.45996,105.6305,0
53.46996,105.5809,0
53.47996,105.5312,0
53.48996,105.4896,0
53.49996,105.448,0
53.50996,105.4023,0
53.51996,105.394,0
53.52996,105.3499,0
53.53996,105.3058,0
53.54996,105.2617,0
53.55996,105.2176,0
53.56996,105.1734,0
53.57996,105.1254,0
53.58996,105.1146,0
53.59996,105.0681,0
53.60996,105.0215,0
53.61996,104.9749,0
53.62996,104.9283,0
53.63996,104.8195,0
53.64996,104.8779,0
53.65996,104.7746,0
53.66996,104.7933,0
53.67996,104.6899,0
53.68996,104.6463,0
53.69996,104.64,0
53.70996,104.5979,0
53.71996,104.5558,0
53.72996,104.5138,0
53.73996,104.4677,0
53.74996,104.4216,0
53.75996,104.3755,0
53.76996,104.3668,0
53.77996,104.3222,0
53.78996,104.2777,0
53.79996,104.2331,0
53.80996,104.1926,0
53.81996,104.152,0
53.82996,104.1488,0
53.83996,104.1097,0
53.84996,104.0707,0
53.85996,104.0316,0
53.86996,103.9926,0
53.87996,103.9535,0
53.88996,103.9105,0
53.89996,103.9048,0
53.90996,103.8633,0
53.91996,103.8218,0
53.92996,103.7803,0
53.93996,103.7388,0
53.94996,103.6973,0
53.95996,103.5935,0
53.96996,103.6531,0
53.97996,103.5548,0
53.98996,103.5785,0
53.99996,103.4802,0
54.00996,103.504,0
54.01996,103.4057,0
54.02996,103.4045,0
54.03996,103.3635,0
54.04996,103.3224,0
54.05996,103.2814,0
54.06996,103.2404,0
54.07996,103.1994,0
54.08996,103.1584,0
54.09996,103.1548,0
54.10996,103.1153,0
54.11996,103.0718,0
54.12996,103.0284,0
54.13996,102.9929,0
54.14996,102.9574,0
54.15996,102.9218,0
54.16996,102.9237,0
54.17996,102.8897,0
54.18996,102.8557,0
54.19996,102.8178,0
54.20996,102.7798,0
54.21996,102.7419,0
54.22996,102.7039,0
54.23996,102.6659,0
54.24996,102.6653,0
54.25996,102.6289,0
54.26996,102.5885,0
54.27996,102.548,0
54.28996,102.5076,0
54.29996,102.4752,0
54.30996,102.4427,0
54.31996,102.4103,0
54.32996,102.4152,0
54.33996,102.3219,0
54.34996,102.3507,0
54.35996,102.2575,0
54.36996,102.2241,0
54.37996,102.1906,0
54.38996,102.1491,0
54.39996,102.145,0
54.40996,102.1051,0
54.41996,102.0652,0
54.42996,102.0252,0
54.43996,101.9854,0
54.44996,101.9454,0
54.45996,101.9134,0
54.46996,101.9189,0
54.47996,101.8884,0
54.48996,101.858,0
54.49996,101.8275,0
54.50996,101.7971,0
54.51996,101.7667,0
54.52996,101.7362,0
54.53996,101.7058,0
54.54996,101.6674,0
54.55996,101.6664,0
54.56996,101.6294,0
54.57996,101.5926,0
54.58996,101.5557,0
54.59996,101.5188,0
54.60996,101.482,0
54.61996,101.4451,0
54.62996,101.4162,0
54.63996,101.4246,0
54.64996,101.3972,0
54.65996,101.3698,0
54.66996,101.3424,0
54.67996,101.315,0
54.68996,101.2503,0
54.69996,101.2882,0
54.70996,101.2543,0
54.71996,101.2205,0
54.72996,101.1867,0
54.73996,101.1529,0
54.74996,101.119,0
54.75996,101.0852,0
54.76996,100.989,0
54.77996,101.0149,0
54.78996,100.9268,0
54.79996,100.9607,0
54.80996,100.8725,0
54.81996,100.8441,0
54.82996,100.8157,0
54.83996,100.7872,0
54.84996,100.8336,0
54.85996,100.7255,0
54.86996,100.7639,0
54.87996,100.7305,0
54.88996,100.6972,0
54.89996,100.6639,0
54.90996,100.6306,0
54.91996,100.5972,0
54.92996,100.5639,0
54.93996,100.5305,0
54.94996,100.4972,0
54.95996,100.4718,0
54.96996,100.4465,0
54.97996,100.4211,0
54.98996,100.3957,0
54.99996,100.3704,0
55.00996,100.345,0
55.01996,100.3117,0
55.02996,100.2783,0
55.03996,100.3197,0
55.04996,100.2147,0
55.05996,100.2561,0
55.06996,100.2258,0
55.07996,100.1955,0
55.08996,100.1652,0
55.09996,100.1349,0
55.10996,100.1047,0
55.11996,100.0823,0
55.12996,100.06,0
55.13996,100.0377,0
55.14996,100.0154,0
55.15996,99.93076,0
55.16996,99.9682,0
55.17996,99.87561,0
55.18996,99.90506,0
55.19996,99.81252,0
55.20996,99.8544,0
55.21996,99.74985,0
55.22996,99.79178,0
55.23996,99.76195,0
55.24996,99.73221,0
55.25996,99.70242,0
55.26996,99.67258,0
55.27996,99.64281,0
55.28996,99.62099,0
55.29996,99.59917,0
55.30996,99.57735,0
55.31996,99.5555,0
55.32996,99.53366,0
55.33996,99.50391,0
55.34996,99.47414,0
55.35996,99.44434,0
55.36996,99.41455,0
55.37996,99.38474,0
55.38996,99.35497,0
55.39996,99.32516,0
55.40996,99.29538,0
55.41996,99.34032,0
55.42996,99.23883,0
55.43996,99.28381,0
55.44996,99.265,0
55.45996,99.24622,0
55.46996,99.22746,0
55.47996,99.20868,0
55.48996,99.18993,0
55.49996,99.16315,0
55.50996,99.13634,0
55.51996,99.10966,0
55.52996,99.08295,0
55.53996,99.0562,0
55.54996,99.02942,0
55.55996,98.94038,0
55.56996,98.97339,0
55.57996,98.88435,0
55.58996,98.91733,0
55.59996,98.82837,0
55.60996,98.86134,0
55.61996,98.7803,0
55.62996,98.89595,0
55.63996,98.74323,0
55.64996,98.79662,0
55.65996,98.77036,0
55.66996,98.74416,0
55.67996,98.71786,0
55.68996,98.69167,0
55.69996,98.66542,0
55.70996,98.63916,0
55.71996,98.61293,0
55.72996,98.58667,0
55.73996,98.56035,0
55.74996,98.53416,0
55.75996,98.5079,0
55.76996,98.4817,0
55.77996,98.45544,0
55.78996,98.43718,0
55.79996,98.41887,0
55.80996,98.40057,0
55.81996,98.37437,0
55.82996,98.34811,0
55.83996,98.32187,0
55.84996,98.29561,0
55.85996,98.34409,0
55.86996,98.24617,0
55.87996,98.2946,0
55.88996,98.27148,0
55.89996,98.24825,0
55.90996,98.22508,0
55.91996,98.20184,0
55.92996,98.17868,0
55.93996,98.1555,0
55.94996,98.14021,0
55.95996,98.125,0
55.96996,98.10977,0
55.97996,98.08659,0
55.98996,98.06337,0
55.99996,98.04019,0
56.00996,98.01697,0
56.01996,97.99373,0
56.02996,97.97057,0
56.03996,97.94736,0
56.04996,97.92418,0
56.05996,97.90102,0
56.06996,97.87778,0
56.07996,97.79233,0
56.08996,97.90359,0
56.09996,97.74638,0
56.10996,97.85765,0
56.11996,97.70848,0
56.12996,97.82768,0
56.13996,97.67853,0
56.14996,97.78978,0
56.15996,97.70735,0
56.16996,97.68465,0
56.17996,97.66194,0
56.18996,97.63921,0
56.19996,97.61656,0
56.20996,97.59384,0
56.21996,97.57111,0
56.22996,97.54845,0
56.23996,97.52574,0
56.24996,97.50301,0
56.25996,97.48036,0
56.26996,97.45763,0
56.27996,97.43492,0
56.28996,97.42023,0
56.29996,97.40546,0
56.30996,97.38275,0
56.31996,97.36008,0
56.32996,97.33734,0
56.33996,97.31458,0
56.34996,97.36668,0
56.35996,97.27232,0
56.36996,97.32433,0
56.37996,97.22997,0
56.38996,97.28197,0
56.39996,97.26234,0
56.40996,97.24269,0
56.41996,97.22295,0
56.42996,97.20337,0
56.43996,97.18373,0
56.44996,97.17195,0
56.45996,97.16031,0
56.46996,97.14069,0
56.47996,97.12097,0
56.48996,97.10138,0
56.49996,97.08163,0
56.50996,97.06204,0
56.51996,97.04239,0
56.52996,97.02277,0
56.53996,97.00311,0
56.54996,96.98347,0
56.55996,96.96382,0
56.56996,96.94412,0
56.57996,96.86223,0
56.58996,96.90227,0
56.59996,96.82036,0
56.60996,96.93517,0
56.61996,96.78947,0
56.62996,96.91226,0
56.63996,96.75864,0
56.64996,96.87347,0
56.65996,96.71985,0
56.66996,96.77235,0
56.67996,96.75322,0
56.68996,96.73404,0
56.69996,96.7149,0
56.70996,96.69577,0
56.71996,96.67659,0
56.72996,96.65746,0
56.73996,96.63826,0
56.74996,96.61911,0
56.75996,96.59999,0
56.76996,96.58084,0
56.77996,96.56166,0
56.78996,96.55048,0
56.79996,96.53134,0
56.80996,96.51215,0
56.81996,96.49303,0
56.82996,96.47383,0
56.83996,96.45464,0
56.84996,96.43555,0
56.85996,96.41635,0
56.86996,96.39722,0
56.87996,96.3781,0
56.88996,96.3589,0
56.89996,96.33972,0
56.90996,96.32059,0
56.91996,96.37614,0
56.92996,96.28535,0
56.93996,96.34088,0
56.94996,96.25009,0
56.95996,96.31358,0
56.96996,96.29749,0
56.97996,96.28131,0
56.98996,96.26527,0
56.99996,96.24913,0
57.00996,96.23305,0
57.01996,96.21693,0
57.02996,96.20084,0
57.03996,96.18474,0
57.04996,96.16866,0
57.05996,96.1525,0
57.06996,96.1364,0
57.07996,96.12032,0
57.08996,96.04184,0
57.09996,96.08549,0
57.10996,96.00711,0
57.11996,96.05075,0
57.12996,95.9724,0
57.13996,96.01602,0
57.14996,95.93759,0
57.15996,95.98125,0
57.16996,95.9028,0
57.17996,95.88419,0
57.18996,95.86551,0
57.19996,95.84683,0
57.20996,95.8282,0
57.21996,95.88426,0
57.22996,95.79391,0
57.23996,95.84999,0
57.24996,95.75967,0
57.25996,95.81572,0
57.26996,95.80008,0
57.27996,95.78453,0
57.28996,95.76889,0
57.29996,95.75328,0
57.30996,95.7377,0
57.31996,95.72203,0
57.32996,95.70645,0
57.33996,95.69084,0
57.34996,95.67523,0
57.35996,95.65953,0
57.36996,95.64398,0
57.37996,95.62834,0
57.38996,95.61279,0
57.39996,95.59712,0
57.40996,95.58154,0
57.41996,95.56593,0
57.42996,95.55032,0
57.43996,95.5347,0
57.44996,95.51913,0
57.45996,95.50348,0
57.46996,95.48788,0
57.47996,95.47229,0
57.48996,95.45667,0
57.49996,95.44107,0
57.50996,95.42545,0
57.51996,95.40982,0
57.52996,95.39413,0
57.53996,95.3786,0
57.54996,95.36292,0
57.55996,95.34738,0
57.56996,95.3317,0
57.57996,95.39087,0
57.58996,95.30359,0
57.59996,95.36273,0
57.60996,95.27541,0
57.61996,95.33453,0
57.62996,95.23927,0
57.63996,95.2984,0
57.64996,95.2858,0
57.65996,95.27327,0
57.66996,95.2607,0
57.67996,95.18585,0
57.68996,95.23302,0
57.69996,95.15819,0
57.70996,95.20534,0
57.71996,95.13051,0
57.72996,95.17767,0
57.73996,95.10278,0
57.74996,95.15001,0
57.75996,95.07516,0
57.76996,95.06003,0
57.77996,95.04494,0
57.78996,95.0298,0
57.79996,95.00665,0
57.80996,94.99162,0
57.81996,94.9765,0
57.82996,94.96135,0
57.83996,94.94627,0
57.84996,94.93112,0
57.85996,94.91605,0
57.86996,94.90089,0
57.87996,94.88574,0
57.88996,94.8707,0
57.89996,94.85559,0
57.90996,94.84045,0
57.91996,94.82536,0
57.92996,94.88496,0
57.93996,94.79819,0
57.94996,94.85779,0
57.95996,94.83325,0
57.96996,94.88747,0
57.97996,94.80319,0
57.98996,94.86542,0
57.99996,94.78111,0
58.00996,94.84331,0
58.01996,94.759,0
58.02996,94.82121,0
58.03996,94.81171,0
58.04996,94.8022,0
58.05996,94.79263,0
58.06996,94.78317,0
58.07996,94.77362,0
58.08996,94.76411,0
58.09996,94.75459,0
58.10996,94.7451,0
58.11996,94.73557,0
58.12996,94.72601,0
58.13996,94.71652,0
58.14996,94.70699,0
58.15996,94.69749,0
58.16996,94.68797,0
58.17996,94.67847,0
58.18996,94.66895,0
58.19996,94.65944,0
58.20996,94.64986,0
58.21996,94.64037,0
58.22996,94.63089,0
58.23996,94.62134,0
58.24996,94.61182,0
58.25996,94.60228,0
58.26996,94.59277,0
58.27996,94.58327,0
58.28996,94.57373,0
58.29996,94.56422,0
58.30996,94.55464,0
58.31996,94.54518,0
58.32996,94.53568,0
58.33996,94.52615,0
58.34996,94.51663,0
58.35996,94.50713,0
58.36996,94.4976,0
58.37996,94.48808,0
58.38996,94.47855,0
58.39996,94.46899,0
58.40996,94.45952,0
58.41996,94.45,0
58.42996,94.44048,0
58.43996,94.43094,0
58.44996,94.42148,0
58.45996,94.41193,0
58.46996,94.39445,0
58.47996,94.38486,0
58.48996,94.37541,0
58.49996,94.36588,0
58.50996,94.3564,0
58.51996,94.34682,0
58.52996,94.33736,0
58.53996,94.32782,0
58.54996,94.39304,0
58.55996,94.31186,0
58.56996,94.37708,0
58.57996,94.29582,0
58.58996,94.36108,0
58.59996,94.27986,0
58.60996,94.34505,0
58.61996,94.26384,0
58.62996,94.32906,0
58.63996,94.31467,0
58.64996,94.30817,0
58.65996,94.30168,0
58.66996,94.29524,0
58.67996,94.28879,0
58.68996,94.28229,0
58.69996,94.27585,0
58.70996,94.26935,0
58.71996,94.26285,0
58.72996,94.25641,0
58.73996,94.24985,0
58.74996,94.24347,0
58.75996,94.237,0
58.76996,94.23048,0
58.77996,94.22406,0
58.78996,94.2175,0
58.79996,94.21111,0
58.80996,94.19667,0
58.81996,94.1902,0
58.82996,94.1837,0
58.83996,94.17726,0
58.84996,94.17079,0
58.85996,94.16429,0
58.86996,94.15779,0
58.87996,94.15135,0
58.88996,94.14488,0
58.89996,94.13844,0
58.90996,94.13194,0
58.91996,94.12541,0
58.92996,94.11902,0
58.93996,94.11255,0
58.94996,94.10606,0
58.95996,94.09961,0
58.96996,94.09314,0
58.97996,94.0787,0
58.98996,94.07224,0
58.99996,94.06573,0
59.00996,94.05927,0
59.01996,94.05276,0
59.02996,94.0463,0
59.03996,94.03986,0
59.04996,94.03337,0
59.05996,94.02693,0
59.06996,94.02042,0
59.07996,94.0139,0
59.08996,94.00749,0
59.09996,94.00102,0
59.10996,93.99454,0
59.11996,93.98805,0
59.12996,93.98161,0
59.13996,93.97514,0
59.14996,93.96068,0
59.15996,93.95424,0
59.16996,93.94777,0
59.17996,93.9413,0
59.18996,93.93483,0
59.19996,93.92833,0
59.20996,93.92184,0
59.21996,93.91537,0
59.22996,93.90892,0
59.23996,93.90247,0
59.24996,93.896,0
59.25996,93.88953,0
59.26996,93.88306,0
59.27996,93.87659,0
59.28996,93.87009,0
59.29996,93.86356,0
59.30996,93.85715,0
59.31996,93.84274,0
59.32996,93.83621,0
59.33996,93.90448,0
59.34996,93.82635,0
59.35996,93.89462,0
59.36996,93.81644,0
59.37996,93.88474,0
59.38996,93.80655,0
59.39996,93.87483,0
59.40996,93.79665,0
59.41996,93.86491,0
59.42996,93.78677,0
59.43996,93.85504,0
59.44996,93.77687,0
59.45996,93.84514,0
59.46996,93.76695,0
59.47996,93.83522,0
59.48996,93.82378,0
59.49996,93.8204,0
59.50996,93.81702,0
59.51996,93.81351,0
59.52996,93.81012,0
59.53996,93.80667,0
59.54996,93.80331,0
59.55996,93.79988,0
59.56996,93.79639,0
59.57996,93.793,0
59.58996,93.78955,0
59.59996,93.78616,0
59.60996,93.78278,0
59.61996,93.77927,0
59.62996,93.77586,0
59.63996,93.77242,0
59.64996,93.76903,0
59.65996,93.75764,0
59.66996,93.75426,0
59.67996,93.75079,0
59.68996,93.74734,0
59.69996,93.74397,0
59.70996,93.74055,0
59.71996,93.73711,0
59.72996,93.73366,0
59.73996,93.73024,0
59.74996,93.72681,0
59.75996,93.72342,0
59.76996,93.72,0
59.77996,93.71655,0
59.78996,93.7131,0
59.79996,93.70969,0
59.80996,93.70625,0
59.81996,93.70284,0
59.82996,93.69147,0
59.83996,93.68802,0
59.84996,93.6846,0
59.85996,93.68121,0
59.86996,93.6778,0
59.87996,93.67436,0
59.88996,93.67088,0
59.89996,93.6675,0
59.90996,93.66408,0
59.91996,93.66066,0
59.92996,93.65723,0
59.93996,93.65375,0
59.94996,93.65036,0
59.95996,93.6469,0
59.96996,93.64354,0
59.97996,93.64003,0
59.98996,93.63667,0
59.99996,93.62527,0
60.00996,93.62183,0
60.01996,93.61841,0
60.02996,93.61499,0
60.03996,93.61154,0
60.04996,93.60812,0
60.05996,93.60472,0
60.06996,93.6013,0
60.07996,93.59785,0
60.08996,93.59445,0
60.09996,93.59103,0
60.10996,93.58762,0
60.11996,93.5842,0
60.12996,93.58076,0
60.13996,93.57729,0
60.14996,93.57387,0
60.15996,93.57039,0
60.16996,93.5591,0
60.17996,93.55563,0
60.18996,93.55222,0
60.19996,93.5488,0
60.20996,93.54535,0
60.21996,93.54193,0
60.22996,93.53853,0
60.23996,93.53511,0
60.24996,93.53171,0
60.25996,93.52823,0
60.26996,93.52481,0
60.27996,93.52139,0
60.28996,93.51791,0
60.29996,93.51456,0
60.30996,93.51112,0
60.31996,93.50771,0
60.32996,93.50429,0
60.33996,93.49287,0
60.34996,93.48946,0
60.35996,93.48605,0
60.36996,93.48264,0
60.37996,93.47917,0
60.38996,93.47575,0
60.39996,93.47237,0
60.40996,93.46889,0
60.41996,93.46547,0
60.42996,93.46207,0
60.43996,93.45862,0
60.44996,93.4552,0
60.45996,93.45178,0
60.46996,93.44836,0
60.47996,93.44492,0
60.48996,93.44151,0
60.49996,93.43811,0
60.50996,93.43466,0
60.51996,93.43124,0
60.52996,93.42783,0
60.53996,93.42438,0
60.54996,93.42096,0
60.55996,93.41756,0
60.56996,93.41411,0
60.57996,93.41069,0
60.58996,93.40724,0
60.59996,93.40382,0
60.60996,93.40042,0
60.61996,93.39699,0
60.62996,93.39351,0
60.63996,93.39012,0
60.64996,93.3867,0
60.65996,93.38332,0
60.66996,93.37984,0
60.67996,93.37646,0
60.68996,93.37302,0
60.69996,93.3696,0
60.70996,93.36615,0
60.71996,93.36267,0
60.72996,93.35934,0
60.73996,93.35591,0
60.74996,93.35249,0
60.75996,93.34906,0
60.76996,93.34564,0
60.77996,93.34219,0
60.78996,93.33875,0
60.79996,93.41008,0
60.80996,93.33498,0
60.81996,93.40628,0
60.82996,93.33115,0
60.83996,93.4025,0
60.84996,93.32733,0
60.85996,93.3987,0
60.86996,93.26125,0
60.87996,93.39229,0
60.88996,93.25488,0
60.89996,93.32368,0
60.90996,93.32072,0
60.91996,93.31775,0
60.92996,93.3772,0
60.93996,93.23978,0
60.94995,93.3708,0
60.95996,93.23344,0
60.96996,93.30217,0
60.97996,93.29926,0
60.98996,93.29634,0
60.99996,93.29343,0
61.00996,93.29047,0
61.01996,93.28755,0
61.02996,93.28462,0
61.03996,93.28171,0
61.04996,93.27878,0
61.05996,93.27586,0
61.06996,93.27287,0
61.07996,93.2699,0
61.08996,93.26703,0
61.09996,93.26411,0
61.10995,93.26118,0
61.11996,93.25827,0
61.12996,93.25536,0
61.13996,93.25243,0
61.14996,93.24951,0
61.15996,93.24658,0
61.16996,93.24367,0
61.17996,93.24074,0
61.18996,93.23776,0
61.19995,93.23489,0
61.20996,93.23192,0
61.21996,93.22893,0
61.22996,93.22607,0
61.23996,93.22318,0
61.24996,93.22026,0
61.25996,93.21729,0
61.26995,93.21437,0
61.27996,93.21144,0
61.28996,93.20854,0
61.29996,93.20557,0
61.30996,93.20264,0
61.31996,93.19972,0
61.32996,93.19679,0
61.33996,93.19385,0
61.34996,93.19098,0
61.35995,93.188,0
61.36996,93.1851,0
61.37996,93.18219,0
61.38996,93.17928,0
61.39996,93.17633,0
61.40996,93.1734,0
61.41996,93.17049,0
61.42996,93.16753,0
61.43996,93.1646,0
61.44995,93.16165,0
61.45996,93.15872,0
61.46996,93.15584,0
61.47996,93.15291,0
61.48996,93.14999,0
61.49996,93.14703,0
61.50996,93.14412,0
61.51995,93.14117,0
61.52996,93.14626,0
61.53996,93.1433,0
61.54996,93.14035,0
61.55996,93.13742,0
61.56996,93.13454,0
61.57996,93.13161,0
61.58996,93.12866,0
61.59996,93.12573,0
61.60995,93.12283,0
61.61996,93.11989,0
61.62996,93.11696,0
61.63996,93.11401,0
61.64996,93.11113,0
61.65996,93.10815,0
61.66996,93.10526,0
61.67995,93.10231,0
61.68996,93.09938,0
61.69995,93.10443,0
61.70996,93.10153,0
61.71996,93.09859,0
61.72996,93.09563,0
61.73996,93.09271,0
61.74996,93.08981,0
61.75996,93.08685,0
61.76995,93.08397,0
61.77996,93.08102,0
61.78996,93.07811,0
61.79996,93.07515,0
61.80996,93.00995,0
61.81996,93.06674,0
61.82996,93.00154,0
61.83995,93.05833,0
61.84996,92.99313,0
61.85995,93.04993,0
61.86996,92.99272,0
61.87996,93.04945,0
61.88996,92.98431,0
61.89996,93.04111,0
61.90996,92.97591,0
61.91996,93.03271,0
61.92995,92.9675,0
61.93996,92.96199,0
61.94995,92.95653,0
61.95996,92.95108,0
61.96996,92.94556,0
61.97996,92.94011,0
61.98996,92.93465,0
61.99995,92.92914,0
62.00996,92.92368,0
62.01995,92.9182,0
62.02996,92.91273,0
62.03996,92.90723,0
62.04996,92.90178,0
62.05996,92.89627,0
62.06996,92.89081,0
62.07996,92.88538,0
62.08995,92.87987,0
62.09996,92.8744,0
62.10995,92.86896,0
62.11996,92.86346,0
62.12996,92.85796,0
62.13996,92.85249,0
62.14996,92.84702,0
62.15995,92.84149,0
62.16996,92.91078,0
62.17995,92.83365,0
62.18996,92.90288,0
62.19995,92.82576,0
62.20996,92.89499,0
62.21996,92.81786,0
62.22996,92.88708,0
62.23996,92.80989,0
62.24995,92.8791,0
62.25996,92.802,0
62.26995,92.87126,0
62.27996,92.79408,0
62.28996,92.86337,0
62.29996,92.78618,0
62.30996,92.85545,0
62.31996,92.77832,0
62.32996,92.84755,0
62.33995,92.7704,0
62.34996,92.83963,0
62.35995,92.83723,0
62.36996,92.83481,0
62.37996,92.83235,0
62.38996,92.82993,0
62.39996,92.82751,0
62.40995,92.82509,0
62.41996,92.82263,0
62.42995,92.82021,0
62.43996,92.81781,0
62.44995,92.81538,0
62.45996,92.81293,0
62.46996,92.81052,0
62.47996,92.80809,0
62.48996,92.80563,0
62.49995,92.80321,0
62.50996,92.80075,0
62.51995,92.79836,0
62.52996,92.79593,0
62.53996,92.79352,0
62.54996,92.79106,0
62.55996,92.78867,0
62.56995,92.78618,0
62.57996,92.78378,0
62.58995,92.78133,0
62.59996,92.7789,0
62.60995,92.77649,0
62.61996,92.77403,0
62.62996,92.77164,0
62.63996,92.76918,0
62.64996,92.76675,0
62.65995,92.76436,0
62.66996,92.7619,0
62.67995,92.75949,0
62.68996,92.75703,0
62.69995,92.75464,0
62.70996,92.75218,0
62.71996,92.74979,0
62.72995,92.75529,0
62.73996,92.69051,0
62.74995,92.74792,0
62.75996,92.68315,0
62.76995,92.74051,0
62.77996,92.6758,0
62.78996,92.73308,0
62.79996,92.66837,0
62.80996,92.72566,0
62.81995,92.66095,0
62.82996,92.71825,0
62.83995,92.65353,0
62.84996,92.71085,0
62.85995,92.64613,0
62.86996,92.64117,0
62.87996,92.63622,0
62.88995,92.6312,0
62.89996,92.63422,0
62.90995,92.6292,0
62.91996,92.62424,0
62.92995,92.61925,0
62.93996,92.61429,0
62.94995,92.60933,0
62.95996,92.60431,0
62.96996,92.59933,0
62.97995,92.59435,0
62.98996,92.58939,0
62.99995,92.58443,0
63.00996,92.57941,0
63.01995,92.57448,0
63.02996,92.56946,0
63.03996,92.5645,0
63.04995,92.55949,0
63.05996,92.55453,0
63.06995,92.55751,0
63.07996,92.55258,0
63.08995,92.54756,0
63.09996,92.54257,0
63.10995,92.53761,0
63.11996,92.53264,0
63.12996,92.52765,0
63.13995,92.52269,0
63.14996,92.5177,0
63.15995,92.51274,0
63.16996,92.50775,0
63.17995,92.50279,0
63.18996,92.49779,0
63.19995,92.49283,0
63.20995,92.48784,0
63.21996,92.48288,0
63.22995,92.47789,0
63.23996,92.47293,0
63.24995,92.46794,0
63.25996,92.46294,0
63.26995,92.45798,0
63.27996,92.45299,0
63.28996,92.44803,0
63.29995,92.44304,0
63.30996,92.43805,0
63.31995,92.43309,0
63.32996,92.4281,0
63.33995,92.4231,0
63.34996,92.41817,0
63.35995,92.41315,0
63.36996,92.40816,0
63.37996,92.40323,0
63.38995,92.39821,0
63.39996,92.39328,0
63.40995,92.38828,0
63.41996,92.38329,0
63.42995,92.3783,0
63.43996,92.37334,0
63.44995,92.36835,0
63.45995,92.36336,0
63.46996,92.35843,0
63.47995,92.35342,0
63.48996,92.34843,0
63.49995,92.34344,0
63.50996,92.41322,0
63.51995,92.33658,0
63.52996,92.40633,0
63.53996,92.32968,0
63.54995,92.39943,0
63.55996,92.32272,0
63.56995,92.39247,0
63.57996,92.25357,0
63.58995,92.39095,0
63.59996,92.25204,0
63.60995,92.38155,0
63.61995,92.24258,0
63.62996,92.37209,0
63.63995,92.23306,0
63.64996,92.30031,0
63.65995,92.29585,0
63.66996,92.29138,0
63.67995,92.28691,0
63.68996,92.28244,0
63.69995,92.27791,0
63.70995,92.27344,0
63.71996,92.26897,0
63.72995,92.2645,0
63.73996,92.26004,0
63.74995,92.25551,0
63.75996,92.25903,0
63.76995,92.25456,0
63.77995,92.25005,0
63.78996,92.24557,0
63.79995,92.2411,0
63.80996,92.23659,0
63.81995,92.23213,0
63.82996,92.22766,0
63.83995,92.22319,0
63.84996,92.21872,0
63.85995,92.21423,0
63.86995,92.20976,0
63.87996,92.20523,0
63.88995,92.20076,0
63.89996,92.19626,0
63.90995,92.19179,0
63.91996,92.18732,0
63.92995,92.18279,0
63.93995,92.17836,0
63.94995,92.17389,0
63.95995,92.16942,0
63.96996,92.16492,0
63.97995,92.16046,0
63.98996,92.15599,0
63.99995,92.15149,0
64.00996,92.14702,0
64.01995,92.14252,0
64.02995,92.13805,0
64.03996,92.13354,0
64.04996,92.12907,0
64.05995,92.12459,0
64.06995,92.12012,0
64.07996,92.11565,0
64.08996,92.11115,0
64.09995,92.10666,0
64.10995,92.11018,0
64.11996,92.10567,0
64.12995,92.10114,0
64.13995,92.09671,0
64.14996,92.09224,0
64.15996,92.0878,0
64.16995,92.08328,0
64.17995,92.07878,0
64.18996,92.07434,0
64.19995,92.06987,0
64.20995,92.06537,0
64.21996,92.06087,0
64.22996,92.0564,0
64.23995,92.0519,0
64.24995,92.04747,0
64.25996,92.04294,0
64.26995,92.0385,0
64.27995,92.04193,0
64.28996,92.03751,0
64.29996,92.03304,0
64.30995,92.02853,0
64.31995,92.02403,0
64.32996,91.95728,0
64.33996,92.01253,0
64.34995,91.94577,0
64.35995,92.00099,0
64.36996,91.93425,0
64.37995,91.9895,0
64.38995,91.92268,0
64.39996,91.91574,0
64.40996,91.90869,0
64.41995,91.90169,0
64.42995,91.89455,0
64.43996,91.8876,0
64.44995,91.94287,0
64.45995,91.87611,0
64.46996,91.86908,0
64.47996,91.86201,0
64.48995,91.85503,0
64.49995,91.84799,0
64.50996,91.84093,0
64.51995,91.90863,0
64.52995,91.82991,0
64.53996,91.89766,0
64.54996,91.81891,0
64.55995,91.88663,0
64.56995,91.80794,0
64.57996,91.87563,0
64.58995,91.79691,0
64.59995,91.86462,0
64.60995,91.78592,0
64.61996,91.85359,0
64.62995,91.77489,0
64.63995,91.8425,0
64.64996,91.83859,0
64.65996,91.83461,0
64.66995,91.83063,0
64.67995,91.82666,0
64.68996,91.82265,0
64.69995,91.81868,0
64.70995,91.8147,0
64.71996,91.81071,0
64.72996,91.80669,0
64.73995,91.80278,0
64.74995,91.79877,0
64.75996,91.7948,0
64.76995,91.79082,0
64.77995,91.78683,0
64.78996,91.78287,0
64.79996,91.7868,0
64.80995,91.78282,0
64.81995,91.77885,0
64.82996,91.77487,0
64.83995,91.77092,0
64.84995,91.76689,0
64.85995,91.76292,0
64.86996,91.75897,0
64.87995,91.75499,0
64.88995,91.75101,0
64.89996,91.74701,0
64.90995,91.74298,0
64.91995,91.73903,0
64.92995,91.73506,0
64.93996,91.73108,0
64.94995,91.72707,0
64.95995,91.7231,0
64.96996,91.7191,0
64.97996,91.71512,0
64.98995,91.71117,0
64.99995,91.7072,0
65.00996,91.70319,0
65.01995,91.69922,0
65.02995,91.69522,0
65.03996,91.69124,0
65.04996,91.68729,0
65.05995,91.62102,0
65.06995,91.67674,0
65.07996,91.61049,0
65.08995,91.66626,0
65.09995,91.59999,0
65.10995,91.65575,0
65.11996,91.58939,0
65.12995,91.6452,0
65.13995,91.57895,0
65.14996,91.5804,0
65.15995,91.57382,0
65.16995,91.56732,0
65.17995,91.56078,0
65.18996,91.55428,0
65.19995,91.54771,0
65.20995,91.54118,0
65.21996,91.53465,0
65.22996,91.52814,0
65.23995,91.52158,0
65.24995,91.51508,0
65.25996,91.5085,0
65.26995,91.50201,0
65.27995,91.49545,0
65.28996,91.48894,0
65.29996,91.48238,0
65.30995,91.47588,0
65.31995,91.46935,0
65.32996,91.46278,0
65.33995,91.45628,0
65.34995,91.44977,0
65.35995,91.44321,0
65.36996,91.43666,0
65.37995,91.43015,0
65.38995,91.42365,0
65.39996,91.41708,0
65.40995,91.41057,0
65.41995,91.40401,0
65.42995,91.39749,0
65.43996,91.39095,0
65.44995,91.38445,0
65.45995,91.37793,0
65.46996,91.37137,0
65.47995,91.36485,0
65.48995,91.35828,0
65.49995,91.35178,0
65.50996,91.34528,0
65.51995,91.41345,0
65.52995,91.33522,0
65.53996,91.40338,0
65.54996,91.3252,0
65.55995,91.39343,0
65.56995,91.31522,0
65.57996,91.38332,0
65.58995,91.30521,0
65.59995,91.37338,0
65.60995,91.29517,0
65.61996,91.36336,0
65.62995,91.28514,0
65.63995,91.35332,0
65.64996,91.27515,0
65.65995,91.34332,0
65.66995,91.33987,0
65.67995,91.33633,0
65.68996,91.33286,0
65.69995,91.32942,0
65.70995,91.32588,0
65.71996,91.32243,0
65.72995,91.31895,0
65.73995,91.31546,0
65.74995,91.24969,0
65.75996,91.30591,0
65.76995,91.30243,0
65.77995,91.29893,0
65.78996,91.29549,0
65.79995,91.29201,0
65.80995,91.28853,0
65.81995,91.22275,0
65.82996,91.27902,0
65.83995,91.21326,0
65.84995,91.26947,0
65.85995,91.20372,0
65.86996,91.19765,0
65.87995,91.25392,0
65.88995,91.18814,0
65.89996,91.18211,0
65.90995,91.17604,0
65.91995,91.17004,0
65.92995,91.16403,0
65.93996,91.15799,0
65.94995,91.15198,0
65.95995,91.14592,0
65.96996,91.13991,0
65.97995,91.13387,0
65.98995,91.12779,0
65.99995,91.1218,0
66.00996,91.11578,0
66.01995,91.10971,0
66.02995,91.10367,0
66.03996,91.09764,0
66.04995,91.09163,0
66.05995,91.08559,0
66.06995,91.07957,0
66.07996,91.07355,0
66.08995,91.0675,0
66.09995,91.06143,0
66.10995,91.05542,0
66.11995,91.04936,0
66.12995,91.04335,0
66.13995,91.03729,0
66.14996,91.03127,0
66.15995,91.02525,0
66.16995,91.01921,0
66.17995,91.0132,0
66.18996,91.00717,0
66.19995,91.0011,0
66.20995,90.99509,0
66.21996,90.98903,0
66.22995,90.98302,0
66.23995,90.97701,0
66.24995,90.97093,0
66.25996,90.9649,0
66.26995,90.95889,0
66.27995,90.95282,0
66.28996,90.94681,0
66.29995,90.94078,0
66.30995,90.93477,0
66.31995,90.9287,0
66.32996,90.92268,0
66.33995,90.91666,0
66.34995,90.91058,0
66.35995,90.90457,0
66.36995,90.89856,0
66.37995,90.89243,0
66.38995,90.88647,0
66.39996,90.88046,0
66.40995,90.87444,0
66.41995,90.86836,0
66.42995,90.86235,0
66.43996,90.85628,0
66.44995,90.85028,0
66.45995,90.91895,0
66.46996,90.84128,0
66.47995,90.90994,0
66.48995,90.7699,0
66.49995,90.89832,0
66.50996,90.75839,0
66.51995,90.88681,0
66.52995,90.74683,0
66.53996,90.87527,0
66.54995,90.79753,0
66.55995,90.80396,0
66.56995,90.7984,0
66.57996,90.79289,0
66.58995,90.78735,0
66.59995,90.78177,0
66.60995,90.77628,0
66.61995,90.77072,0
66.62995,90.76517,0
66.63995,90.75967,0
66.64996,90.7541,0
66.65995,90.7486,0
66.66995,90.74304,0
66.67995,90.7375,0
66.68995,90.73196,0
66.69995,90.72643,0
66.70995,90.72093,0
66.71996,90.71538,0
66.72995,90.70985,0
66.73995,90.7043,0
66.74995,90.69875,0
66.75996,90.69322,0
66.76995,90.68767,0
66.77995,90.68214,0
66.78996,90.67661,0
66.79995,90.6711,0
66.80995,90.66551,0
66.81995,90.66003,0
66.82996,90.6545,0
66.83995,90.64896,0
66.84995,90.64331,0
66.85995,90.63788,0
66.86995,90.63235,0
66.87995,90.6268,0
66.88995,90.62128,0
66.89996,90.60773,0
66.90995,90.6022,0
66.91995,90.59665,0
66.92995,90.59114,0
66.93995,90.58563,0
66.94995,90.58006,0
66.95995,90.57454,0
66.96996,90.56903,0
66.97995,90.56346,0
66.98995,90.55791,0
66.99995,90.55238,0
67.00995,90.54686,0
67.01995,90.54132,0
67.02995,90.53578,0
67.03996,90.53026,0
67.04995,90.52475,0
67.05995,90.51918,0
67.06995,90.51367,0
67.07996,90.50809,0
67.08995,90.50256,0
67.09995,90.49707,0
67.10995,90.49149,0
67.11995,90.48596,0
67.12995,90.48044,0
67.13995,90.47491,0
67.14996,90.46936,0
67.15995,90.46385,0
67.16995,90.396,0
67.17995,90.45018,0
67.18995,90.3824,0
67.19995,90.43655,0
67.20995,90.43105,0
67.21996,90.42552,0
67.22995,90.41997,0
67.23995,90.41444,0
67.24995,90.3466,0
67.25995,90.47557,0
67.26995,90.33603,0
67.27995,90.40268,0
67.28996,90.32294,0
67.29995,90.38959,0
67.30995,90.30978,0
67.31995,90.37645,0
67.32996,90.29671,0
67.33995,90.36336,0
67.34995,90.28355,0
67.35995,90.35022,0
67.36995,90.34511,0
67.37995,90.34015,0
67.38995,90.33504,0
67.39996,90.33003,0
67.40995,90.32504,0
67.41995,90.31992,0
67.42995,90.30699,0
67.43995,90.30193,0
67.44995,90.29692,0
67.45995,90.29187,0
67.46996,90.2868,0
67.47995,90.28169,0
67.48995,90.27675,0
67.49995,90.27162,0
67.50995,90.26668,0
67.51995,90.26157,0
67.52995,90.25658,0
67.53996,90.25151,0
67.54995,90.24654,0
67.55995,90.24141,0
67.56995,90.23642,0
67.57995,90.23141,0
67.58995,90.2263,0
67.59995,90.22133,0
67.60995,90.20833,0
67.61995,90.20328,0
67.62995,90.19827,0
67.63995,90.19319,0
67.64996,90.18819,0
67.65995,90.18314,0
67.66995,90.17807,0
67.67995,90.17303,0
67.68995,90.16805,0
67.69995,90.16298,0
67.70995,90.15796,0
67.71996,90.15289,0
67.72995,90.14789,0
67.73995,90.14285,0
67.74995,90.1378,0
67.75995,90.13277,0
67.76995,90.12772,0
67.77995,90.12268,0
67.78996,90.11768,0
67.79995,90.11263,0
67.80995,90.10759,0
67.81995,90.10254,0
67.82995,90.0975,0
67.83995,90.09244,0
67.84995,90.08742,0
67.85995,90.08241,0
67.86995,90.07733,0
67.87995,90.07233,0
67.88995,90.06725,0
67.89995,90.06226,0
67.90995,89.99489,0
67.91995,90.04961,0
67.92995,89.9823,0
67.93995,90.03696,0
67.94995,89.96968,0
67.95995,89.95412,0
67.96996,90.00877,0
67.97995,89.94144,0
67.98995,89.93387,0
67.99995,89.92628,0
68.00995,89.91862,0
68.01995,89.91112,0
68.02995,89.90353,0
68.03996,89.89594,0
68.04995,89.88835,0
68.05995,89.88078,0
68.06995,89.8732,0
68.07995,89.86559,0
68.08995,89.858,0
68.09995,89.85042,0
68.10995,89.91759,0
68.11995,89.83829,0
68.12995,89.90543,0
68.13995,89.81819,0
68.14995,89.88536,0
68.15995,89.80612,0
68.16995,89.87326,0
68.17995,89.79396,0
68.18995,89.8611,0
68.19995,89.78186,0
68.20995,89.84897,0
68.21996,89.84442,0
68.22995,89.8399,0
68.23995,89.83534,0
68.24995,89.83083,0
68.25995,89.82626,0
68.26995,89.82173,0
68.27995,89.81715,0
68.28996,89.81259,0
68.29995,89.80815,0
68.30995,89.80359,0
68.31995,89.79108,0
68.32995,89.78651,0
68.33995,89.782,0
68.34995,89.77745,0
68.35995,89.77293,0
68.36995,89.76837,0
68.37995,89.76385,0
68.38995,89.75929,0
68.39995,89.75473,0
68.40995,89.75023,0
68.41995,89.74565,0
68.42995,89.74115,0
68.43995,89.73659,0
68.44995,89.73207,0
68.45995,89.72751,0
68.46995,89.72295,0
68.47995,89.71843,0
68.48995,89.71387,0
68.49995,89.70137,0
68.50995,89.69685,0
68.51995,89.69232,0
68.52995,89.68776,0
68.53996,89.6832,0
68.54995,89.67862,0
68.55995,89.67418,0
68.56995,89.66963,0
68.57995,89.66508,0
68.58995,89.59825,0
68.59995,89.65344,0
68.60995,89.58661,0
68.61995,89.64177,0
68.62995,89.57501,0
68.63995,89.6302,0
68.64995,89.56334,0
68.65995,89.61853,0
68.66995,89.54372,0
68.67995,89.52867,0
68.68995,89.52161,0
68.69995,89.51453,0
68.70995,89.50745,0
68.71995,89.50037,0
68.72995,89.49324,0
68.73995,89.48619,0
68.74995,89.47906,0
68.75995,89.47197,0
68.76995,89.4649,0
68.77995,89.45779,0
68.78995,89.45073,0
68.79995,89.44357,0
68.80995,89.43657,0
68.81995,89.42946,0
68.82995,89.42239,0
68.83995,89.41528,0
68.84995,89.40022,0
68.85995,89.38513,0
68.86995,89.37811,0
68.87995,89.37102,0
68.88995,89.36389,0
68.89995,89.3568,0
68.90995,89.42448,0
68.91995,89.34572,0
68.92995,89.41335,0
68.93995,89.33456,0
68.94995,89.40221,0
68.95995,89.32341,0
68.96995,89.39107,0
68.97995,89.3123,0
68.98995,89.37993,0
68.99995,89.30116,0
69.00995,89.36884,0
69.01995,89.29002,0
69.02995,89.34972,0
69.03995,89.33763,0
69.04995,89.33368,0
69.05995,89.32961,0
69.06995,89.32556,0
69.07995,89.32153,0
69.08995,89.31747,0
69.09995,89.31343,0
69.10995,89.30942,0
69.11995,89.30534,0
69.12995,89.3013,0
69.13995,89.29729,0
69.14995,89.29321,0
69.15995,89.28917,0
69.16995,89.28516,0
69.17995,89.28108,0
69.18995,89.27707,0
69.19995,89.27303,0
69.20995,89.261,0
69.21995,89.24901,0
69.22995,89.245,0
69.23995,89.24092,0
69.24995,89.23691,0
69.25995,89.23285,0
69.26995,89.22873,0
69.27995,89.22478,0
69.28995,89.2207,0
69.29995,89.21669,0
69.30995,89.21262,0
69.31995,89.2086,0
69.32995,89.20453,0
69.33995,89.20045,0
69.34995,89.19644,0
69.35995,89.13011,0
69.36995,89.12354,0
69.37995,89.1169,0
69.38995,89.10237,0
69.39995,89.15013,0
69.40995,89.0838,0
69.41995,89.07722,0
69.42995,89.07059,0
69.43995,89.06401,0
69.44995,89.05743,0
69.45995,89.05086,0
69.46995,89.04422,0
69.47995,89.03764,0
69.48995,89.03107,0
69.49995,89.02449,0
69.50995,89.01788,0
69.51995,89.01131,0
69.52995,89.00473,0
69.53995,88.99809,0
69.54995,88.99152,0
69.55995,88.98491,0
69.56995,88.9704,0
69.57995,88.95583,0
69.58995,88.94925,0
69.59995,88.94261,0
69.60995,88.93607,0
69.61995,88.92943,0
69.62995,88.92285,0
69.63995,88.91624,0
69.64995,88.90967,0
69.65995,88.90309,0
69.66995,88.89648,0
69.67995,88.88991,0
69.68995,88.88333,0
69.69995,88.87672,0
69.70995,88.87015,0
69.71995,88.86357,0
69.72995,88.85696,0
69.73995,88.91713,0
69.74995,88.8309,0
69.75995,88.89105,0
69.76995,88.81276,0
69.77995,88.88092,0
69.78995,88.80266,0
69.79995,88.87082,0
69.80995,88.79243,0
69.81995,88.86067,0
69.82995,88.78239,0
69.83995,88.85049,0
69.84995,88.84695,0
69.85995,88.84343,0
69.86995,88.83989,0
69.87995,88.83636,0
69.88995,88.83282,0
69.89995,88.82927,0
69.90995,88.82568,0
69.91995,88.81421,0
69.92995,88.80269,0
69.93995,88.7912,0
69.94995,88.78763,0
69.95995,88.78407,0
69.96995,88.78055,0
69.97995,88.77699,0
69.98995,88.77342,0
69.99995,88.76993,0
70.00995,88.76634,0
70.01995,88.70055,0
70.02995,88.75671,0
70.03995,88.69087,0
70.04995,88.74709,0
70.05995,88.74356,0
70.06995,88.67775,0
70.07995,88.73393,0
70.08995,88.66809,0
70.09995,88.65404,0
70.10995,88.63995,0
70.11995,88.62589,0
70.12995,88.61983,0
70.13995,88.61374,0
70.14995,88.60754,0
70.15995,88.60152,0
70.16995,88.59546,0
70.17995,88.58932,0
70.18995,88.58324,0
70.19995,88.57715,0
70.20995,88.57109,0
70.21995,88.5649,0
70.22995,88.55887,0
70.23995,88.55278,0
70.24995,88.54671,0
70.25995,88.54059,0
70.26995,88.5345,0
70.27995,88.52043,0
70.28995,88.50641,0
70.29995,88.49232,0
70.30995,88.48624,0
70.31995,88.48016,0
70.32995,88.47408,0
70.33995,88.46793,0
70.34995,88.46185,0
70.35995,88.45576,0
70.36995,88.44968,0
70.37995,88.4436,0
70.38995,88.43752,0
70.39995,88.43143,0
70.40995,88.42529,0
70.41995,88.4192,0
70.42995,88.41312,0
70.43995,88.40703,0
70.44995,88.40089,0
70.45995,88.38687,0
70.46995,88.37279,0
70.47995,88.35878,0
70.48995,88.42737,0
70.49995,88.34962,0
70.50995,88.41823,0
70.51995,88.34044,0
70.52995,88.40909,0
70.53995,88.33134,0
70.54995,88.39995,0
70.55995,88.32219,0
70.56995,88.39084,0
70.57995,88.31303,0
70.58995,88.3817,0
70.59995,88.30389,0
70.60995,88.37256,0
70.61995,88.29475,0
70.62995,88.36342,0
70.63995,88.27765,0
70.64995,88.33832,0
70.65995,88.32732,0
70.66995,88.31633,0
70.67995,88.31328,0
70.68995,88.31021,0
70.69995,88.30719,0
70.70995,88.24187,0
70.71995,88.29857,0
70.72995,88.29552,0
70.73995,88.29245,0
70.74995,88.28943,0
70.75995,88.28636,0
70.76995,88.22099,0
70.77995,88.27769,0
70.78995,88.2124,0
70.79995,88.20679,0
70.80995,88.20116,0
70.81995,88.18764,0
70.82995,88.23634,0
70.83995,88.16302,0
70.84995,88.14951,0
70.85995,88.14389,0
70.86995,88.13832,0
70.87995,88.13274,0
70.88995,88.12711,0
70.89995,88.12152,0
70.90995,88.11591,0
70.91995,88.11034,0
70.92995,88.10475,0
70.93995,88.09912,0
70.94995,88.09354,0
70.95995,88.08792,0
70.96995,88.08232,0
70.97995,88.07677,0
70.98995,88.07117,0
70.99995,88.05757,0
71.00995,88.04404,0
71.01995,88.03047,0
71.02995,88.01689,0
71.03995,88.01134,0
71.04995,88.00575,0
71.05995,88.00015,0
71.06995,87.99452,0
71.07995,87.98894,0
71.08995,87.98332,0
71.09995,87.97774,0
71.10995,87.97214,0
71.11995,87.96657,0
71.12995,87.96098,0
71.13995,87.95534,0
71.14995,87.94978,0
71.15995,87.94418,0
71.16995,87.93858,0
71.17995,87.93297,0
71.18995,87.91945,0
71.19995,87.90587,0
71.20995,87.89221,0
71.21995,87.8867,0
71.22995,87.88107,0
71.23995,87.87553,0
71.24995,87.86989,0
71.25995,87.86435,0
71.26995,87.93347,0
71.27995,87.85617,0
71.28995,87.92532,0
71.29995,87.84801,0
71.30995,87.91719,0
71.31995,87.83989,0
71.32995,87.90903,0
71.33995,87.83174,0
71.34995,87.90083,0
71.35995,87.82358,0
71.36995,87.88477,0
71.37995,87.79951,0
71.38995,87.86067,0
71.39995,87.85019,0
71.40995,87.84763,0
71.41995,87.84508,0
71.42995,87.84251,0
71.43995,87.84001,0
71.44995,87.83745,0
71.45995,87.83482,0
71.46995,87.77007,0
71.47995,87.76494,0
71.48995,87.82216,0
71.49995,87.75734,0
71.50995,87.81453,0
71.51995,87.74969,0
71.52995,87.74457,0
71.53995,87.73944,0
71.54995,87.72644,0
71.55995,87.71333,0
71.56995,87.7002,0
71.57995,87.68719,0
71.58995,87.68213,0
71.59995,87.677,0
71.60995,87.67194,0
71.61995,87.66685,0
71.62995,87.66174,0
71.63995,87.65662,0
71.64995,87.65155,0
71.65995,87.64647,0
71.66995,87.64134,0
71.67995,87.63622,0
71.68995,87.63112,0
71.69995,87.62605,0
71.70995,87.62093,0
71.71995,87.61586,0
71.72995,87.6028,0
71.73995,87.58974,0
71.74995,87.57664,0
71.75995,87.56363,0
71.76995,87.5585,0
71.77995,87.55344,0
71.78995,87.54826,0
71.79995,87.54317,0
71.80995,87.53809,0
71.81995,87.53302,0
71.82995,87.52789,0
71.83995,87.5228,0
71.84995,87.51773,0
71.85995,87.5126,0
71.86995,87.50751,0
71.87995,87.50244,0
71.88995,87.49731,0
71.89995,87.49222,0
71.90995,87.4792,0
71.91995,87.46608,0
71.92995,87.45305,0
71.93995,87.44,0
71.94995,87.42691,0
71.95995,87.42183,0
71.96995,87.41673,0
71.97995,87.41161,0
71.98995,87.40654,0
71.99995,87.40143,0
72.00995,87.39632,0
72.01995,87.39122,0
72.02995,87.38615,0
72.03995,87.38106,0
72.04995,87.37592,0
72.05995,87.37082,0
72.06995,87.36572,0
72.07995,87.43539,0
72.08995,87.35062,0
72.09995,87.41228,0
72.10995,87.32756,0
72.11995,87.38921,0
72.12995,87.30449,0
72.13995,87.37413,0
72.14995,87.29732,0
72.15995,87.30467,0
72.16995,87.36232,0
72.17995,87.298,0
72.18995,87.35571,0
72.19995,87.29138,0
72.20995,87.34909,0
72.21995,87.28464,0
72.22995,87.28012,0
72.23995,87.27547,0
72.24995,87.27095,0
72.25995,87.3286,0
72.26995,87.26428,0
72.27995,87.314,0
72.28995,87.24167,0
72.29995,87.22911,0
72.30995,87.21657,0
72.31995,87.20399,0
72.32995,87.19942,0
72.33995,87.19482,0
72.34995,87.19019,0
72.35995,87.18561,0
72.36995,87.181,0
72.37995,87.17642,0
72.38995,87.17178,0
72.39995,87.16719,0
72.40995,87.16261,0
72.41995,87.15797,0
72.42995,87.1534,0
72.43995,87.14879,0
72.44995,87.14423,0
72.45995,87.13165,0
72.46995,87.11908,0
72.47995,87.10651,0
72.48995,87.09395,0
72.49995,87.08141,0
72.50995,87.07677,0
72.51995,87.07214,0
72.52995,87.06757,0
72.53995,87.06299,0
72.54995,87.05835,0
72.55995,87.05379,0
72.56995,87.04915,0
72.57995,87.0446,0
72.58995,87.03996,0
72.59995,87.03539,0
72.60995,87.03076,0
72.61995,87.02618,0
72.62995,87.02161,0
72.63995,87.00903,0
72.64995,86.99646,0
72.65995,86.98389,0
72.66994,86.97133,0
72.67995,86.95876,0
72.68995,86.94618,0
72.69995,86.94151,0
72.70995,86.93701,0
72.71995,86.93231,0
72.72995,86.9278,0
72.73995,86.92311,0
72.74995,86.91859,0
72.75995,86.91396,0
72.76995,86.90939,0
72.77995,86.90482,0
72.78995,86.90021,0
72.79995,86.89557,0
72.80995,86.89099,0
72.81995,86.87842,0
72.82995,86.86586,0
72.83995,86.92802,0
72.84995,86.84377,0
72.85995,86.90594,0
72.86995,86.82172,0
72.87995,86.89183,0
72.88995,86.75328,0
72.89995,86.88309,0
72.90995,86.74451,0
72.91994,86.87442,0
72.92995,86.73582,0
72.93995,86.86574,0
72.94995,86.80188,0
72.95995,86.86005,0
72.96995,86.79625,0
72.97995,86.79213,0
72.98995,86.78802,0
72.99995,86.78392,0
73.00995,86.77184,0
73.01995,86.7598,0
73.02995,86.74774,0
73.03995,86.73564,0
73.04995,86.72356,0
73.05995,86.7115,0
73.06995,86.7074,0
73.07995,86.70328,0
73.08995,86.6992,0
73.09995,86.69508,0
73.10995,86.69098,0
73.11995,86.6869,0
73.12995,86.68279,0
73.13995,86.67868,0
73.14995,86.67459,0
73.15995,86.67049,0
73.16994,86.66634,0
73.17995,86.66223,0
73.18995,86.65019,0
73.19995,86.63817,0
73.20995,86.62607,0
73.21995,86.61404,0
73.22995,86.60194,0
73.23994,86.58987,0
73.24995,86.58582,0
73.25995,86.58168,0
73.26995,86.57756,0
73.27995,86.57347,0
73.28995,86.56937,0
73.29995,86.56528,0
73.30995,86.56117,0
73.31995,86.55702,0
73.32995,86.55292,0
73.33995,86.54889,0
73.34995,86.54475,0
73.35995,86.54063,0
73.36995,86.53656,0
73.37995,86.52452,0
73.38995,86.51244,0
73.39995,86.50037,0
73.40995,86.48831,0
73.41994,86.47624,0
73.42995,86.46417,0
73.43995,86.46005,0
73.44995,86.45592,0
73.45995,86.45177,0
73.46995,86.44775,0
73.47995,86.44363,0
73.48994,86.43956,0
73.49995,86.43542,0
73.50995,86.43134,0
73.51995,86.42722,0
73.52995,86.42314,0
73.53995,86.41905,0
73.54995,86.41492,0
73.55994,86.40289,0
73.56995,86.39079,0
73.57995,86.37871,0
73.58995,86.36664,0
73.59995,86.42931,0
73.60995,86.34557,0
73.61995,86.34595,0
73.62995,86.40465,0
73.63995,86.26654,0
73.64995,86.39696,0
73.65995,86.25883,0
73.66994,86.38922,0
73.67995,86.25116,0
73.68995,86.38152,0
73.69995,86.24347,0
73.70995,86.31151,0
73.71995,86.30789,0
73.72995,86.30435,0
73.73994,86.29274,0
73.74995,86.28119,0
73.75995,86.26964,0
73.76995,86.25807,0
73.77995,86.24646,0
73.78995,86.23491,0
73.79995,86.22333,0
73.80994,86.21971,0
73.81995,86.21616,0
73.82995,86.21254,0
73.83995,86.20892,0
73.84995,86.20529,0
73.85995,86.20174,0
73.86995,86.19812,0
73.87994,86.1945,0
73.88995,86.19089,0
73.89995,86.18727,0
73.90995,86.18372,0
73.91994,86.18008,0
73.92995,86.16853,0
73.93995,86.15686,0
73.94995,86.14537,0
73.95995,86.13382,0
73.96995,86.12221,0
73.97995,86.11066,0
73.98994,86.09911,0
73.99995,86.0955,0
74.00995,86.09189,0
74.01995,86.08827,0
74.02995,86.08466,0
74.03995,86.0811,0
74.04995,86.07748,0
74.05994,86.07387,0
74.06995,86.07027,0
74.07995,86.06665,0
74.08995,86.06303,0
74.09995,86.05948,0
74.10995,86.04788,0
74.11995,86.03633,0
74.12994,86.02472,0
74.13995,86.01317,0
74.14995,86.00159,0
74.15995,85.99002,0
74.16994,85.97847,0
74.17995,85.96692,0
74.18995,85.96327,0
74.19995,85.95972,0
74.20995,85.9561,0
74.21995,85.95245,0
74.22995,85.9489,0
74.23994,85.94527,0
74.24995,85.94162,0
74.25995,85.93806,0
74.26995,85.93448,0
74.27995,85.93086,0
74.28995,85.92728,0
74.29995,85.91566,0
74.30994,85.9041,0
74.31995,85.89252,0
74.32995,85.88097,0
74.33995,85.86938,0
74.34995,85.87019,0
74.35995,85.92149,0
74.36995,85.78392,0
74.37994,85.91479,0
74.38995,85.77724,0
74.39995,85.90805,0
74.40995,85.77049,0
74.41994,85.90132,0
74.42995,85.76381,0
74.43995,85.83237,0
74.44994,85.82927,0
74.45995,85.82616,0
74.46995,85.82306,0
74.47995,85.81993,0
74.48994,85.80884,0
74.49995,85.79778,0
74.50995,85.78676,0
74.51995,85.77567,0
74.52995,85.76459,0
74.53995,85.75351,0
74.54995,85.74245,0
74.55994,85.73935,0
74.56995,85.73622,0
74.57995,85.73315,0
74.58995,85.73,0
74.59995,85.72688,0
74.60995,85.72379,0
74.61995,85.72072,0
74.62994,85.71756,0
74.63995,85.71449,0
74.64995,85.71138,0
74.65995,85.70828,0
74.66994,85.69714,0
74.67995,85.68613,0
74.68995,85.67506,0
74.69994,85.66396,0
74.70995,85.65291,0
74.71995,85.64185,0
74.72995,85.63074,0
74.73994,85.61967,0
74.74995,85.61658,0
74.75995,85.61351,0
74.76994,85.61038,0
74.77995,85.60725,0
74.78995,85.60411,0
74.79995,85.60104,0
74.80994,85.59798,0
74.81995,85.59485,0
74.82995,85.59175,0
74.83995,85.58864,0
74.84995,85.58551,0
74.85995,85.57443,0
74.86995,85.56339,0
74.87994,85.55226,0
74.88995,85.54126,0
74.89995,85.53017,0
74.90995,85.51904,0
74.91994,85.50806,0
74.92995,85.49693,0
74.93995,85.49387,0
74.94994,85.49068,0
74.95995,85.48761,0
74.96995,85.48454,0
74.97995,85.48143,0
74.98994,85.4783,0
74.99995,85.47523,0
75.00995,85.47211,0
75.01994,85.46898,0
75.02995,85.40361,0
75.03995,85.45229,0
75.04995,85.37891,0
75.05994,85.42755,0
75.06995,85.35423,0
75.07995,85.4776,0
75.08995,85.3325,0
75.09995,85.45601,0
75.10995,85.31091,0
75.11995,85.43436,0
75.12994,85.29724,0
75.13995,85.42862,0
75.14995,85.29153,0
75.15995,85.4229,0
75.16994,85.2858,0
75.17995,85.3549,0
75.18995,85.35231,0
75.19994,85.3497,0
75.20995,85.34705,0
75.21995,85.34445,0
75.22995,85.33391,0
75.23994,85.3233,0
75.24995,85.31271,0
75.25995,85.30217,0
75.26994,85.2916,0
75.27995,85.28101,0
75.28995,85.27042,0
75.29995,85.25987,0
75.30994,85.24933,0
75.31995,85.24667,0
75.32995,85.24406,0
75.33994,85.24147,0
75.34995,85.23889,0
75.35995,85.23624,0
75.36995,85.23363,0
75.37994,85.23103,0
75.38995,85.22842,0
75.39995,85.22581,0
75.40995,85.22325,0
75.41994,85.21266,0
75.42995,85.20206,0
75.43995,85.19151,0
75.44994,85.18095,0
75.45995,85.17036,0
75.46995,85.15976,0
75.47995,85.14919,0
75.48994,85.13866,0
75.49995,85.12805,0
75.50995,85.12543,0
75.51994,85.12282,0
75.52995,85.12015,0
75.53995,85.11765,0
75.54995,85.11499,0
75.55994,85.11238,0
75.56995,85.1098,0
75.57995,85.10721,0
75.58994,85.10458,0
75.59995,85.09402,0
75.60995,85.08337,0
75.61995,85.07288,0
75.62994,85.06227,0
75.63995,85.0517,0
75.64995,85.04117,0
75.65994,85.03055,0
75.66994,85.02,0
75.67995,85.00943,0
75.68995,84.99884,0
75.69994,84.9962,0
75.70995,84.99361,0
75.71995,84.99104,0
75.72995,84.98837,0
75.73994,84.98579,0
75.74995,84.98317,0
75.75995,84.98056,0
75.76994,84.91566,0
75.77995,84.97282,0
75.78995,84.89995,0
75.79995,84.94913,0
75.80994,84.87627,0
75.81995,85.00015,0
75.82995,84.85562,0
75.83994,84.97943,0
75.84995,84.83496,0
75.85995,84.95885,0
75.86995,84.81432,0
75.87994,84.8839,0
75.88995,84.86935,0
75.89995,84.87909,0
75.90994,84.80234,0
75.91994,84.87181,0
75.92995,84.86977,0
75.93995,84.86769,0
75.94994,84.86559,0
75.95995,84.86345,0
75.96995,84.86133,0
75.97995,84.85126,0
75.98994,84.84122,0
75.99995,84.8311,0
76.00995,84.82103,0
76.01994,84.81099,0
76.02995,84.80089,0
76.03995,84.79082,0
76.04995,84.78076,0
76.05994,84.77066,0
76.06995,84.76056,0
76.07995,84.75848,0
76.08994,84.75638,0
76.09995,84.75426,0
76.10995,84.75206,0
76.11995,84.75002,0
76.12994,84.74789,0
76.13995,84.74579,0
76.14995,84.74368,0
76.15994,84.74161,0
76.16994,84.73151,0
76.17995,84.72145,0
76.18995,84.71135,0
76.19994,84.70131,0
76.20995,84.69121,0
76.21995,84.68114,0
76.22994,84.67108,0
76.23994,84.66098,0
76.24995,84.65088,0
76.25995,84.64082,0
76.26994,84.63872,0
76.27995,84.63661,0
76.28995,84.63451,0
76.29995,84.6324,0
76.30994,84.63028,0
76.31995,84.62817,0
76.32995,84.62607,0
76.33994,84.62396,0
76.34995,84.62186,0
76.35995,84.61174,0
76.36995,84.6017,0
76.37994,84.5916,0
76.38995,84.58154,0
76.39995,84.57144,0
76.40994,84.5614,0
76.41994,84.5513,0
76.42995,84.54126,0
76.43995,84.53114,0
76.44994,84.5211,0
76.45995,84.51897,0
76.46995,84.51686,0
76.47994,84.51476,0
76.48994,84.51263,0
76.49995,84.51053,0
76.50995,84.50842,0
76.51994,84.44402,0
76.52995,84.50166,0
76.53995,84.42931,0
76.54994,84.47896,0
76.55994,84.4066,0
76.56995,84.45627,0
76.57995,84.38385,0
76.58994,84.43355,0
76.59995,84.36121,0
76.60995,84.4856,0
76.61995,84.34154,0
76.62994,84.46594,0
76.63995,84.32185,0
76.64995,84.39192,0
76.65994,84.31563,0
76.66994,84.3857,0
76.67995,84.30925,0
76.68995,84.37938,0
76.69994,84.37779,0
76.70995,84.37617,0
76.71995,84.37459,0
76.72994,84.36501,0
76.73994,84.35538,0
76.74995,84.34584,0
76.75995,84.33624,0
76.76994,84.32664,0
76.77995,84.31708,0
76.78995,84.30748,0
76.79994,84.29794,0
76.80994,84.28836,0
76.81995,84.27878,0
76.82995,84.2692,0
76.83994,84.26758,0
76.84995,84.26595,0
76.85995,84.26434,0
76.86995,84.26274,0
76.87994,84.26114,0
76.88995,84.25951,0
76.89995,84.25793,0
76.90994,84.2563,0
76.91994,84.24673,0
76.92995,84.23717,0
76.93995,84.22758,0
76.94994,84.21797,0
76.95995,84.20839,0
76.96995,84.19884,0
76.97994,84.18925,0
76.98994,84.17958,0
76.99995,84.17012,0
77.00995,84.16048,0
77.01994,84.15094,0
77.02995,84.14934,0
77.03995,84.14774,0
77.04994,84.14612,0
77.05994,84.14447,0
77.06995,84.14285,0
77.07995,84.14127,0
77.08994,84.13965,0
77.09995,84.13806,0
77.10995,84.12845,0
77.11994,84.1189,0
77.12994,84.10931,0
77.13995,84.0997,0
77.14995,84.09006,0
77.15994,84.08058,0
77.16994,84.07091,0
77.17995,84.06139,0
77.18995,84.05177,0
77.19994,84.04228,0
77.20995,84.03264,0
77.21995,84.03108,0
77.22994,84.02946,0
77.23994,84.02782,0
77.24995,84.0262,0
77.25995,83.96233,0
77.26994,84.02048,0
77.27995,83.95656,0
77.28995,84.01465,0
77.29994,83.94283,0
77.30994,83.99298,0
77.31995,83.9211,0
77.32995,83.90891,0
77.33994,83.89685,0
77.34995,83.88474,0
77.35995,83.87262,0
77.36994,83.93518,0
77.37994,83.85138,0
77.38995,83.91402,0
77.39995,83.83018,0
77.40994,83.90074,0
77.41994,83.82491,0
77.42995,83.89551,0
77.43994,83.81961,0
77.44994,83.89023,0
77.45995,83.81433,0
77.46995,83.8849,0
77.47994,83.80905,0
77.48994,83.87166,0
77.49995,83.86263,0
77.50995,83.85355,0
77.51994,83.84445,0
77.52995,83.83537,0
77.53995,83.82631,0
77.54994,83.81721,0
77.55994,83.80814,0
77.56995,83.79904,0
77.57995,83.7899,0
77.58994,83.78087,0
77.59995,83.77176,0
77.60995,83.77066,0
77.61994,83.76956,0
77.62994,83.76846,0
77.63995,83.76732,0
77.64995,83.76622,0
77.65994,83.76512,0
77.66994,83.76398,0
77.67995,83.75488,0
77.68994,83.7458,0
77.69994,83.73677,0
77.70995,83.72769,0
77.71995,83.7186,0
77.72994,83.7095,0
77.73994,83.70042,0
77.74995,83.69133,0
77.75994,83.68225,0
77.76994,83.67322,0
77.77995,83.66414,0
77.78995,83.65504,0
77.79994,83.65395,0
77.80994,83.65279,0
77.81995,83.65169,0
77.82995,83.6506,0
77.83994,83.64948,0
77.84995,83.64833,0
77.85995,83.64723,0
77.86994,83.63809,0
77.87994,83.62906,0
77.88995,83.6199,0
77.89995,83.61089,0
77.90994,83.60182,0
77.91994,83.59274,0
77.92995,83.58365,0
77.93994,83.57457,0
77.94994,83.56551,0
77.95995,83.55641,0
77.96995,83.54732,0
77.97994,83.53824,0
77.98994,83.53717,0
77.99995,83.47375,0
78.00994,83.53236,0
78.01994,83.46895,0
78.02995,83.52759,0
78.03995,83.46417,0
78.04994,83.52284,0
78.05994,83.45146,0
78.06995,83.50212,0
78.07995,83.43076,0
78.08994,83.4191,0
78.09995,83.40746,0
78.10995,83.39583,0
78.11994,83.38425,0
78.12994,83.44727,0
78.13995,83.36392,0
78.14995,83.42714,0
78.15994,83.34377,0
78.16994,83.40689,0
78.17995,83.32358,0
78.18994,83.39461,0
78.19994,83.31927,0
78.20995,83.39035,0
78.21995,83.31502,0
78.22994,83.38609,0
78.23994,83.31073,0
78.24995,83.37384,0
78.25994,83.36528,0
78.26994,83.35666,0
78.27995,83.34811,0
78.28995,83.33949,0
78.29994,83.3309,0
78.30994,83.32233,0
78.31995,83.31377,0
78.32994,83.30518,0
78.33994,83.2966,0
78.34995,83.28801,0
78.35995,83.27945,0
78.36994,83.27087,0
78.37994,83.27016,0
78.38995,83.26959,0
78.39995,83.26898,0
78.40994,83.26836,0
78.41994,83.26776,0
78.42995,83.26712,0
78.43994,83.25854,0
78.44994,83.24997,0
78.45995,83.24142,0
78.46995,83.23282,0
78.47994,83.22421,0
78.48994,83.21564,0
78.49995,83.20706,0
78.50994,83.19852,0
78.51994,83.1899,0
78.52995,83.1813,0
78.53995,83.17273,0
78.54994,83.16414,0
78.55994,83.15555,0
78.56995,83.15497,0
78.57994,83.15431,0
78.58994,83.15372,0
78.59995,83.15308,0
78.60995,83.15248,0
78.61994,83.15189,0
78.62994,83.15125,0
78.63995,83.14265,0
78.64994,83.13412,0
78.65994,83.12552,0
78.66994,83.1169,0
78.67995,83.10837,0
78.68994,83.03746,0
78.69994,83.08861,0
78.70995,83.01779,0
78.71995,83.06895,0
78.72994,82.99803,0
78.73994,83.04919,0
78.74995,82.97835,0
78.75994,83.02953,0
78.76994,82.96661,0
78.77995,83.02571,0
78.78995,82.96278,0
78.79994,83.02194,0
78.80994,82.95903,0
78.81995,83.01811,0
78.82994,82.94727,0
78.83994,82.93614,0
78.84995,82.92503,0
78.85995,82.91383,0
78.86994,82.90273,0
78.87994,82.89162,0
78.88995,82.88048,0
78.89994,82.94406,0
78.90994,82.8613,0
78.91994,82.92488,0
78.92995,82.84207,0
78.93994,82.90565,0
78.94994,82.82285,0
78.95995,82.89439,0
78.96995,82.81956,0
78.97994,82.89114,0
78.98994,82.81621,0
78.99995,82.88785,0
79.00994,82.81296,0
79.01994,82.87656,0
79.02995,82.86848,0
79.03995,82.8604,0
79.04994,82.85226,0
79.05994,82.84427,0
79.06995,82.83614,0
79.07994,82.82805,0
79.08994,82.81996,0
79.09995,82.81189,0
79.10995,82.8038,0
79.11994,82.79567,0
79.12994,82.78767,0
79.13995,82.77954,0
79.14994,82.77151,0
79.15994,82.77138,0
79.16994,82.77126,0
79.17995,82.77112,0
79.18994,82.77103,0
79.19994,82.7709,0
79.20995,82.7628,0
79.21994,82.75471,0
79.22994,82.74664,0
79.23994,82.73853,0
79.24995,82.73045,0
79.25994,82.72237,0
79.26994,82.71429,0
79.27995,82.70624,0
79.28995,82.69809,0
79.29994,82.69005,0
79.30994,82.68193,0
79.31995,82.67386,0
79.32994,82.66577,0
79.33994,82.6577,0
79.34995,82.65758,0
79.35995,82.65747,0
79.36994,82.65732,0
79.37994,82.65724,0
79.38995,82.65712,0
79.39994,82.649,0
79.40994,82.64093,0
79.41994,82.63286,0
79.42995,82.56248,0
79.43994,82.61412,0
79.44994,82.54379,0
79.45995,82.59543,0
79.46994,82.52501,0
79.47994,82.57668,0
79.48994,82.50635,0
79.49995,82.55795,0
79.50994,82.48761,0
79.51994,82.53929,0
79.52995,82.46887,0
79.53994,82.52051,0
79.54994,82.45813,0
79.55994,82.51775,0
79.56995,82.45531,0
79.57994,82.4527,0
79.58994,82.45004,0
79.59995,82.43938,0
79.60995,82.42876,0
79.61994,82.41814,0
79.62994,82.4075,0
79.63995,82.39684,0
79.64994,82.38622,0
79.65994,82.45032,0
79.66994,82.36798,0
79.67995,82.4321,0
79.68994,82.34978,0
79.69994,82.41388,0
79.70995,82.33156,0
79.71994,82.39566,0
79.72994,82.31335,0
79.73994,82.37746,0
79.74995,82.37784,0
79.75994,82.37819,0
79.76994,82.37857,0
79.77995,82.37897,0
79.78994,82.37134,0
79.79994,82.36378,0
79.80994,82.3562,0
79.81995,82.34859,0
79.82994,82.341,0
79.83994,82.3334,0
79.84995,82.32585,0
79.85995,82.31822,0
79.86994,82.31067,0
79.87994,82.30302,0
79.88995,82.29547,0
79.89994,82.2879,0
79.90994,82.28035,0
79.91994,82.27271,0
79.92995,82.26512,0
79.93994,82.26552,0
79.94994,82.26588,0
79.95995,82.26627,0
79.96994,82.26668,0
79.97994,82.25906,0
79.98994,82.25142,0
79.99995,82.24391,0
80.00994,82.2363,0
80.01994,82.22871,0
80.02995,82.22115,0
80.03994,82.21353,0
80.04994,82.20595,0
80.05994,82.19838,0
80.06995,82.19077,0
80.07994,82.18318,0
80.08994,82.1756,0
80.09995,82.16798,0
80.10994,82.16042,0
80.11994,82.15285,0
80.12994,82.14526,0
80.13995,82.14565,0
80.14994,82.146,0
80.15994,82.14641,0
80.16994,82.14677,0
80.17995,82.13922,0
80.18994,82.06927,0
80.19994,82.12151,0
80.20995,82.05154,0
80.21994,82.10373,0
80.22994,82.03389,0
80.23994,82.08603,0
80.24995,82.01613,0
80.25994,82.06824,0
80.26994,81.99841,0
80.27995,82.05054,0
80.28994,81.9807,0
80.29994,81.97049,0
80.30994,81.9604,0
80.31995,81.95032,0
80.32994,81.94812,0
80.33994,81.94594,0
80.34995,81.94373,0
80.35994,81.94159,0
80.36994,81.9315,0
80.37994,81.92136,0
80.38995,81.91122,0
80.39994,81.90108,0
80.40994,81.89093,0
80.41994,81.95554,0
80.42994,81.87373,0
80.43994,81.93834,0
80.44994,81.85648,0
80.45995,81.92108,0
80.46994,81.83928,0
80.47994,81.90388,0
80.48994,81.82202,0
80.49995,81.88667,0
80.50994,81.87956,0
80.51994,81.87245,0
80.52995,81.87334,0
80.53994,81.87424,0
80.54994,81.87512,0
80.55994,81.87599,0
80.56995,81.86888,0
80.57994,81.86182,0
80.58994,81.85471,0
80.59995,81.84758,0
80.60994,81.84053,0
80.61994,81.83342,0
80.62994,81.82637,0
80.63995,81.81924,0
80.64994,81.81219,0
80.65994,81.80507,0
80.66994,81.79802,0
80.67994,81.79089,0
80.68994,81.78384,0
80.69994,81.77672,0
80.70995,81.76967,0
80.71994,81.76247,0
80.72994,81.76341,0
80.73994,81.76428,0
80.74994,81.76517,0
80.75994,81.7581,0
80.76994,81.75099,0
80.77995,81.74394,0
80.78994,81.73682,0
80.79994,81.72974,0
80.80994,81.72261,0
80.81995,81.71556,0
80.82994,81.70845,0
80.83994,81.7014,0
80.84995,81.69431,0
80.85994,81.68719,0
80.86994,81.68013,0
80.87994,81.67302,0
80.88995,81.66595,0
80.89994,81.65881,0
80.90994,81.65175,0
80.91994,81.64464,0
80.92994,81.64555,0
80.93994,81.64644,0
80.94994,81.58499,0
80.95995,81.63766,0
80.96994,81.56828,0
80.97994,81.62093,0
80.98994,81.55157,0
80.99994,81.60422,0
81.00994,81.53484,0
81.01994,81.58745,0
81.02995,81.51808,0
81.03994,81.57072,0
81.04994,81.50137,0
81.05994,81.49176,0
81.06995,81.4821,0
81.07994,81.47243,0
81.08994,81.46283,0
81.09995,81.45316,0
81.10994,81.44356,0
81.11994,81.43388,0
81.12994,81.43224,0
81.13995,81.43056,0
81.14994,81.4209,0
81.15994,81.41129,0
81.16994,81.40164,0
81.17994,81.39201,0
81.18994,81.45708,0
81.19994,81.37576,0
81.20995,81.44089,0
81.21994,81.35953,0
81.22994,81.42465,0
81.23994,81.34334,0
81.24994,81.4084,0
81.25994,81.3271,0
81.26994,81.39217,0
81.27995,81.3856,0
81.28994,81.37901,0
81.29994,81.37242,0
81.30994,81.3658,0
81.31994,81.3672,0
81.32994,81.36858,0
81.33994,81.36992,0
81.34995,81.36336,0
81.35994,81.35677,0
81.36994,81.35014,0
81.37994,81.34355,0
81.38995,81.33698,0
81.39994,81.33032,0
81.40994,81.32382,0
81.41994,81.31723,0
81.42994,81.31061,0
81.43994,81.30402,0
81.44994,81.29745,0
81.45995,81.29086,0
81.46994,81.28424,0
81.47994,81.27765,0
81.48994,81.27109,0
81.49994,81.26451,0
81.50994,81.25792,0
81.51994,81.25929,0
81.52995,81.26067,0
81.53994,81.25407,0
81.54994,81.24745,0
81.55994,81.24086,0
81.56994,81.2343,0
81.57994,81.22768,0
81.58994,81.15874,0
81.59995,81.21194,0
81.60994,81.14307,0
81.61994,81.19626,0
81.62994,81.12735,0
81.63994,81.18048,0
81.64994,81.1116,0
81.65994,81.16479,0
81.66994,81.09589,0
81.67994,81.14902,0
81.68994,81.08014,0
81.69994,81.13333,0
81.70995,81.06444,0
81.71994,81.12553,0
81.72994,81.06465,0
81.73994,81.11778,0
81.74994,81.0489,0
81.75994,81.10204,0
81.76994,81.03316,0
81.77995,81.08629,0
81.78994,81.01744,0
81.79994,81.00832,0
81.80994,80.99913,0
81.81994,80.98999,0
81.82994,80.9808,0
81.83994,80.97174,0
81.84995,80.96262,0
81.85994,80.95343,0
81.86994,80.94431,0
81.87994,80.93512,0
81.88994,80.92606,0
81.89994,80.91687,0
81.90994,80.90775,0
81.91994,80.9066,0
81.92994,80.90541,0
81.93994,80.89622,0
81.94994,80.8871,0
81.95995,80.95271,0
81.96994,80.87187,0
81.97994,80.9375,0
81.98994,80.85666,0
81.99994,80.92227,0
82.00994,80.84143,0
82.01994,80.90701,0
82.02995,80.8262,0
82.03994,80.89178,0
82.04994,80.8857,0
82.05994,80.87959,0
82.06994,80.87349,0
82.07994,80.8674,0
82.08994,80.8613,0
82.09995,80.85519,0
82.10994,80.84915,0
82.11994,80.85098,0
82.12994,80.84488,0
82.13994,80.83884,0
82.14994,80.83275,0
82.15994,80.82664,0
82.16994,80.82054,0
82.17994,80.81445,0
82.18994,80.80835,0
82.19994,80.80219,0
82.20994,80.79614,0
82.21994,80.79005,0
82.22994,80.78395,0
82.23994,80.77785,0
82.24994,80.7718,0
82.25994,80.7657,0
82.26994,80.7596,0
82.27995,80.75349,0
82.28994,80.74744,0
82.29994,80.74133,0
82.30994,80.73523,0
82.31994,80.73708,0
82.32994,80.73103,0
82.33994,80.72493,0
82.34995,80.71884,0
82.35994,80.71271,0
82.36994,80.64435,0
82.37994,80.698,0
82.38994,80.62964,0
82.39994,80.68329,0
82.40994,80.6149,0
82.41994,80.60625,0
82.42994,80.59758,0
82.43994,80.58891,0
82.44994,80.58029,0
82.45994,80.57169,0
82.46994,80.56302,0
82.47994,80.55438,0
82.48994,80.54567,0
82.49994,80.59938,0
82.50994,80.53099,0
82.51994,80.59264,0
82.52994,80.52422,0
82.53994,80.51558,0
82.54994,80.50693,0
82.55994,80.49832,0
82.56994,80.48969,0
82.57994,80.48102,0
82.58994,80.47237,0
82.59995,80.46373,0
82.60994,80.45512,0
82.61994,80.44644,0
82.62994,80.43784,0
82.63994,80.4292,0
82.64994,80.42053,0
82.65994,80.4119,0
82.66994,80.40317,0
82.67994,80.39459,0
82.68994,80.46068,0
82.69994,80.38036,0
82.70994,80.44647,0
82.71994,80.37408,0
82.72994,80.44017,0
82.73994,80.35988,0
82.74994,80.42595,0
82.75994,80.3456,0
82.76994,80.41168,0
82.77994,80.33139,0
82.78994,80.39748,0
82.79994,80.39185,0
82.80994,80.38629,0
82.81994,80.38066,0
82.82994,80.37511,0
82.83994,80.36948,0
82.84995,80.36389,0
82.85994,80.35829,0
82.86994,80.35272,0
82.87994,80.34711,0
82.88994,80.34152,0
82.89994,80.33589,0
82.90994,80.33034,0
82.91994,80.32471,0
82.92994,80.31911,0
82.93994,80.31352,0
82.94994,80.30797,0
82.95994,80.30234,0
82.96994,80.29674,0
82.97994,80.29115,0
82.98994,80.28555,0
82.99994,80.27992,0
83.00994,80.27437,0
83.01994,80.26875,0
83.02994,80.26318,0
83.03994,80.25757,0
83.04994,80.252,0
83.05994,80.2464,0
83.06994,80.24081,0
83.07994,80.2352,0
83.08994,80.2296,0
83.09994,80.22403,0
83.10994,80.21841,0
83.11994,80.20488,0
83.12994,80.1913,0
83.13994,80.17775,0
83.14994,80.16415,0
83.15994,80.15059,0
83.16994,80.13704,0
83.17994,80.1235,0
83.18994,80.04765,0
83.19994,80.09383,0
83.20994,80.0179,0
83.21994,80.06418,0
83.22994,80.00423,0
83.23994,80.06636,0
83.24994,80.00644,0
83.25994,80.06851,0
83.26994,80.00858,0
83.27994,80.07069,0
83.28994,80.01083,0
83.29994,80.01065,0
83.30994,80.01042,0
83.31994,80.0023,0
83.32994,79.99419,0
83.33994,79.98599,0
83.34994,79.97789,0
83.35994,79.96973,0
83.36994,79.96155,0
83.37994,79.95345,0
83.38994,79.94527,0
83.39994,79.93715,0
83.40994,79.92899,0
83.41994,79.92088,0
83.42994,79.9127,0
83.43994,79.9046,0
83.44994,79.89642,0
83.45994,79.96303,0
83.46994,79.88321,0
83.47994,79.94978,0
83.48994,79.86995,0
83.49994,79.93652,0
83.50994,79.85669,0
83.51994,79.91533,0
83.52994,79.82745,0
83.53994,79.88612,0
83.54994,79.87309,0
83.55994,79.86002,0
83.56994,79.84694,0
83.57994,79.83392,0
83.58994,79.82086,0
83.59994,79.80779,0
83.60994,79.79472,0
83.61994,79.78159,0
83.62994,79.78455,0
83.63994,79.7874,0
83.64994,79.79025,0
83.65994,79.79311,0
83.66994,79.79601,0
83.67994,79.79883,0
83.68994,79.80174,0
83.69994,79.8046,0
83.70994,79.80745,0
83.71994,79.80237,0
83.72994,79.79729,0
83.73994,79.79214,0
83.74994,79.78705,0
83.75994,79.78197,0
83.76994,79.77689,0
83.77994,79.77174,0
83.78994,79.76666,0
83.79994,79.76157,0
83.80994,79.75648,0
83.81994,79.7514,0
83.82994,79.74626,0
83.83994,79.74118,0
83.84994,79.73607,0
83.85994,79.73099,0
83.86994,79.72589,0
83.87994,79.72081,0
83.88994,79.71567,0
83.89994,79.71059,0
83.90994,79.70551,0
83.91994,79.69241,0
83.92994,79.61711,0
83.93994,79.66379,0
83.94994,79.58839,0
83.95994,79.63507,0
83.96994,79.55974,0
83.97994,79.60641,0
83.98994,79.53105,0
83.99994,79.57771,0
84.00994,79.50238,0
84.01994,79.54906,0
84.02994,79.47363,0
84.03994,79.53635,0
84.04994,79.47688,0
84.05994,79.47723,0
84.06994,79.47757,0
84.07994,79.47784,0
84.08994,79.4782,0
84.09994,79.47852,0
84.10994,79.47881,0
84.11994,79.47115,0
84.12994,79.46353,0
84.13994,79.45589,0
84.14994,79.44824,0
84.15994,79.44061,0
84.16994,79.43297,0
84.17994,79.42529,0
84.18994,79.41766,0
84.19994,79.41,0
84.20994,79.40233,0
84.21994,79.39468,0
84.22994,79.46172,0
84.23994,79.38243,0
84.24994,79.44954,0
84.25994,79.37024,0
84.26994,79.4373,0
84.27994,79.35793,0
84.28994,79.42503,0
84.29994,79.3457,0
84.30994,79.4128,0
84.31994,79.32553,0
84.32994,79.38457,0
84.33994,79.37207,0
84.34994,79.35948,0
84.35994,79.34694,0
84.36994,79.33437,0
84.37994,79.32181,0
84.38994,79.30923,0
84.39994,79.29666,0
84.40994,79.28412,0
84.41994,79.27153,0
84.42994,79.25897,0
84.43994,79.24641,0
84.44994,79.24977,0
84.45994,79.25313,0
84.46994,79.25648,0
84.47994,79.25986,0
84.48994,79.26323,0
84.49994,79.26663,0
84.50994,79.26996,0
84.51994,79.26535,0
84.52994,79.26074,0
84.53994,79.25615,0
84.54994,79.25153,0
84.55994,79.24699,0
84.56994,79.24239,0
84.57994,79.23778,0
84.58994,79.23317,0
84.59994,79.22858,0
84.60994,79.22395,0
84.61994,79.21936,0
84.62994,79.2148,0
84.63994,79.21014,0
84.64994,79.20558,0
84.65994,79.201,0
84.66994,79.19632,0
84.67994,79.12947,0
84.68994,79.18463,0
84.69994,79.11775,0
84.70994,79.17285,0
84.71994,79.10602,0
84.72994,79.15315,0
84.73994,79.07831,0
84.74994,79.12544,0
84.75994,79.05066,0
84.76994,79.09782,0
84.77994,79.02296,0
84.78994,79.07011,0
84.79994,78.99529,0
84.80994,79.04245,0
84.81994,78.96758,0
84.82994,79.0148,0
84.83994,78.93991,0
84.84994,78.94073,0
84.85994,78.94154,0
84.86994,78.9424,0
84.87994,78.94318,0
84.88994,78.94402,0
84.89994,78.94482,0
84.90994,78.94566,0
84.91994,78.94644,0
84.92994,78.9393,0
84.93994,78.93214,0
84.94994,78.92499,0
84.95994,78.91786,0
84.96994,78.91071,0
84.97994,78.90355,0
84.98994,78.97108,0
84.99994,78.89233,0
85.00994,78.95988,0
85.01994,78.88103,0
85.02994,78.94867,0
85.03994,78.8698,0
85.04994,78.9373,0
85.05994,78.85855,0
85.06994,78.92613,0
85.07994,78.84732,0
85.08994,78.91486,0
85.09994,78.83604,0
85.10994,78.90366,0
85.11994,78.89954,0
85.12994,78.88747,0
85.13994,78.87541,0
85.14994,78.86333,0
85.15994,78.85126,0
85.16994,78.83919,0
85.17994,78.82712,0
85.18994,78.81509,0
85.19994,78.80298,0
85.20994,78.79091,0
85.21994,78.77885,0
85.22994,78.76678,0
85.23994,78.7547,0
85.24994,78.74269,0
85.25994,78.74655,0
85.26994,78.75031,0
85.27994,78.75423,0
85.28994,78.75017,0
85.29994,78.74603,0
85.30994,78.74197,0
85.31994,78.73787,0
85.32994,78.73373,0
85.33994,78.72961,0
85.34994,78.66322,0
85.35994,78.71886,0
85.36994,78.65247,0
85.37994,78.70816,0
85.38994,78.64177,0
85.39994,78.69739,0
85.40994,78.63101,0
85.41994,78.68663,0
85.42994,78.62025,0
85.43994,78.67587,0
85.44994,78.60944,0
85.45994,78.66513,0
85.46994,78.59874,0
85.47994,78.65436,0
85.48994,78.58797,0
85.49994,78.6436,0
85.50994,78.57726,0
85.51994,78.63287,0
85.52994,78.5665,0
85.53994,78.5598,0
85.54994,78.55318,0
85.55994,78.54654,0
85.56994,78.53984,0
85.57994,78.53322,0
85.58994,78.52655,0
85.59994,78.51993,0
85.60994,78.51329,0
85.61994,78.50661,0
85.62994,78.48404,0
85.63994,78.46147,0
85.64994,78.43889,0
85.65994,78.41632,0
85.66994,78.39371,0
85.67994,78.46181,0
85.68994,78.38347,0
85.69994,78.45152,0
85.70994,78.3732,0
85.71994,78.44125,0
85.72994,78.36296,0
85.73994,78.43103,0
85.74994,78.35268,0
85.75994,78.42079,0
85.76994,78.34247,0
85.77994,78.41052,0
85.78994,78.33217,0
85.79994,78.40028,0
85.80994,78.39667,0
85.81994,78.39308,0
85.82994,78.38947,0
85.83994,78.38586,0
85.84994,78.38225,0
85.85994,78.37863,0
85.86994,78.37495,0
85.87994,78.37141,0
85.88994,78.3678,0
85.89994,78.36421,0
85.90994,78.3606,0
85.91994,78.35703,0
85.92994,78.35342,0
85.93994,78.34982,0
85.94994,78.34621,0
85.95994,78.34254,0
85.96994,78.33897,0
85.97994,78.33537,0
85.98994,78.33176,0
85.99994,78.32816,0
86.00994,78.32458,0
86.01994,78.32098,0
86.02994,78.31737,0
86.03994,78.29784,0
86.04994,78.27827,0
86.05994,78.25868,0
86.06994,78.23926,0
86.07994,78.21971,0
86.08994,78.21609,0
86.09994,78.21249,0
86.10994,78.20891,0
86.11994,78.20526,0
86.12994,78.20158,0
86.13994,78.13576,0
86.14994,78.19189,0
86.15994,78.12602,0
86.16994,78.18216,0
86.17994,78.11618,0
86.18994,78.17241,0
86.19994,78.10651,0
86.20994,78.16267,0
86.21994,78.09669,0
86.22994,78.09061,0
86.23994,78.08446,0
86.24994,78.07831,0
86.25994,78.07214,0
86.26994,78.06601,0
86.27994,78.05984,0
86.28994,78.0537,0
86.29994,78.04753,0
86.30994,78.0414,0
86.31994,78.03523,0
86.32994,78.02908,0
86.33994,78.02292,0
86.34994,78.01678,0
86.35994,78.01056,0
86.36994,78.00447,0
86.37994,77.99828,0
86.38994,77.99217,0
86.39994,77.98598,0
86.40993,77.97983,0
86.41994,77.97368,0
86.42994,77.96753,0
86.43994,77.96136,0
86.44994,77.93929,0
86.45994,77.91724,0
86.46994,77.89513,0
86.47994,77.9478,0
86.48994,77.85402,0
86.49994,77.92253,0
86.50994,77.84474,0
86.51994,77.91336,0
86.52994,77.83553,0
86.53994,77.90402,0
86.54994,77.90099,0
86.55994,77.89784,0
86.56994,77.89473,0
86.57994,77.89165,0
86.58994,77.88853,0
86.59994,77.88545,0
86.60994,77.88234,0
86.61994,77.8792,0
86.62994,77.87614,0
86.63994,77.87294,0
86.64994,77.8699,0
86.65993,77.86678,0
86.66994,77.86371,0
86.67994,77.86058,0
86.68994,77.8575,0
86.69994,77.8544,0
86.70994,77.85127,0
86.71994,77.84814,0
86.72994,77.84503,0
86.73994,77.84195,0
86.74994,77.83884,0
86.75994,77.83566,0
86.76994,77.83264,0
86.77994,77.82953,0
86.78994,77.82643,0
86.79994,77.8233,0
86.80994,77.82022,0
86.81994,77.81712,0
86.82994,77.814,0
86.83994,77.81087,0
86.84994,77.80775,0
86.85994,77.78877,0
86.86994,77.76967,0
86.87994,77.75066,0
86.88994,77.73161,0
86.89994,77.71257,0
86.90993,77.69359,0
86.91994,77.69048,0
86.92994,77.68727,0
86.93994,77.68423,0
86.94994,77.61885,0
86.95994,77.67551,0
86.96994,77.61008,0
86.97993,77.6667,0
86.98994,77.60132,0
86.99994,77.59564,0
87.00994,77.59003,0
87.01994,77.58435,0
87.02994,77.57874,0
87.03994,77.57306,0
87.04994,77.56738,0
87.05994,77.56172,0
87.06994,77.55609,0
87.07994,77.55042,0
87.08994,77.5448,0
87.09994,77.53909,0
87.10994,77.53343,0
87.11994,77.5278,0
87.12994,77.52214,0
87.13994,77.51653,0
87.14994,77.51083,0
87.15993,77.50517,0
87.16994,77.4995,0
87.17994,77.49385,0
87.18994,77.48824,0
87.19994,77.48256,0
87.20994,77.47688,0
87.21994,77.47127,0
87.22993,77.46561,0
87.23994,77.45992,0
87.24994,77.4543,0
87.25994,77.44864,0
87.26994,77.42702,0
87.27994,77.40549,0
87.28994,77.45862,0
87.29993,77.36536,0
87.30994,77.4185,0
87.31994,77.32523,0
87.32994,77.37837,0
87.33994,77.37573,0
87.34994,77.37314,0
87.35994,77.37054,0
87.36994,77.3679,0
87.37994,77.36531,0
87.38994,77.36272,0
87.39994,77.36008,0
87.40993,77.35748,0
87.41994,77.35489,0
87.42994,77.35219,0
87.43994,77.34959,0
87.44994,77.347,0
87.45994,77.34442,0
87.46994,77.34183,0
87.47993,77.33923,0
87.48994,77.33659,0
87.49994,77.334,0
87.50994,77.33141,0
87.51994,77.32883,0
87.52994,77.32617,0
87.53994,77.32359,0
87.54993,77.32095,0
87.55994,77.31836,0
87.56994,77.31577,0
87.57994,77.31313,0
87.58994,77.31053,0
87.59994,77.30794,0
87.60994,77.30533,0
87.61994,77.30273,0
87.62994,77.30002,0
87.63994,77.29744,0
87.64994,77.29491,0
87.65993,77.29225,0
87.66994,77.28967,0
87.67994,77.27112,0
87.68994,77.25259,0
87.69994,77.23409,0
87.70994,77.2155,0
87.71994,77.19701,0
87.72993,77.17844,0
87.73994,77.15993,0
87.74994,77.14134,0
87.75994,77.13878,0
87.76994,77.07388,0
87.77994,77.13098,0
87.78994,77.06607,0
87.79993,77.12321,0
87.80994,77.0583,0
87.81994,77.05315,0
87.82994,77.04803,0
87.83994,77.04288,0
87.84994,77.03772,0
87.85994,77.03255,0
87.86993,77.02739,0
87.87994,77.02223,0
87.88994,77.01706,0
87.89994,77.0119,0
87.90993,77.00677,0
87.91994,77.00159,0
87.92994,76.99643,0
87.93994,76.9913,0
87.94994,76.9861,0
87.95994,76.98097,0
87.96994,76.97581,0
87.97993,76.97064,0
87.98994,76.96548,0
87.99994,76.96033,0
88.00994,76.95515,0
88.01994,76.95,0
88.02994,76.94487,0
88.03994,76.93973,0
88.04993,76.93454,0
88.05994,76.92938,0
88.06994,76.92421,0
88.07994,76.91908,0
88.08994,76.89799,0
88.09994,76.95166,0
88.10994,76.85884,0
88.11993,76.91249,0
88.12994,76.89447,0
88.13994,76.87642,0
88.14994,76.85837,0
88.15993,76.84033,0
88.16994,76.82228,0
88.17994,76.82021,0
88.18993,76.81805,0
88.19994,76.81599,0
88.20994,76.81386,0
88.21994,76.81177,0
88.22993,76.80965,0
88.23994,76.80753,0
88.24994,76.80542,0
88.25994,76.8033,0
88.26994,76.80121,0
88.27994,76.79907,0
88.28994,76.79698,0
88.29993,76.79485,0
88.30994,76.79272,0
88.31994,76.79063,0
88.32994,76.78851,0
88.33994,76.78641,0
88.34994,76.78429,0
88.35994,76.7822,0
88.36993,76.78006,0
88.37994,76.77797,0
88.38994,76.77585,0
88.39994,76.77376,0
88.40993,76.77162,0
88.41994,76.76953,0
88.42994,76.76743,0
88.43993,76.76532,0
88.44994,76.76321,0
88.45994,76.76108,0
88.46994,76.75899,0
88.47993,76.75684,0
88.48994,76.75478,0
88.49994,76.75267,0
88.50993,76.73462,0
88.51994,76.71654,0
88.52994,76.69852,0
88.53994,76.61819,0
88.54993,76.65991,0
88.55994,76.57957,0
88.56994,76.62128,0
88.57994,76.54094,0
88.58994,76.58266,0
88.59994,76.51822,0
88.60994,76.57588,0
88.61993,76.51147,0
88.62994,76.56906,0
88.63994,76.50462,0
88.64994,76.50003,0
88.65993,76.49536,0
88.66994,76.49065,0
88.67994,76.48607,0
88.68993,76.48137,0
88.69994,76.47676,0
88.70994,76.47205,0
88.71994,76.46744,0
88.72993,76.46269,0
88.73994,76.4581,0
88.74994,76.45343,0
88.75993,76.44872,0
88.76994,76.44412,0
88.77994,76.43947,0
88.78994,76.4348,0
88.79993,76.43011,0
88.80994,76.42551,0
88.81994,76.42079,0
88.82994,76.41614,0
88.83994,76.41147,0
88.84994,76.48155,0
88.85994,76.40524,0
88.86993,76.4753,0
88.87994,76.39893,0
88.88994,76.46901,0
88.89994,76.39268,0
88.90993,76.46278,0
88.91994,76.3864,0
88.92994,76.44052,0
88.93993,76.34828,0
88.94994,76.40244,0
88.95994,76.38487,0
88.96994,76.36734,0
88.97993,76.41209,0
88.98994,76.39709,0
88.99994,76.3821,0
89.00993,76.36707,0
89.01994,76.36804,0
89.02994,76.36899,0
89.03994,76.36992,0
89.04993,76.37085,0
89.05994,76.37175,0
89.06994,76.37268,0
89.07993,76.37366,0
89.08994,76.3746,0
89.09994,76.37553,0
89.10994,76.37646,0
89.11993,76.37737,0
89.12994,76.3783,0
89.13994,76.37929,0
89.14994,76.3802,0
89.15993,76.38115,0
89.16994,76.38208,0
89.17994,76.38301,0
89.18993,76.38394,0
89.19994,76.38487,0
89.20994,76.38579,0
89.21994,76.38672,0
89.22993,76.38766,0
89.23994,76.3886,0
89.24994,76.38956,0
89.25993,76.39049,0
89.26994,76.3914,0
89.27994,76.39233,0
89.28994,76.39328,0
89.29993,76.39424,0
89.30994,76.39517,0
89.31994,76.39604,0
89.32993,76.39702,0
89.33994,76.38202,0
89.34994,76.36702,0
89.35994,76.35204,0
89.36993,76.33704,0
89.37994,76.3221,0
89.38994,76.30708,0
89.39993,76.29208,0
89.40993,76.27708,0
89.41994,76.26208,0
89.42994,76.24707,0
89.43993,76.24806,0
89.44994,76.24898,0
89.45994,76.24985,0
89.46994,76.25084,0
89.47993,76.25177,0
89.48994,76.25275,0
89.49994,76.25368,0
89.50993,76.25461,0
89.51994,76.25552,0
89.52994,76.25645,0
89.53994,76.25735,0
89.54993,76.25835,0
89.55994,76.25929,0
89.56994,76.26016,0
89.57993,76.26111,0
89.58994,76.2621,0
89.59994,76.26303,0
89.60994,76.26396,0
89.61993,76.26486,0
89.62994,76.26581,0
89.63994,76.26672,0
89.64993,76.32994,0
89.65993,76.27118,0
89.66994,76.27211,0
89.67994,76.27307,0
89.68993,76.27396,0
89.69994,76.27493,0
89.70994,76.33815,0
89.71994,76.27933,0
89.72993,76.34258,0
89.73994,76.28378,0
89.74994,76.34697,0
89.75993,76.27219,0
89.76994,76.31956,0
89.77994,76.24484,0
89.78994,76.2921,0
89.79993,76.21735,0
89.80994,76.26463,0
89.81994,76.2522,0
89.82993,76.23979,0
89.83994,76.22729,0
89.84994,76.21489,0
89.85994,76.21838,0
89.86993,76.22185,0
89.87994,76.22528,0
89.88994,76.22881,0
89.89993,76.17004,0
89.90993,76.23326,0
89.91994,76.17444,0
89.92994,76.23759,0
89.93993,76.17886,0
89.94994,76.24211,0
89.95994,76.1832,0
89.96993,76.24651,0
89.97993,76.18771,0
89.98994,76.25093,0
89.99994,76.19211,0
90.00993,76.25533,0
90.01994,76.19656,0
90.02994,76.25978,0
90.03994,76.26324,0
90.04993,76.26674,0
90.05994,76.2702,0
90.06994,76.27373,0
90.07993,76.27716,0
90.08994,76.28069,0
90.09994,76.28415,0
90.10994,76.28761,0
90.11993,76.29111,0
90.12994,76.29462,0
90.13994,76.2981,0
90.14993,76.30159,0
90.15993,76.30505,0
90.16994,76.30858,0
90.17994,76.29611,0
90.18993,76.28365,0
90.19994,76.27119,0
90.20994,76.25874,0
90.21993,76.24634,0
90.22993,76.23387,0
90.23994,76.22134,0
90.24994,76.20897,0
90.25993,76.19655,0
90.26994,76.1841,0
90.27994,76.18756,0
90.28993,76.19109,0
90.29993,76.19455,0
90.30994,76.19801,0
90.31994,76.20152,0
90.32993,76.20502,0
90.33994,76.2085,0
90.34994,76.21196,0
90.35994,76.21548,0
90.36993,76.15663,0
90.37994,76.21989,0
90.38994,76.1611,0
90.39993,76.22432,0
90.40993,76.2278,0
90.41994,76.23126,0
90.42994,76.23473,0
90.43993,76.23824,0
90.44994,76.2417,0
90.45994,76.24522,0
90.46993,76.2487,0
90.47993,76.25217,0
90.48994,76.25569,0
90.49994,76.25914,0
90.50993,76.26266,0
90.51994,76.26613,0
90.52994,76.26959,0
90.53993,76.27307,0
90.54993,76.2766,0
90.55994,76.28003,0
90.56994,76.28354,0
90.57993,76.287,0
90.58994,76.29053,0
90.59994,76.27806,0
90.60994,76.26561,0
90.61993,76.2532,0
90.62994,76.24072,0
90.63994,76.22829,0
90.64993,76.21582,0
90.65993,76.20341,0
90.66994,76.19096,0
90.67994,76.1785,0
90.68993,76.16605,0
90.69994,76.16957,0
90.70994,76.17303,0
90.71993,76.1765,0
90.72993,76.17999,0
90.73994,76.18347,0
90.74994,76.18698,0
90.75993,76.19044,0
90.76994,76.19394,0
90.77994,76.1974,0
90.78993,76.13855,0
90.79993,76.20181,0
90.80994,76.14307,0
90.81994,76.20628,0
90.82993,76.14743,0
90.83994,76.21068,0
90.84994,76.21414,0
90.85993,76.21764,0
90.86993,76.22116,0
90.87994,76.22456,0
90.88994,76.22812,0
90.89993,76.23158,0
90.90993,76.23505,0
90.91994,76.23854,0
90.92994,76.242,0
90.93993,76.2455,0
90.94994,76.24902,0
90.95994,76.25252,0
90.96993,76.25598,0
90.97993,76.25945,0
90.98994,76.26294,0
90.99994,76.26646,0
91.00993,76.2699,0
91.01994,76.25749,0
91.02994,76.24506,0
91.03993,76.23259,0
91.04993,76.22015,0
91.05994,76.20769,0
91.06994,76.19525,0
91.07993,76.18282,0
91.08994,76.17035,0
91.09994,76.15791,0
91.10993,76.14545,0
91.11993,76.14894,0
91.12994,76.1524,0
91.13994,76.1559,0
91.14993,76.09714,0
91.15993,76.16035,0
91.16994,76.10147,0
91.17993,76.16473,0
91.18993,76.10599,0
91.19994,76.10692,0
91.20994,76.10782,0
91.21993,76.10875,0
91.22993,76.10968,0
91.23994,76.11063,0
91.24994,76.11157,0
91.25993,76.1125,0
91.26994,76.11343,0
91.27994,76.1144,0
91.28993,76.17758,0
91.29993,76.11882,0
91.30994,76.18202,0
91.31994,76.12321,0
91.32993,76.18646,0
91.33994,76.12764,0
91.34994,76.19089,0
91.35993,76.13203,0
91.36993,76.19527,0
91.37994,76.13646,0
91.38994,76.19971,0
91.39993,76.14088,0
91.40993,76.2041,0
91.41994,76.14534,0
91.42993,76.20857,0
91.43993,76.13382,0
91.44994,76.18109,0
91.45994,76.1064,0
91.46993,76.15366,0
91.47993,76.07893,0
91.48994,76.12624,0
91.49994,76.05148,0
91.50993,76.0988,0
91.51994,76.02406,0
91.52994,76.07132,0
91.53993,76.01256,0
91.54993,76.07579,0
91.55994,76.01697,0
91.56994,76.08022,0
91.57993,76.02141,0
91.58994,76.02234,0
91.59994,76.02327,0
91.60993,76.02419,0
91.61993,76.02512,0
91.62994,76.02605,0
91.63994,76.02698,0
91.64993,76.02792,0
91.65993,76.02885,0
91.66994,76.02979,0
91.67993,76.03076,0
91.68993,76.03169,0
91.69994,76.03262,0
91.70994,76.03355,0
91.71993,76.0345,0
91.72993,76.03543,0
91.73994,76.03638,0
91.74993,76.03731,0
91.75993,76.03824,0
91.76994,76.03917,0
91.77994,76.04012,0
91.78993,76.04099,0
91.79993,76.04196,0
91.80994,76.04292,0
91.81994,76.04385,0
91.82993,76.04478,0
91.83994,76.10803,0
91.84994,76.03329,0
91.85993,76.08057,0
91.86993,76.00575,0
91.87994,76.05313,0
91.88994,75.97838,0
91.89993,75.96338,0
91.90993,75.94841,0
91.91994,75.93341,0
91.92993,75.91841,0
91.93993,75.90344,0
91.94994,75.96318,0
91.95994,75.8924,0
91.96993,75.96806,0
91.97993,75.89735,0
91.98994,75.97302,0
91.99993,75.90224,0
92.00993,75.97789,0
92.01994,75.90715,0
92.02994,75.98283,0
92.03993,75.91209,0
92.04993,75.98778,0
92.05994,75.91702,0
92.06993,75.99269,0
92.07993,75.92191,0
92.08994,75.92287,0
92.09994,75.9238,0
92.10993,75.92473,0
92.11993,75.92563,0
92.12994,75.92662,0
92.13994,75.92746,0
92.14993,75.92845,0
92.15993,75.92941,0
92.16994,75.93034,0
92.17993,75.9313,0
92.18993,75.93224,0
92.19994,75.93314,0
92.20994,75.93407,0
92.21993,75.93503,0
92.22993,75.93596,0
92.23994,75.93692,0
92.24993,75.93779,0
92.25993,75.93875,0
92.26994,75.92378,0
92.27994,75.90878,0
92.28993,75.96854,0
92.29993,75.88184,0
92.30994,75.94159,0
92.31993,75.8549,0
92.32993,75.91464,0
92.33994,75.90266,0
92.34994,75.89072,0
92.35993,75.8788,0
92.36993,75.86684,0
92.37994,75.87082,0
92.38993,75.87479,0
92.39993,75.87877,0
92.40993,75.8828,0
92.41994,75.88675,0
92.42993,75.89073,0
92.43993,75.89474,0
92.44994,75.89871,0
92.45994,75.90269,0
92.46993,75.90665,0
92.47993,75.91063,0
92.48994,75.91464,0
92.49993,75.91864,0
92.50993,75.84785,0
92.51994,75.92355,0
92.52994,75.85281,0
92.53993,75.92848,0
92.54993,75.85773,0
92.55994,75.9334,0
92.56993,75.86264,0
92.57993,75.93828,0
92.58994,75.86752,0
92.59994,75.94319,0
92.60993,75.87244,0
92.61993,75.94815,0
92.62994,75.87737,0
92.63993,75.95306,0
92.64993,75.88231,0
92.65993,75.95798,0
92.66994,75.88722,0
92.67993,75.96286,0
92.68993,75.87624,0
92.69994,75.9359,0
92.70994,75.84924,0
92.71993,75.90901,0
92.72993,75.89708,0
92.73994,75.8851,0
92.74993,75.87309,0
92.75993,75.86121,0
92.76994,75.84924,0
92.77994,75.8373,0
92.78993,75.82535,0
92.79993,75.8293,0
92.80994,75.83336,0
92.81993,75.83734,0
92.82993,75.84132,0
92.83994,75.84529,0
92.84994,75.84927,0
92.85993,75.85327,0
92.86993,75.85725,0
92.87994,75.86121,0
92.88993,75.80293,0
92.89993,75.86662,0
92.90993,75.80835,0
92.91994,75.87202,0
92.92993,75.81372,0
92.93993,75.87747,0
92.94994,75.81914,0
92.95993,75.88287,0
92.96993,75.8246,0
92.97993,75.88829,0
92.98994,75.82999,0
92.99993,75.89368,0
93.00993,75.83534,0
93.01994,75.89914,0
93.02994,75.84082,0
93.03993,75.9045,0
93.04993,75.84616,0
93.05994,75.90996,0
93.06993,75.85164,0
93.07993,75.91537,0
93.08994,75.85704,0
93.09994,75.92078,0
93.10993,75.77184,0
93.11993,75.89131,0
93.12994,75.81705,0
93.13993,75.86487,0
93.14993,75.7906,0
93.15993,75.83841,0
93.16994,75.76421,0
93.17993,75.81197,0
93.18993,75.73776,0
93.19994,75.78551,0
93.20993,75.71124,0
93.21993,75.77499,0
93.22993,75.71672,0
93.23994,75.78046,0
93.24993,75.72212,0
93.25993,75.72356,0
93.26994,75.72498,0
93.27993,75.72644,0
93.28993,75.72786,0
93.29993,75.72928,0
93.30994,75.73071,0
93.31993,75.73207,0
93.32993,75.73361,0
93.33994,75.73503,0
93.34994,75.73643,0
93.35993,75.73792,0
93.36993,75.73933,0
93.37994,75.74075,0
93.38993,75.74219,0
93.39993,75.74364,0
93.40993,75.74506,0
93.41994,75.74649,0
93.42993,75.74791,0
93.43993,75.74934,0
93.44994,75.75079,0
93.45993,75.75221,0
93.46993,75.75363,0
93.47993,75.7551,0
93.48994,75.75652,0
93.49993,75.758,0
93.50993,75.75941,0
93.51994,75.76082,0
93.52993,75.74631,0
93.53993,75.7318,0
93.54993,75.71732,0
93.55994,75.7028,0
93.56993,75.68831,0
93.57993,75.67384,0
93.58994,75.65933,0
93.59994,75.64479,0
93.60993,75.63036,0
93.61993,75.61584,0
93.62994,75.60136,0
93.63993,75.58685,0
93.64993,75.58832,0
93.65993,75.58974,0
93.66994,75.59116,0
93.67993,75.59261,0
93.68993,75.59396,0
93.69994,75.59549,0
93.70993,75.59691,0
93.71993,75.59836,0
93.72993,75.59979,0
93.73994,75.6012,0
93.74993,75.60268,0
93.75993,75.60406,0
93.76994,75.60548,0
93.77993,75.60695,0
93.78993,75.60837,0
93.79993,75.60982,0
93.80994,75.61124,0
93.81993,75.61269,0
93.82993,75.61409,0
93.83994,75.61557,0
93.84993,75.61696,0
93.85993,75.61844,0
93.86993,75.61984,0
93.87994,75.62131,0
93.88993,75.62273,0
93.89993,75.62418,0
93.90993,75.62558,0
93.91994,75.627,0
93.92993,75.62845,0
93.93993,75.6299,0
93.94994,75.63132,0
93.95993,75.61685,0
93.96993,75.60231,0
93.97993,75.5878,0
93.98994,75.57332,0
93.99993,75.55885,0
94.00993,75.54434,0
94.01994,75.52986,0
94.02993,75.51534,0
94.03993,75.50087,0
94.04993,75.48636,0
94.05994,75.47188,0
94.06993,75.47327,0
94.07993,75.47472,0
94.08994,75.41386,0
94.09993,75.54977,0
94.10993,75.41727,0
94.11993,75.49086,0
94.12994,75.41803,0
94.13993,75.49167,0
94.14993,75.48116,0
94.15993,75.42033,0
94.16993,75.41916,0
94.17993,75.49278,0
94.18993,75.42003,0
94.19994,75.41891,0
94.20993,75.49251,0
94.21993,75.41969,0
94.22993,75.41852,0
94.23994,75.49222,0
94.24993,75.41942,0
94.25993,75.493,0
94.26994,75.42023,0
94.27993,75.41913,0
94.28993,75.49275,0
94.29993,75.41994,0
94.30994,75.41882,0
94.31993,75.49243,0
94.32993,75.4196,0
94.33994,75.41849,0
94.34993,75.49213,0
94.35993,75.41936,0
94.36993,75.49294,0
94.37994,75.40424,0
94.38993,75.4619,0
94.39993,75.37318,0
94.40993,75.43079,0
94.41993,75.34215,0
94.42993,75.3998,0
94.43993,75.38579,0
94.44994,75.37183,0
94.45993,75.35785,0
94.46993,75.34384,0
94.47993,75.32982,0
94.48994,75.31581,0
94.49993,75.31778,0
94.50993,75.31967,0
94.51994,75.32159,0
94.52993,75.32356,0
94.53993,75.32549,0
94.54993,75.32741,0
94.55994,75.32932,0
94.56993,75.3313,0
94.57993,75.33321,0
94.58994,75.33516,0
94.59993,75.33702,0
94.60993,75.33899,0
94.61993,75.34091,0
94.62994,75.34283,0
94.63993,75.3448,0
94.64993,75.34673,0
94.65993,75.34863,0
94.66993,75.35062,0
94.67993,75.35252,0
94.68993,75.35445,0
94.69994,75.35641,0
94.70993,75.35834,0
94.71993,75.36026,0
94.72993,75.36217,0
94.73993,75.36409,0
94.74993,75.36606,0
94.75993,75.36798,0
94.76994,75.36989,0
94.77993,75.37181,0
94.78993,75.37379,0
94.79993,75.35977,0
94.80994,75.34576,0
94.81993,75.3318,0
94.82993,75.31779,0
94.83994,75.30379,0
94.84993,75.28979,0
94.85993,75.27579,0
94.86993,75.26178,0
94.87994,75.24776,0
94.88993,75.23381,0
94.89993,75.21973,0
94.90993,75.20572,0
94.91993,75.20773,0
94.92993,75.20964,0
94.93993,75.2115,0
94.94994,75.21349,0
94.95993,75.15314,0
94.96993,75.21484,0
94.97993,75.1545,0
94.98993,75.21617,0
94.99993,75.15578,0
95.00993,75.15518,0
95.01994,75.15457,0
95.02993,75.15393,0
95.03993,75.15334,0
95.04993,75.15273,0
95.05993,75.15207,0
95.06993,75.15149,0
95.07993,75.15085,0
95.08994,75.15022,0
95.09993,75.14964,0
95.10993,75.149,0
95.11993,75.14838,0
95.12994,75.14774,0
95.13993,75.14714,0
95.14993,75.14653,0
95.15993,75.14589,0
95.16993,75.14529,0
95.17993,75.14468,0
95.18993,75.14403,0
95.19994,75.14342,0
95.20993,75.14282,0
95.21993,75.14218,0
95.22993,75.12563,0
95.23993,75.10912,0
95.24993,75.09258,0
95.25993,75.07599,0
95.26994,75.05945,0
95.27993,75.04292,0
95.28993,75.02638,0
95.29993,75.0098,0
95.30993,74.99326,0
95.31993,74.97675,0
95.32993,74.96019,0
95.33994,74.94362,0
95.34993,74.94301,0
95.35993,74.94241,0
95.36993,74.94174,0
95.37994,74.94115,0
95.38993,74.94054,0
95.39993,74.93996,0
95.40993,74.93933,0
95.41993,74.93872,0
95.42993,74.93808,0
95.43993,74.93745,0
95.44994,74.93687,0
95.45993,74.93625,0
95.46993,74.93564,0
95.47993,74.935,0
95.48993,74.93437,0
95.49993,74.93376,0
95.50993,74.93312,0
95.51994,74.9325,0
95.52993,74.93188,0
95.53993,74.93129,0
95.54993,74.93068,0
95.55993,74.93007,0
95.56993,74.92941,0
95.57993,74.9288,0
95.58994,74.92819,0
95.59993,74.92757,0
95.60993,74.92699,0
95.61993,74.92636,0
95.62993,74.92575,0
95.63993,74.92514,0
95.64993,74.90855,0
95.65993,74.96675,0
95.66993,74.87849,0
95.67993,74.93671,0
95.68993,74.84845,0
95.69994,74.90668,0
95.70993,74.89316,0
95.71993,74.87967,0
95.72993,74.86615,0
95.73993,74.85266,0
95.74993,74.83908,0
95.75993,74.82562,0
95.76994,74.81213,0
95.77993,74.81459,0
95.78993,74.81703,0
95.79993,74.81944,0
95.80993,74.82182,0
95.81993,74.8243,0
95.82993,74.82671,0
95.83994,74.76689,0
95.84993,74.82906,0
95.85993,74.76918,0
95.86993,74.83134,0
95.87993,74.77148,0
95.88993,74.77136,0
95.89993,74.77127,0
95.90993,74.77112,0
95.91993,74.771,0
95.92993,74.7709,0
95.93993,74.77075,0
95.94993,74.77063,0
95.95993,74.77054,0
95.96993,74.77039,0
95.97993,74.77022,0
95.98993,74.77016,0
95.99993,74.77007,0
96.00993,74.76991,0
96.01994,74.76979,0
96.02993,74.7697,0
96.03993,74.76961,0
96.04993,74.76945,0
96.05993,74.7693,0
96.06993,74.76924,0
96.07993,74.75308,0
96.08994,74.73712,0
96.09993,74.7211,0
96.10993,74.70502,0
96.11993,74.68896,0
96.12993,74.67288,0
96.13993,74.65686,0
96.14993,74.64084,0
96.15993,74.62476,0
96.16993,74.60872,0
96.17993,74.5927,0
96.18993,74.57661,0
96.19993,74.56056,0
96.20993,74.56047,0
96.21993,74.56032,0
96.22993,74.56023,0
96.23993,74.56009,0
96.24993,74.55998,0
96.25993,74.55983,0
96.26993,74.55968,0
96.27993,74.55959,0
96.28993,74.55949,0
96.29993,74.5594,0
96.30993,74.55925,0
96.31993,74.5591,0
96.32993,74.55901,0
96.33994,74.55891,0
96.34993,74.55881,0
96.35993,74.55865,0
96.36993,74.5585,0
96.37993,74.55841,0
96.38993,74.55832,0
96.39993,74.55817,0
96.40993,74.55807,0
96.41993,74.55792,0
96.42993,74.55783,0
96.43993,74.55771,0
96.44993,74.5576,0
96.45993,74.55745,0
96.46993,74.55736,0
96.47993,74.55721,0
96.48993,74.55711,0
96.49993,74.54103,0
96.50993,74.52501,0
96.51993,74.50896,0
96.52993,74.49294,0
96.53993,74.47685,0
96.54993,74.46082,0
96.55993,74.44473,0
96.56993,74.42862,0
96.57993,74.41266,0
96.58994,74.47133,0
96.59993,74.38359,0
96.60993,74.44231,0
96.61993,74.35457,0
96.62993,74.41327,0
96.63993,74.40022,0
96.64993,74.40315,0
96.65993,74.4061,0
96.66993,74.40903,0
96.67993,74.41194,0
96.68993,74.41489,0
96.69993,74.3555,0
96.70993,74.4182,0
96.71993,74.35881,0
96.72993,74.42143,0
96.73993,74.36211,0
96.74993,74.36247,0
96.75993,74.36285,0
96.76993,74.36328,0
96.77993,74.36365,0
96.78993,74.36401,0
96.79993,74.36438,0
96.80993,74.36476,0
96.81993,74.36513,0
96.82993,74.36555,0
96.83993,74.36592,0
96.84993,74.36629,0
96.85993,74.36667,0
96.86993,74.367,0
96.87993,74.36743,0
96.88993,74.3678,0
96.89993,74.36816,0
96.90993,74.36855,0
96.91993,74.36891,0
96.92993,74.35336,0
96.93993,74.33781,0
96.94993,74.32227,0
96.95993,74.3067,0
96.96993,74.2912,0
96.97993,74.27565,0
96.98993,74.26004,0
96.99993,74.24449,0
97.00993,74.22899,0
97.01993,74.21342,0
97.02993,74.19785,0
97.03993,74.18228,0
97.04993,74.16678,0
97.05993,74.15121,0
97.06993,74.13562,0
97.07993,74.13606,0
97.08993,74.13643,0
97.09993,74.1368,0
97.10993,74.13719,0
97.11993,74.13751,0
97.12993,74.13794,0
97.13993,74.13828,0
97.14993,74.1387,0
97.15993,74.13907,0
97.16993,74.13936,0
97.17993,74.13979,0
97.18993,74.14018,0
97.19993,74.14055,0
97.20993,74.14098,0
97.21993,74.14133,0
97.22993,74.14169,0
97.23993,74.14203,0
97.24993,74.14246,0
97.25993,74.14282,0
97.26993,74.14323,0
97.27993,74.1436,0
97.28993,74.144,0
97.29993,74.14438,0
97.30993,74.1447,0
97.31993,74.14514,0
97.32993,74.14548,0
97.33993,74.14586,0
97.34993,74.14626,0
97.35993,74.13068,0
97.36993,74.11516,0
97.37993,74.09959,0
97.38993,74.08401,0
97.39993,74.06851,0
97.40993,74.05292,0
97.41993,74.03741,0
97.42993,74.02182,0
97.43993,74.0063,0
97.44993,73.99074,0
97.45993,73.9752,0
97.46993,73.95964,0
97.47993,73.94405,0
97.48993,73.92853,0
97.49993,73.91296,0
97.50993,73.97217,0
97.51993,73.90082,0
97.52993,73.97597,0
97.53993,73.84238,0
97.54993,73.9772,0
97.55993,73.90591,0
97.56993,73.981,0
97.57993,73.8474,0
97.58993,73.98224,0
97.59993,73.84868,0
97.60993,73.92126,0
97.61993,73.9221,0
97.62993,73.92299,0
97.63993,73.92384,0
97.64993,73.92474,0
97.65993,73.92561,0
97.66993,73.9265,0
97.67993,73.85262,0
97.68993,73.92517,0
97.69993,73.9261,0
97.70993,73.85222,0
97.71993,73.92476,0
97.72993,73.92563,0
97.73993,73.92653,0
97.74993,73.85269,0
97.75993,73.92525,0
97.76993,73.92612,0
97.77993,73.85223,0
97.78993,73.90891,0
97.79993,73.89378,0
97.80993,73.87875,0
97.81993,73.86374,0
97.82993,73.84869,0
97.83993,73.83363,0
97.84993,73.81857,0
97.85993,73.80353,0
97.86993,73.78845,0
97.87993,73.77342,0
97.88993,73.75836,0
97.89993,73.74332,0
97.90993,73.7282,0
97.91993,73.71318,0
97.92993,73.69815,0
97.93993,73.68307,0
97.94993,73.68394,0
97.95993,73.68484,0
97.96993,73.6857,0
97.97993,73.68655,0
97.98993,73.68745,0
97.99993,73.68832,0
98.00993,73.68924,0
98.01993,73.69006,0
98.02993,73.69099,0
98.03993,73.69186,0
98.04993,73.69272,0
98.05993,73.69362,0
98.06993,73.69447,0
98.07993,73.69533,0
98.08993,73.6962,0
98.09993,73.6971,0
98.10993,73.69797,0
98.11993,73.69887,0
98.12993,73.69974,0
98.13993,73.70061,0
98.14993,73.70149,0
98.15993,73.70236,0
98.16993,73.70322,0
98.17993,73.70409,0
98.18993,73.705,0
98.19993,73.70587,0
98.20993,73.70671,0
98.21993,73.6917,0
98.22993,73.67662,0
98.23993,73.6615,0
98.24993,73.6465,0
98.25993,73.63148,0
98.26993,73.61641,0
98.27993,73.60135,0
98.28993,73.58629,0
98.29993,73.57124,0
98.30993,73.55618,0
98.31993,73.54112,0
98.32993,73.52611,0
98.33993,73.51103,0
98.34993,73.49597,0
98.35993,73.48091,0
98.36993,73.4659,0
98.37993,73.45082,0
98.38993,73.45169,0
98.39993,73.45256,0
98.40993,73.45341,0
98.41993,73.45435,0
98.42993,73.4552,0
98.43993,73.45605,0
98.44993,73.45692,0
98.45993,73.45786,0
98.46993,73.45869,0
98.47993,73.45959,0
98.48993,73.46046,0
98.49993,73.46133,0
98.50993,73.46219,0
98.51993,73.46306,0
98.52993,73.46391,0
98.53993,73.40253,0
98.54993,73.53787,0
98.55993,73.46709,0
98.56993,73.46796,0
98.57993,73.46881,0
98.58993,73.40739,0
98.59993,73.54279,0
98.60993,73.4097,0
98.61993,73.54503,0
98.62993,73.41196,0
98.63993,73.54726,0
98.64993,73.4142,0
98.65993,73.53357,0
98.66993,73.38454,0
98.67993,73.50401,0
98.68993,73.35498,0
98.69993,73.47435,0
98.70993,73.32536,0
98.71993,73.44479,0
98.72993,73.29576,0
98.73993,73.41518,0
98.74993,73.34088,0
98.75993,73.3886,0
98.76993,73.3766,0
98.77993,73.36458,0
98.78993,73.35248,0
98.79993,73.34055,0
98.80993,73.32857,0
98.81993,73.31653,0
98.82993,73.32048,0
98.83993,73.32437,0
98.84993,73.32831,0
98.85993,73.26988,0
98.86993,73.33359,0
98.87993,73.27522,0
98.88993,73.33893,0
98.89993,73.28056,0
98.90993,73.28188,0
98.91993,73.28326,0
98.92993,73.28462,0
98.93993,73.28601,0
98.94993,73.2874,0
98.95993,73.28877,0
98.96993,73.29016,0
98.97993,73.29156,0
98.98993,73.29294,0
98.99993,73.29427,0
99.00993,73.29568,0
99.01993,73.29706,0
99.02993,73.2984,0
99.03993,73.29977,0
99.04993,73.30116,0
99.05993,73.30255,0
99.06993,73.30389,0
99.07993,73.3053,0
99.08993,73.2907,0
99.09993,73.27614,0
99.10993,73.2616,0
99.11993,73.24702,0
99.12993,73.23248,0
99.13993,73.21794,0
99.14993,73.20338,0
99.15993,73.18875,0
99.16993,73.17427,0
99.17993,73.15973,0
99.18993,73.14516,0
99.19993,73.13062,0
99.20993,73.17831,0
99.21993,73.10405,0
99.22993,73.15176,0
99.23993,73.07747,0
99.24993,73.12521,0
99.25993,73.05092,0
99.26993,73.11455,0
99.27993,73.05621,0
99.28993,73.11986,0
99.29993,73.06149,0
99.30993,73.12517,0
99.31993,73.06679,0
99.32993,73.13046,0
99.33993,73.07211,0
99.34993,73.07349,0
99.35993,73.07478,0
99.36993,73.07623,0
99.37993,73.07751,0
99.38993,73.07898,0
99.39993,73.08026,0
99.40993,73.08171,0
99.41993,73.08301,0
99.42993,73.08444,0
99.43993,73.08582,0
99.44993,73.0872,0
99.45993,73.08861,0
99.46993,73.08994,0
99.47993,73.09135,0
99.48993,73.09268,0
99.49993,73.0941,0
99.50993,73.09547,0
99.51993,73.09677,0
99.52993,73.08229,0
99.53993,73.06772,0
99.54993,73.05318,0
99.55993,73.0386,0
99.56993,73.02402,0
99.57993,73.00948,0
99.58993,72.99496,0
99.59993,72.98036,0
99.60993,72.96585,0
99.61993,72.9512,0
99.62993,72.93672,0
99.63993,72.92216,0
99.64993,72.98235,0
99.65993,72.89606,0
99.66993,72.95625,0
99.67993,72.93228,0
99.68993,72.85802,0
99.69993,72.98047,0
99.70993,72.85042,0
99.71993,72.9888,0
99.72993,72.85875,0
99.73993,72.93489,0
99.74993,72.86458,0
99.75993,72.94064,0
99.76993,72.87035,0
99.77993,72.94647,0
99.78993,72.87617,0
99.79993,72.95227,0
99.80993,72.88194,0
99.81993,72.95804,0
99.82993,72.88774,0
99.83993,72.96387,0
99.84993,72.89345,0
99.85993,72.96964,0
99.86993,72.89934,0
99.87993,72.97543,0
99.88993,72.90514,0
99.89993,72.98126,0
99.90993,72.9109,0
99.91993,72.98703,0
99.92993,72.91673,0
99.93993,72.99283,0
99.94993,72.92253,0
99.95993,72.98267,0
99.96993,72.89636,0
99.97993,72.9566,0
99.98993,72.87038,0
99.99993,72.93057,0
100.0099,72.84435,0
100.0199,72.90451,0
100.0299,72.89299,0
100.0399,72.8815,0
100.0499,72.86995,0
100.0599,72.85843,0
100.0699,72.84688,0
100.0799,72.83546,0
100.0899,72.82394,0
100.0999,72.81239,0
100.1099,72.80084,0
100.1199,72.78938,0
100.1299,72.77789,0
100.1399,72.76636,0
100.1499,72.75482,0
100.1599,72.75928,0
100.1699,72.76372,0
100.1799,72.76813,0
100.1899,72.77252,0
100.1999,72.77695,0
100.2099,72.7814,0
100.2199,72.7858,0
100.2299,72.79025,0
100.2399,72.79463,0
100.2499,72.79907,0
100.2599,72.80348,0
100.2699,72.80792,0
100.2799,72.81232,0
100.2899,72.81674,0
100.2999,72.8212,0
100.3099,72.82561,0
100.3199,72.83005,0
100.3299,72.83443,0
100.3399,72.83887,0
100.3499,72.84331,0
100.3599,72.8477,0
100.3699,72.85214,0
100.3799,72.85655,0
100.3899,72.86099,0
100.3999,72.84944,0
100.4099,72.83791,0
100.4199,72.82646,0
100.4299,72.81493,0
100.4399,72.80344,0
100.4499,72.79182,0
100.4599,72.7804,0
100.4699,72.76891,0
100.4799,72.75737,0
100.4899,72.74586,0
100.4999,72.73433,0
100.5099,72.72282,0
100.5199,72.71135,0
100.5299,72.6998,0
100.5399,72.68831,0
100.5499,72.67682,0
100.5599,72.66533,0
100.5699,72.65379,0
100.5799,72.6423,0
100.5899,72.63075,0
100.5999,72.69751,0
100.6099,72.64214,0
100.6199,72.64658,0
100.6299,72.65103,0
100.6399,72.6554,0
100.6499,72.65985,0
100.6599,72.66429,0
100.6699,72.66867,0
100.6799,72.67307,0
100.6899,72.67752,0
100.6999,72.68198,0
100.7099,72.68634,0
100.7199,72.6908,0
100.7299,72.69524,0
100.7399,72.69962,0
100.7499,72.70406,0
100.7599,72.70847,0
100.7699,72.71286,0
100.7799,72.71729,0
100.7899,72.72174,0
100.7999,72.72618,0
100.8099,72.73059,0
100.8199,72.73497,0
100.8299,72.73941,0
100.8399,72.72792,0
100.8499,72.71638,0
100.8599,72.70486,0
100.8699,72.69337,0
100.8799,72.68188,0
100.8899,72.6703,0
100.8999,72.65887,0
100.9099,72.64732,0
100.9199,72.63585,0
100.9299,72.62433,0
100.9399,72.61284,0
100.9499,72.60129,0
100.9599,72.58977,0
100.9699,72.57829,0
100.9799,72.56679,0
100.9899,72.55528,0
100.9999,72.54378,0
101.0099,72.53224,0
101.0199,72.52072,0
101.0299,72.50923,0
101.0399,72.57596,0
101.0499,72.52058,0
101.0599,72.52504,0
101.0699,72.52939,0
101.0799,72.53389,0
101.0899,72.5383,0
101.0999,72.54274,0
101.1099,72.54715,0
101.1199,72.55153,0
101.1299,72.55597,0
101.1399,72.56039,0
101.1499,72.56483,0
101.1599,72.56924,0
101.1699,72.57368,0
101.1799,72.57803,0
101.1899,72.58249,0
101.1999,72.58694,0
101.2099,72.59134,0
101.2199,72.59575,0
101.2299,72.60016,0
101.2399,72.6046,0
101.2499,72.60901,0
101.2599,72.61346,0
101.2699,72.61786,0
101.2799,72.60638,0
101.2899,72.59486,0
101.2999,72.58334,0
101.3099,72.57185,0
101.3199,72.56033,0
101.3299,72.54872,0
101.3399,72.53732,0
101.3499,72.52582,0
101.3599,72.51427,0
101.3699,72.50275,0
101.3799,72.49129,0
101.3899,72.47974,0
101.3999,72.46822,0
101.4099,72.45671,0
101.4199,72.44521,0
101.4299,72.4337,0
101.4399,72.42218,0
101.4499,72.48543,0
101.4599,72.40221,0
101.4699,72.52777,0
101.4799,72.40071,0
101.4899,72.54216,0
101.4999,72.41516,0
101.5099,72.49434,0
101.5199,72.42705,0
101.5299,72.5062,0
101.5399,72.43898,0
101.5499,72.44339,0
101.5599,72.4478,0
101.5699,72.45215,0
101.5799,72.45663,0
101.5899,72.46106,0
101.5999,72.46548,0
101.6099,72.46989,0
101.6199,72.4743,0
101.6299,72.47871,0
101.6399,72.48318,0
101.6499,72.48758,0
101.6599,72.49197,0
101.6699,72.4964,0
101.6799,72.50087,0
101.6899,72.50528,0
101.6999,72.50969,0
101.7099,72.5141,0
101.7199,72.50259,0
101.7299,72.49106,0
101.7399,72.47955,0
101.7499,72.46809,0
101.7599,72.45657,0
101.7699,72.44502,0
101.7799,72.43356,0
101.7899,72.42204,0
101.7999,72.48528,0
101.8099,72.40204,0
101.8199,72.46527,0
101.8299,72.38208,0
101.8399,72.44528,0
101.8499,72.36211,0
101.8599,72.42534,0
101.8699,72.41684,0
101.8799,72.40839,0
101.8899,72.39995,0
101.8999,72.45378,0
101.9099,72.31084,0
101.9199,72.45226,0
101.9299,72.32526,0
101.9399,72.40445,0
101.9499,72.41182,0
101.9599,72.41939,0
101.9699,72.42682,0
101.9799,72.4343,0
101.9899,72.36703,0
101.9999,72.4462,0
102.0099,72.37889,0
102.0199,72.45805,0
102.0299,72.39073,0
102.0399,72.46996,0
102.0499,72.40271,0
102.0599,72.48187,0
102.0699,72.41457,0
102.0799,72.49373,0
102.0899,72.42647,0
102.0999,72.50563,0
102.1099,72.43829,0
102.1199,72.44276,0
102.1299,72.44717,0
102.1399,72.4516,0
102.1499,72.45601,0
102.1599,72.44452,0
102.1699,72.433,0
102.1799,72.42148,0
102.1899,72.48471,0
102.1999,72.40155,0
102.2099,72.46475,0
102.2199,72.38148,0
102.2299,72.44478,0
102.2399,72.3616,0
102.2499,72.42477,0
102.2599,72.41634,0
102.2699,72.40791,0
102.2799,72.39941,0
102.2899,72.39098,0
102.2999,72.38249,0
102.3099,72.37405,0
102.3199,72.36555,0
102.3299,72.35713,0
102.3399,72.41095,0
102.3499,72.34276,0
102.3599,72.41246,0
102.3699,72.3602,0
102.3799,72.36771,0
102.3899,72.37514,0
102.3999,72.38261,0
102.4099,72.39011,0
102.4199,72.39755,0
102.4299,72.40504,0
102.4399,72.41243,0
102.4499,72.41998,0
102.4599,72.42743,0
102.4699,72.43486,0
102.4799,72.36765,0
102.4899,72.44675,0
102.4999,72.37947,0
102.5099,72.45868,0
102.5199,72.39139,0
102.5299,72.47054,0
102.5399,72.40332,0
102.5499,72.48242,0
102.5599,72.41521,0
102.5699,72.49435,0
102.5799,72.42709,0
102.5899,72.50624,0
102.5999,72.423,0
102.6099,72.48625,0
102.6199,72.40303,0
102.6299,72.46628,0
102.6399,72.38304,0
102.6499,72.44632,0
102.6599,72.36313,0
102.6699,72.42628,0
102.6799,72.41789,0
102.6899,72.40939,0
102.6999,72.40096,0
102.7099,72.3925,0
102.7199,72.384,0
102.7299,72.37558,0
102.7399,72.36705,0
102.7499,72.35863,0
102.7599,72.35019,0
102.7699,72.34167,0
102.7799,72.33324,0
102.7899,72.38704,0
102.7999,72.33472,0
102.8099,72.40454,0
102.8199,72.35219,0
102.8299,72.35974,0
102.8399,72.36722,0
102.8499,72.37465,0
102.8599,72.38216,0
102.8699,72.38962,0
102.8799,72.39706,0
102.8899,72.40453,0
102.8999,72.41203,0
102.9099,72.41949,0
102.9199,72.42694,0
102.9299,72.4344,0
102.9399,72.36713,0
102.9499,72.44627,0
102.9599,72.37901,0
102.9699,72.45819,0
102.9799,72.39088,0
102.9899,72.47006,0
102.9999,72.4028,0
103.0099,72.48195,0
103.0199,72.41467,0
103.0299,72.49385,0
103.0399,72.41066,0
103.0499,72.47388,0
103.0599,72.39069,0
103.0699,72.45393,0
103.0799,72.37073,0
103.0899,72.43391,0
103.0999,72.35072,0
103.1099,72.41394,0
103.1199,72.40549,0
103.1299,72.39702,0
103.1399,72.38853,0
103.1499,72.38013,0
103.1599,72.37167,0
103.1699,72.36317,0
103.1799,72.35472,0
103.1899,72.34625,0
103.1999,72.33781,0
103.2099,72.32936,0
103.2199,72.32089,0
103.2299,72.31241,0
103.2399,72.38219,0
103.2499,72.32991,0
103.2599,72.33736,0
103.2699,72.3448,0
103.2799,72.35226,0
103.2899,72.35974,0
103.2999,72.3672,0
103.3099,72.37468,0
103.3199,72.38217,0
103.3299,72.38965,0
103.3399,72.39711,0
103.3499,72.40459,0
103.3599,72.41205,0
103.3699,72.41949,0
103.3799,72.4269,0
103.3899,72.43442,0
103.3999,72.36716,0
103.4099,72.44633,0
103.4199,72.37906,0
103.4299,72.45824,0
103.4399,72.39088,0
103.4499,72.47009,0
103.4599,72.4028,0
103.4699,72.48198,0
103.4799,72.39877,0
103.4899,72.46202,0
103.4999,72.37883,0
103.5099,72.44202,0
103.5199,72.35887,0
103.5299,72.42207,0
103.5399,72.4136,0
103.5499,72.40508,0
103.5599,72.39668,0
103.5699,72.38821,0
103.5799,72.37976,0
103.5899,72.37123,0
103.5999,72.36284,0
103.6099,72.41663,0
103.6199,72.34842,0
103.6299,72.40227,0
103.6399,72.33406,0
103.6499,72.38791,0
103.6599,72.31967,0
103.6699,72.37352,0
103.6799,72.36761,0
103.6899,72.37759,0
103.6999,72.38762,0
103.7099,72.33534,0
103.7199,72.40512,0
103.7299,72.41516,0
103.7399,72.42513,0
103.7499,72.43517,0
103.7599,72.37042,0
103.7699,72.45218,0
103.7799,72.38742,0
103.7899,72.46912,0
103.7999,72.4044,0
103.8099,72.4861,0
103.8199,72.4214,0
103.8299,72.50304,0
103.8399,72.43842,0
103.8499,72.44536,0
103.8599,72.45233,0
103.8699,72.45932,0
103.8799,72.46626,0
103.8899,72.47324,0
103.8999,72.48024,0
103.9099,72.48709,0
103.9199,72.47821,0
103.9299,72.46927,0
103.9399,72.46033,0
103.9499,72.51361,0
103.9599,72.44495,0
103.9699,72.49825,0
103.9799,72.42953,0
103.9899,72.55762,0
103.9999,72.47951,0
104.0099,72.47308,0
104.0199,72.46669,0
104.0299,72.46024,0
104.0399,72.45387,0
104.0499,72.50975,0
104.0599,72.50591,0
104.0699,72.50203,0
104.0799,72.49817,0
104.0899,72.49422,0
104.0999,72.49045,0
104.1099,72.4865,0
104.1199,72.49864,0
104.1299,72.51067,0
104.1399,72.52278,0
104.1499,72.59714,0
104.1599,72.61174,0
104.1699,72.62634,0
104.1799,72.64098,0
104.1899,72.65553,0
104.1999,72.67018,0
104.2099,72.74712,0
104.2199,72.70197,0
104.2299,72.77882,0
104.2399,72.79605,0
104.2499,72.81319,0
104.2599,72.83035,0
104.2699,72.90985,0
104.2799,72.92946,0
104.2899,72.94925,0
104.2999,72.89424,0
104.3099,72.98563,0
104.3199,72.93059,0
104.3299,72.9473,0
104.3399,73.02625,0
104.3499,73.04549,0
104.3599,73.04877,0
104.3699,73.05205,0
104.3799,73.11761,0
104.3899,73.12344,0
104.3999,73.12929,0
104.4099,73.19737,0
104.4199,73.20576,0
104.4299,73.21414,0
104.4399,73.22249,0
104.4499,73.23091,0
104.4599,73.23933,0
104.4699,73.24767,0
104.4799,73.31836,0
104.4899,73.39159,0
104.4999,73.40508,0
104.5099,73.4185,0
104.5199,73.49432,0
104.5299,73.37332,0
104.5399,73.5367,0
104.5499,73.49396,0
104.5599,73.52284,0
104.5699,73.55176,0
104.5799,73.58067,0
104.5899,73.67184,0
104.5999,73.76559,0
104.6099,73.79962,0
104.6199,73.83366,0
104.6299,73.92995,0
104.6399,73.89177,0
104.6499,74.00003,0
104.6599,73.96184,0
104.6699,74.05766,0
104.6799,74.0937,0
104.6899,74.12971,0
104.6999,74.16585,0
104.7099,74.32648,0
104.7199,74.36761,0
104.7299,74.47104,0
104.7399,74.44005,0
104.7499,74.4807,0
104.7599,74.52136,0
104.7699,74.62433,0
104.7799,74.66754,0
104.7899,74.69479,0
104.7999,74.72208,0
104.8099,74.81168,0
104.8199,75.15291,0
104.8299,75.0584,0
104.8399,75.15771,0
104.8499,75.19727,0
104.8599,75.29909,0
104.8699,75.34117,0
104.8799,75.38322,0
104.8899,75.48761,0
104.8999,75.45749,0
104.9099,75.56136,0
104.9199,75.60545,0
104.9299,75.85236,0
104.9399,75.92009,0
104.9499,75.97537,0
104.9599,76.04259,0
104.9699,76.17203,0
104.9799,76.24176,0
104.9899,76.31158,0
104.9999,76.44359,0
105.0099,76.44113,0
105.0199,76.57272,0
105.0299,76.64455,0
105.0399,76.96548,0
105.0499,76.97275,0
105.0599,77.11398,0
105.0699,77.19548,0
105.0799,77.33928,0
105.0899,77.42332,0
105.0999,77.49493,0
105.1099,77.5784,0
105.1199,77.7243,0
105.1299,77.81042,0
105.1399,77.95883,0
105.1499,78.22186,0
105.1599,78.3177,0
105.1699,78.47575,0
105.1799,78.49942,0
105.1899,78.65695,0
105.1999,78.75485,0
105.2099,78.89906,0
105.2199,79.04582,0
105.2299,79.05809,0
105.2399,79.20433,0
105.2499,79.35318,0
105.2599,79.69139,0
105.2699,79.73181,0
105.2799,79.90627,0
105.2899,80.0085,0
105.2999,80.12274,0
105.3099,80.29919,0
105.3199,80.47826,0
105.3299,80.52278,0
105.3399,80.70134,0
105.3499,80.8824,0
105.3599,81.00378,0
105.3699,81.42407,0
105.3799,81.48296,0
105.3899,81.67583,0
105.3999,81.8089,0
105.4099,82.00427,0
105.4199,82.1274,0
105.4299,82.32494,0
105.4399,82.5249,0
105.4499,82.59041,0
105.4599,82.78992,0
105.4699,82.99196,0
105.4799,83.12177,0
105.4899,83.3259,0
105.4999,83.47023,0
105.5099,83.60213,0
105.5199,83.80826,0
105.5299,84.01697,0
105.5399,84.09114,0
105.5499,84.29935,0
105.5599,84.51012,0
105.5699,84.66455,0
105.5799,84.83102,0
105.5899,85.05972,0
105.5999,85.20033,0
105.6099,85.41515,0
105.6199,85.49551,0
105.6299,85.70985,0
105.6399,85.92676,0
105.6499,86.07149,0
105.6599,86.22809,0
105.6699,86.44704,0
105.6799,86.59383,0
105.6899,86.75253,0
105.6999,86.97348,0
105.7099,87.12233,0
105.7199,87.34538,0
105.7299,87.50865,0
105.7399,87.65953,0
105.7499,87.8846,0
105.7599,87.97522,0
105.7699,88.19983,0
105.7799,88.427,0
105.7899,88.51964,0
105.7999,88.74628,0
105.8099,88.97552,0
105.8199,89.07019,0
105.8299,89.31482,0
105.8399,89.56203,0
105.8499,89.73701,0
105.8599,89.92395,0
105.8699,90.09848,0
105.8799,90.28487,0
105.8899,90.53358,0
105.8999,90.71019,0
105.9099,90.89867,0
105.9199,91.07472,0
105.9299,91.32501,0
105.9399,91.51555,0
105.9499,91.69366,0
105.9599,91.93002,0
105.9699,92.03197,0
105.9799,92.26785,0
105.9899,92.44408,0
105.9999,92.6078,0
106.0099,92.84573,0
106.0199,92.94923,0
106.0299,93.18668,0
106.0399,93.42668,0
106.0499,93.53221,0
106.0599,93.77171,0
106.0699,93.95149,0
106.0799,94.13475,0
106.0899,94.39223,0
106.0999,94.51524,0
106.1099,94.77225,0
106.1199,94.96948,0
106.1299,95.15434,0
106.1399,95.41336,0
106.1499,95.53795,0
106.1599,95.79648,0
106.1699,95.99529,0
106.1799,96.18164,0
106.1899,96.37996,0
106.1999,96.56584,0
106.2099,96.82588,0
106.2199,96.95158,0
106.2299,97.21118,0
106.2399,97.41104,0
106.2499,97.59848,0
106.2599,97.79781,0
106.2699,98.05946,0
106.2799,98.24893,0
106.2899,98.43442,0
106.2999,98.60747,0
106.3099,98.79248,0
106.3199,99.05568,0
106.3299,99.18433,0
106.3399,99.44713,0
106.3499,99.57535,0
106.3599,99.83754,0
106.3699,100.0276,0
106.3799,100.2296,0
106.3899,100.4315,0
106.3999,100.621,0
106.4099,100.8226,0
106.4199,101.0116,0
106.4299,101.2126,0
106.4399,101.4758,0
106.4499,101.6669,0
106.4599,101.8699,0
106.4699,102.0605,0
106.4799,102.263,0
106.4899,102.5279,0
106.4999,102.6582,0
106.5099,102.9226,0
106.5199,103.0524,0
106.5299,103.3162,0
106.5399,103.4615,0
106.5499,103.7407,0
106.5599,103.9603,0
106.5699,104.1674,0
106.5799,104.3864,0
106.5899,104.5929,0
106.5999,104.8115,0
106.6099,105.0016,0
106.6199,105.2037,0
106.6299,105.4058,0
106.6399,105.5954,0
106.6499,105.7971,0
106.6599,105.9862,0
106.6699,106.1873,0
106.6799,106.4507,0
106.6899,106.5796,0
106.6999,106.8425,0
106.7099,106.9709,0
106.7199,107.2333,0
106.7299,107.4359,0
106.7399,107.6261,0
106.7499,107.8283,0
106.7599,108.0339,0
106.7699,108.2515,0
106.7799,108.4691,0
106.7899,108.6742,0
106.7999,108.8913,0
106.8099,109.096,0
106.8199,109.3126,0
106.8299,109.5167,0
106.8399,109.7327,0
106.8499,109.9489,0
106.8599,110.1526,0
106.8699,110.3681,0
106.8799,110.5713,0
106.8899,110.7864,0
106.8999,110.9731,0
106.9099,111.1718,0
106.9199,111.4328,0
106.9299,111.5592,0
106.9399,111.7573,0
106.9499,112.0178,0
106.9599,112.1439,0
106.9699,112.4197,0
106.9799,112.5612,0
106.9899,112.7742,0
106.9999,112.9749,0
107.0099,113.1875,0
107.0199,113.4624,0
107.0299,113.6028,0
107.0399,113.815,0
107.0499,114.0146,0
107.0599,114.2263,0
107.0699,114.5001,0
107.0799,114.6395,0
107.0899,114.8507,0
107.0999,115.0493,0
107.1099,115.26,0
107.1199,115.3958,0
107.1299,115.6657,0
107.1399,115.8758,0
107.1499,116.0735,0
107.1599,116.2831,0
107.1699,116.4962,0
107.1799,116.7053,0
107.1899,116.9145,0
107.1999,117.0489,0
107.2099,117.3172,0
107.2199,117.4511,0
107.2299,117.719,0
107.2399,117.9271,0
107.2499,118.0605,0
107.2599,118.3279,0
107.2699,118.4607,0
107.2799,118.6654,0
107.2899,118.9322,0
107.2999,119.0646,0
107.3099,119.2687,0
107.3199,119.4603,0
107.3299,119.664,0
107.3399,119.9298,0
107.3499,120.0612,0
107.3599,120.2643,0
107.3699,120.4709,0
107.3799,120.6894,0
107.3899,120.9079,0
107.3999,121.114,0
107.4099,121.332,0
107.4199,121.4753,0
107.4299,121.7526,0
107.4399,121.8954,0
107.4499,122.0939,0
107.4599,122.3548,0
107.4699,122.4812,0
107.4799,122.6792,0
107.4899,122.9395,0
107.4999,123.0654,0
107.5099,123.263,0
107.5199,123.4481,0
107.5299,123.6451,0
107.5399,123.8422,0
107.5499,124.0268,0
107.5599,124.2234,0
107.5699,124.3611,0
107.5799,124.6329,0
107.5899,124.8448,0
107.5999,124.982,0
107.6099,125.2533,0
107.6199,125.3901,0
107.6299,125.5985,0
107.6399,125.8069,0
107.6499,126.003,0
107.6599,126.2109,0
107.6699,126.3441,0
107.6799,126.6112,0
107.6899,126.8188,0
107.6999,126.9515,0
107.7099,127.2023,0
107.7199,127.3186,0
107.7299,127.5065,0
107.7399,127.6945,0
107.7499,127.87,0
107.7599,128.0733,0
107.7699,128.2769,0
107.7799,128.4678,0
107.7899,128.6707,0
107.7999,128.8736,0
107.8099,129.0018,0
107.8199,129.264,0
107.8299,129.3916,0
107.8399,129.591,0
107.8499,129.8526,0
107.8599,129.9798,0
107.8699,130.1787,0
107.8799,130.3776,0
107.8899,130.564,0
107.8999,130.7623,0
107.9099,130.886,0
107.9199,131.1436,0
107.9299,131.3414,0
107.9399,131.4646,0
107.9499,131.6594,0
107.9599,131.9166,0
107.9699,132.0391,0
107.9799,132.2335,0
107.9899,132.3531,0
107.9999,132.6066,0
108.0099,132.8006,0
108.0199,132.9196,0
108.0299,133.1104,0
108.0399,133.3634,0
108.0499,133.4821,0
108.0599,133.6724,0
108.0699,133.7879,0
108.0799,134.0374,0
108.0899,134.2272,0
108.0999,134.3423,0
108.1099,134.5913,0
108.1199,134.7806,0
108.1299,134.9111,0
108.1399,135.1133,0
108.1499,135.3154,0
108.1599,135.5052,0
108.1699,135.7068,0
108.1799,135.8338,0
108.1899,136.0165,0
108.1999,136.2615,0
108.2099,136.372,0
108.2199,136.5542,0
108.2299,136.7987,0
108.2399,136.9087,0
108.2499,137.0904,0
108.2599,137.2721,0
108.2699,137.3791,0
108.2799,137.62,0
108.2899,137.8012,0
108.2999,137.9077,0
108.3099,138.0859,0
108.3199,138.3422,0
108.3299,138.4641,0
108.3399,138.6577,0
108.3499,138.7766,0
108.3599,138.9672,0
108.3699,139.22,0
108.3799,139.3383,0
108.3899,139.5284,0
108.3999,139.7184,0
108.4099,139.8959,0
108.4199,140.0697,0
108.4299,140.2432,0
108.4399,140.3421,0
108.4499,140.575,0
108.4599,140.7482,0
108.4699,140.8465,0
108.4799,141.0166,0
108.4899,141.1866,0
108.4999,141.3602,0
108.5099,141.5457,0
108.5199,141.7312,0
108.5299,141.842,0
108.5399,142.0245,0
108.5499,142.2692,0
108.5599,142.3795,0
108.5699,142.5614,0
108.5799,142.7434,0
108.5899,142.8506,0
108.5999,143.0919,0
108.6099,143.2733,0
108.6199,143.38,0
108.6299,143.5585,0
108.6399,143.7369,0
108.6499,143.8869,0
108.6599,144.0489,0
108.6699,144.2109,0
108.6799,144.314,0
108.6899,144.5512,0
108.6999,144.6664,0
108.7099,144.8288,0
108.7199,145.0032,0
108.7299,145.1776,0
108.7399,145.2772,0
108.7499,145.5108,0
108.7599,145.6847,0
108.7699,145.7839,0
108.7799,145.9547,0
108.7899,146.1255,0
108.7999,146.2839,0
108.8099,146.4543,0
108.8199,146.6245,0
108.8299,146.7201,0
108.8399,146.8874,0
108.8499,147.0547,0
108.8599,147.3002,0
108.8699,147.3953,0
108.8799,147.5621,0
108.8899,147.729,0
108.8999,147.821,0
108.9099,148.047,0
108.9199,148.2133,0
108.9299,148.3049,0
108.9399,148.4681,0
108.9499,148.6314,0
108.9599,148.7199,0
108.9699,148.9423,0
108.9799,149.1051,0
108.9899,149.1931,0
108.9999,149.3528,0
109.0099,149.5125,0
109.0199,149.7345,0
109.0299,149.838,0
109.0399,150.0131,0
109.0499,150.1882,0
109.0599,150.2886,0
109.0699,150.4607,0
109.0799,150.6169,0
109.0899,150.7606,0
109.0999,150.9162,0
109.1099,151.0719,0
109.1199,151.2275,0
109.1299,151.3084,0
109.1399,151.461,0
109.1499,151.676,0
109.1599,151.7564,0
109.1699,151.9084,0
109.1799,152.0606,0
109.1899,152.2128,0
109.1999,152.2901,0
109.2099,152.5174,0
109.2199,152.6849,0
109.2299,152.7778,0
109.2399,152.9422,0
109.2499,153.1068,0
109.2599,153.1965,0
109.2699,153.4202,0
109.2799,153.522,0
109.2899,153.7298,0
109.2999,153.8031,0
109.3099,153.9482,0
109.3199,154.0932,0
109.3299,154.1635,0
109.3399,154.3677,0
109.3499,154.5123,0
109.3599,154.6567,0
109.3699,154.7266,0
109.3799,154.884,0
109.3899,155.0414,0
109.3999,152.8318,0
109.4099,153.5028,0
109.4199,153.389,0
109.4299,153.4041,0
109.4399,155.7834,0
109.4499,155.2674,0
109.4599,155.5455,0
109.4699,155.6923,0
109.4799,155.7643,0
109.4899,155.908,0
109.4999,156.0357,0
109.5099,156.1635,0
109.5199,156.2787,0
109.5299,156.406,0
109.5399,156.5332,0
109.5499,156.6605,0
109.5599,156.7289,0
109.5699,156.8691,0
109.5799,157.0715,0
109.5899,157.1394,0
109.5999,157.279,0
109.6099,157.4187,0
109.6199,157.5583,0
109.6299,157.6979,0
109.6399,157.7628,0
109.6499,157.8994,0
109.6599,158.0983,0
109.6699,158.1626,0
109.6799,158.2988,0
109.6899,158.4348,0
109.6999,158.555,0
109.7099,158.7374,0
109.7199,158.7853,0
109.7299,158.921,0
109.7399,159.0566,0
109.7499,159.1174,0
109.7599,159.2499,0
109.7699,159.3824,0
109.7799,159.5151,0
109.7899,159.7099,0
109.7999,159.7702,0
109.8099,159.9022,0
109.8199,160.0343,0
109.8299,160.1663,0
109.8399,160.2236,0
109.8499,160.3526,0
109.8599,160.5439,0
109.8699,160.6755,0
109.8799,160.7323,0
109.8899,160.8608,0
109.8999,160.9893,0
109.9099,161.1178,0
109.9199,161.1715,0
109.9299,161.3593,0
109.9399,161.4873,0
109.9499,161.6152,0
109.9599,161.6685,0
109.9699,161.7935,0
109.9799,161.9184,0
109.9899,162.0434,0
109.9999,162.0936,0
110.0099,162.2778,0
110.0199,162.4023,0
110.0299,162.5267,0
110.0399,162.6511,0
110.0499,162.7009,0
110.0599,162.8223,0
110.0699,162.9597,0
110.0799,163.097,0
110.0899,163.1596,0
110.0999,163.3402,0
110.1099,163.4612,0
110.1199,163.5821,0
110.1299,163.6282,0
110.1399,163.7461,0
110.1499,163.8639,0
110.1599,163.9818,0
110.1699,164.162,0
110.1799,164.2077,0
110.1899,164.325,0
110.1999,164.4424,0
110.2099,164.5597,0
110.2199,164.6024,0
110.2299,164.7166,0
110.2399,164.847,0
110.2499,164.9772,0
110.2599,165.1697,0
110.2699,165.2278,0
110.2799,165.3575,0
110.2899,165.4714,0
110.2999,165.5852,0
110.3099,165.6243,0
110.3199,165.735,0
110.3299,165.8458,0
110.3399,165.9566,0
110.3499,166.1297,0
110.3599,166.1682,0
110.3699,166.2785,0
110.3799,166.3888,0
110.3899,166.499,0
110.3999,166.6094,0
110.4099,166.6608,0
110.4199,166.784,0
110.4299,166.9695,0
110.4399,167.0328,0
110.4499,167.1435,0
110.4599,167.2662,0
110.4699,167.3889,0
110.4799,167.4957,0
110.4899,167.6024,0
110.4999,167.6344,0
110.5099,167.738,0
110.5199,167.8417,0
110.5299,168.0077,0
110.5399,168.1139,0
110.5499,168.1454,0
110.5599,168.2487,0
110.5699,168.3518,0
110.5799,168.471,0
110.5899,168.59,0
110.5999,168.6344,0
110.6099,168.7505,0
110.6199,168.8666,0
110.6299,169.0449,0
110.6399,169.0266,0
110.6499,169.2018,0
110.6599,169.3174,0
110.6699,169.4171,0
110.6799,169.5167,0
110.6899,169.5416,0
110.6999,169.6382,0
110.7099,169.7348,0
110.7199,169.8314,0
110.7299,169.928,0
110.7399,170.1029,0
110.7499,170.1431,0
110.7599,170.2552,0
110.7699,170.3672,0
110.7799,170.4793,0
110.7899,170.5913,0
110.7999,170.6286,0
110.8099,170.7375,0
110.8199,170.8466,0
110.8299,170.9555,0
110.8399,171.0644,0
110.8499,171.1611,0
110.8599,171.2536,0
110.8699,171.3462,0
110.8799,171.4387,0
110.8899,171.5312,0
110.8999,171.5491,0
110.9099,171.6546,0
110.9199,171.7599,0
110.9299,171.8654,0
110.9399,171.9708,0
110.9499,172.0763,0
110.9599,172.1693,0
110.9699,172.2119,0
110.9799,172.3766,0
110.9899,172.4816,0
110.9999,172.5865,0
111.0099,172.6167,0
111.0199,172.7186,0
111.0299,172.8204,0
111.0399,172.9064,0
111.0499,172.9924,0
111.0599,173.0036,0
111.0699,173.0866,0
111.0799,173.2477,0
111.0899,173.3491,0
111.0999,173.4505,0
111.1099,173.5518,0
111.1199,173.5785,0
111.1299,173.6769,0
111.1399,173.7752,0
111.1499,173.8735,0
111.1599,173.972,0
111.1699,174.0703,0
111.1799,174.0939,0
111.1899,174.1892,0
111.1999,174.3468,0
111.2099,174.4447,0
111.2199,174.5425,0
111.2299,174.5497,0
111.2399,174.6444,0
111.2499,174.7392,0
111.2599,174.8341,0
111.2699,174.9289,0
111.2799,175.0237,0
111.2899,175.0438,0
111.2999,175.1355,0
111.3099,175.2273,0
111.3199,175.319,0
111.3299,175.4731,0
111.3399,175.5051,0
111.3499,156.7115,0
111.3599,180.5461,0
111.3699,174.1663,0
111.3799,175.6219,0
111.3899,175.4409,0
111.3999,175.6095,0
111.4099,175.6316,0
111.4199,175.7877,0
111.4299,175.884,0
111.4399,175.9805,0
111.4499,176.0021,0
111.4599,176.0954,0
111.4699,176.1887,0
111.4799,176.282,0
111.4899,176.3753,0
111.4999,176.4686,0
111.5099,176.5619,0
111.5199,176.5805,0
111.5299,176.6708,0
111.5399,176.761,0
111.5499,176.8513,0
111.5599,176.9416,0
111.5699,177.094,0
111.5799,177.1281,0
111.5899,177.2179,0
111.5999,177.3077,0
111.6099,177.3974,0
111.6199,177.4872,0
111.6299,177.5022,0
111.6399,177.5889,0
111.6499,177.6757,0
111.6599,177.7624,0
111.6699,177.8491,0
111.6799,177.9358,0
111.6899,178.0226,0
111.6999,178.0345,0
111.7099,178.1182,0
111.7199,178.2018,0
111.7299,178.2855,0
111.7399,178.3852,0
111.7499,178.5471,0
111.7599,178.5745,0
111.7699,178.6576,0
111.7799,178.7408,0
111.7899,178.824,0
111.7999,178.9072,0
111.8099,178.9903,0
111.8199,178.9988,0
111.8299,179.0789,0
111.8399,179.159,0
111.8499,179.2391,0
111.8599,179.3193,0
111.8699,179.3994,0
111.8799,179.4796,0
111.8899,179.4849,0
111.8999,179.578,0
111.9099,179.671,0
111.9199,179.8263,0
111.9299,179.8595,0
111.9399,180.0149,0
111.9499,179.9574,0
111.9599,180.1685,0
111.9699,180.1734,0
111.9799,180.25,0
111.9899,180.3266,0
111.9999,180.4032,0
112.0099,180.4797,0
112.0199,180.4816,0
112.0299,180.5551,0
112.0399,180.6287,0
112.0499,180.7022,0
112.0599,180.7757,0
112.0699,180.8652,0
112.0799,180.9547,0
112.0899,181.0441,0
112.0999,181.0589,0
112.1099,181.1453,0
112.1199,181.2939,0
112.1299,181.3048,0
112.1399,181.4376,0
112.1499,181.4483,0
112.1599,181.5811,0
112.1699,181.5794,0
112.1799,181.6494,0
112.1899,181.7817,0
112.1999,181.8542,0
112.2099,181.9267,0
112.2199,181.9993,0
112.2299,182.013,0
112.2399,182.0984,0
112.2499,182.1839,0
112.2599,182.2693,0
112.2699,182.3547,0
112.2799,182.4402,0
112.2899,182.5255,0
112.2999,182.5826,0
112.3099,182.5893,0
112.3199,182.718,0
112.3299,182.7871,0
112.3399,182.856,0
112.3499,182.9251,0
112.3599,182.994,0
112.3699,182.9883,0
112.3799,183.0542,0
112.3899,183.1362,0
112.3999,183.218,0
112.4099,183.2999,0
112.4199,183.3818,0
112.4299,183.4637,0
112.4399,183.5331,0
112.4499,183.5522,0
112.4599,183.6934,0
112.4699,183.7588,0
112.4799,183.8242,0
112.4899,183.8897,0
112.4999,183.9551,0
112.5099,183.9458,0
112.5199,184.0083,0
112.5299,184.0707,0
112.5399,184.1331,0
112.5499,184.2114,0
112.5599,184.2898,0
112.5699,184.3681,0
112.5799,184.5087,0
112.5899,184.4526,0
112.5999,184.5279,0
112.6099,184.6655,0
112.6199,184.681,0
112.6299,184.8186,0
112.6399,184.8964,0
112.6499,184.9583,0
112.6599,184.9455,0
112.6699,185.0044,0
112.6799,185.0633,0
112.6899,185.1221,0
112.6999,185.181,0
112.7099,185.2557,0
112.7199,185.3306,0
112.7299,185.4053,0
112.7399,185.5424,0
112.7499,185.4827,0
112.7599,185.6168,0
112.7699,185.6911,0
112.7799,185.7654,0
112.7899,185.8397,0
112.7999,185.914,0
112.8099,185.9883,0
112.8199,185.9719,0
112.8299,186.0272,0
112.8399,186.0825,0
112.8499,186.1378,0
112.8599,186.1931,0
112.8699,186.2644,0
112.8799,186.3356,0
112.8899,186.4069,0
112.8999,186.4781,0
112.9099,186.4746,0
112.9199,186.6051,0
112.9299,186.6136,0
112.9399,186.744,0
112.9499,186.7525,0
112.9599,186.883,0
112.9699,186.9538,0
112.9799,186.9498,0
112.9899,187.0016,0
112.9999,187.0533,0
113.0099,187.1051,0
113.0199,187.1569,0
113.0299,187.2246,0
113.0399,187.2923,0
113.0499,187.36,0
113.0599,187.4277,0
113.0699,187.4954,0
113.0799,187.4884,0
113.0899,187.5531,0
113.0999,187.6177,0
113.1099,187.7446,0
113.1199,187.7496,0
113.1299,187.8765,0
113.1399,187.9437,0
113.1499,187.9361,0
113.1599,187.9844,0
113.1699,188.0326,0
113.1799,188.0809,0
113.1899,188.145,0
113.1999,188.2092,0
113.2099,188.2733,0
113.2199,188.3375,0
113.2299,188.4016,0
113.2399,188.4658,0
113.2499,188.4552,0
113.2599,38.72563,0
113.2699,211.0719,0
113.2799,186.1927,0
113.2899,189.9156,0
113.2999,189.409,0
113.3099,189.601,0
113.3199,189.5869,0
113.3299,189.6445,0
113.3399,189.6861,0
113.3499,189.7437,0
113.3599,189.8013,0
113.3699,189.8589,0
113.3799,189.9165,0
113.3899,189.974,0
113.3999,189.8945,0
113.4099,190.0213,0
113.4199,190.0016,0
113.4299,190.0535,0
113.4399,190.1054,0
113.4499,190.1574,0
113.4599,190.2095,0
113.4699,190.2614,0
113.4799,190.3134,0
113.4899,190.3654,0
113.4999,190.4014,0
113.5099,190.4533,0
113.5199,190.4306,0
113.5299,190.4795,0
113.5399,190.5285,0
113.5499,190.5773,0
113.5599,190.6264,0
113.5699,190.6752,0
113.5799,190.7242,0
113.5899,190.7731,0
113.5999,190.822,0
113.6099,190.871,0
113.6199,190.733,0
113.6299,190.8365,0
113.6399,190.8181,0
113.6499,190.8594,0
113.6599,190.9006,0
113.6699,190.9419,0
113.6799,190.9085,0
113.6899,191.0214,0
113.6999,190.988,0
113.7099,191.0262,0
113.7199,191.0645,0
113.7299,191.0404,0
113.7399,191.0761,0
113.7499,191.1117,0
113.7599,191.1475,0
113.7699,191.1831,0
113.7799,191.2188,0
113.7899,191.1922,0
113.7999,191.2254,0
113.8099,191.2584,0
113.8199,191.2916,0
113.8299,191.3407,0
113.8399,191.3739,0
113.8499,191.407,0
113.8599,191.44,0
113.8699,191.3985,0
113.8799,191.5033,0
113.8899,191.3994,0
113.8999,191.5018,0
113.9099,191.4575,0
113.9199,191.4851,0
113.9299,191.5127,0
113.9399,191.5402,0
113.9499,191.5677,0
113.9599,191.5952,0
113.9699,191.6228,0
113.9799,191.6503,0
113.9899,191.6938,0
113.9999,191.7213,0
114.0099,191.6866,0
114.0199,191.7738,0
114.0299,191.7391,0
114.0399,191.7641,0
114.0499,191.7891,0
114.0599,191.8141,0
114.0699,191.8391,0
114.0799,191.8641,0
114.0899,191.889,0
114.0999,191.914,0
114.1099,191.8643,0
114.1199,191.9609,0
114.1299,191.849,0
114.1399,192.0054,0
114.1499,191.9093,0
114.1599,191.9446,0
114.1699,191.9641,0
114.1799,191.9834,0
114.1899,192.0028,0
114.1999,192.0222,0
114.2099,192.0416,0
114.2199,192.061,0
114.2299,192.0804,0
114.2399,192.0375,0
114.2499,192.1166,0
114.2599,192.0737,0
114.2699,192.0905,0
114.2799,192.1075,0
114.2899,192.1243,0
114.2999,192.1411,0
114.3099,192.1739,0
114.3199,192.2067,0
114.3299,192.2395,0
114.3399,192.2563,0
114.3499,192.2731,0
114.3599,192.2899,0
114.3699,192.3068,0
114.3799,192.2614,0
114.3899,192.338,0
114.3999,192.2925,0
114.4099,192.3068,0
114.4199,192.3211,0
114.4299,192.3354,0
114.4399,192.3498,0
114.4499,192.364,0
114.4599,192.3783,0
114.4699,192.3925,0
114.4799,192.4228,0
114.4899,192.3783,0
114.4999,192.4643,0
114.5099,192.4038,0
114.5199,192.4898,0
114.5299,192.4294,0
114.5399,192.3784,0
114.5499,192.4619,0
114.5599,192.3988,0
114.5699,192.4823,0
114.5799,192.4193,0
114.5899,192.4279,0
114.5999,192.4367,0
114.6099,192.4453,0
114.6199,192.454,0
114.6299,192.4627,0
114.6399,192.4874,0
114.6499,192.512,0
114.6599,192.5367,0
114.6699,192.5454,0
114.6799,192.4918,0
114.6899,192.5602,0
114.6999,192.5067,0
114.7099,192.5128,0
114.7199,192.5189,0
114.7299,192.5251,0
114.7399,192.5312,0
114.7499,192.5375,0
114.7599,192.5435,0
114.7699,192.5498,0
114.7799,192.5558,0
114.7899,192.5621,0
114.7999,192.5682,0
114.8099,192.5903,0
114.8199,192.6123,0
114.8299,192.6185,0
114.8399,192.6246,0
114.8499,192.6309,0
114.8599,192.5747,0
114.8699,192.6406,0
114.8799,192.5844,0
114.8899,192.5881,0
114.8999,192.5916,0
114.9099,192.5952,0
114.9199,192.5988,0
114.9299,192.6024,0
114.9399,192.606,0
114.9499,192.6096,0
114.9599,192.6133,0
114.9699,192.6329,0
114.9799,192.6523,0
114.9899,192.6719,0
114.9999,192.6755,0
115.0099,192.679,0
115.0199,192.6205,0
115.0299,192.6837,0
115.0399,192.625,0
115.0499,192.6261,0
115.0599,192.6271,0
115.0699,192.6282,0
115.0799,192.6292,0
115.0899,192.6303,0
115.0999,192.6314,0
115.1099,192.6325,0
115.1199,192.6335,0
115.1299,192.6505,0
115.1399,192.6675,0
115.1499,192.6844,0
115.1599,192.6855,0
115.1699,192.6866,0
115.1799,192.6877,0
115.1899,192.6887,0
115.1999,192.6897,0
115.2099,192.6908,0
115.2199,192.6296,0
115.2299,192.6281,0
115.2399,192.6265,0
115.2499,192.6251,0
115.2599,192.6236,0
115.2699,192.6221,0
115.2799,192.6206,0
115.2899,192.6191,0
115.2999,192.6336,0
115.3099,192.648,0
115.3199,192.6624,0
115.3299,192.6609,0
115.3399,192.6595,0
115.3499,192.6579,0
115.3599,192.6564,0
115.3699,192.6549,0
115.3799,192.6535,0
115.3899,192.6519,0
115.3999,192.6504,0
115.4099,192.649,0
115.4199,192.6474,0
115.4299,192.5837,0
115.4399,192.642,0
115.4499,192.5782,0
115.4599,192.5742,0
115.4699,192.586,0
115.4799,192.5979,0
115.4899,192.5938,0
115.4999,192.5898,0
115.5099,192.5857,0
115.5199,192.5817,0
115.5299,192.5777,0
115.5399,192.5737,0
115.5499,192.5696,0
115.5599,192.5656,0
115.5699,192.5615,0
115.5799,192.5575,0
115.5899,192.5534,0
115.5999,192.5493,0
115.6099,192.5453,0
115.6199,192.5413,0
115.6299,192.5532,0
115.6399,192.5651,0
115.6499,192.5769,0
115.6599,192.5729,0
115.6699,192.5066,0
115.6799,192.5,0
115.6899,192.4934,0
115.6999,192.4869,0
115.7099,192.4803,0
115.7199,192.4737,0
115.7299,192.4671,0
115.7399,192.4604,0
115.7499,192.4538,0
115.7599,192.4473,0
115.7699,192.4406,0
115.7799,192.434,0
115.7899,192.4275,0
115.7999,192.4368,0
115.8099,192.4461,0
115.8199,192.4395,0
115.8299,192.433,0
115.8399,192.4264,0
115.8499,192.4198,0
115.8599,192.4132,0
115.8699,192.4066,0
115.8799,192.4747,0
115.8899,192.3964,0
115.8999,192.4646,0
115.9099,192.3241,0
115.9199,192.452,0
115.9299,192.3114,0
115.9399,192.4392,0
115.9499,192.2987,0
115.9599,192.3803,0
115.9699,192.3901,0
115.9799,192.3999,0
115.9899,192.3939,0
115.9999,192.3877,0
116.0099,192.3816,0
116.0199,192.3755,0
116.0299,192.3695,0
116.0399,192.3633,0
116.0499,192.3572,0
116.0599,192.3512,0
116.0699,192.345,0
116.0799,192.3389,0
116.0899,192.3329,0
116.0999,192.3268,0
116.1099,192.3207,0
116.1199,192.3146,0
116.1299,192.3244,0
116.1399,192.3343,0
116.1499,192.3441,0
116.1599,192.338,0
116.1699,192.3319,0
116.1799,192.3259,0
116.1899,192.3197,0
116.1999,192.3137,0
116.2099,192.2452,0
116.2199,192.299,0
116.2299,192.2305,0
116.2399,192.2842,0
116.2499,192.2158,0
116.2599,192.2071,0
116.2699,192.1985,0
116.2799,192.1899,0
116.2899,192.1812,0
116.2999,192.1885,0
116.3099,192.1958,0
116.3199,192.1872,0
116.3299,192.1785,0
116.3399,192.1698,0
116.3499,192.1612,0
116.3599,192.1526,0
116.3699,192.144,0
116.3799,192.1353,0
116.3899,192.1266,0
116.3999,192.118,0
116.4099,192.1094,0
116.4199,192.1007,0
116.4299,192.0921,0
116.4399,192.0834,0
116.4499,192.0748,0
116.4599,192.0821,0
116.4699,192.0894,0
116.4799,192.0967,0
116.4899,192.088,0
116.4999,192.0793,0
116.5099,192.0707,0
116.5199,192.062,0
116.5299,192.0534,0
116.5399,192.0448,0
116.5499,191.9738,0
116.5599,192.025,0
116.5699,191.9541,0
116.5799,192.0052,0
116.5899,191.9343,0
116.5999,191.923,0
116.6099,191.9118,0
116.6199,191.9007,0
116.6299,191.9801,0
116.6399,191.9131,0
116.6499,191.9019,0
116.6599,191.9655,0
116.6699,191.8827,0
116.6799,191.9461,0
116.6899,191.8633,0
116.6999,191.9269,0
116.7099,191.844,0
116.7199,191.9075,0
116.7299,191.8994,0
116.7399,191.8913,0
116.7499,191.8831,0
116.7599,191.875,0
116.7699,191.8668,0
116.7799,191.8587,0
116.7899,191.8505,0
116.7999,191.8583,0
116.8099,191.8661,0
116.8199,191.8579,0
116.8299,191.8498,0
116.8399,191.8417,0
116.8499,191.8335,0
116.8599,191.8254,0
116.8699,191.8173,0
116.8799,191.8091,0
116.8899,191.8009,0
116.8999,191.7928,0
116.9099,191.7846,0
116.9199,191.7765,0
116.9299,191.7684,0
116.9399,191.7602,0
116.9499,191.6898,0
116.9599,191.7413,0
116.9699,191.6869,0
116.9799,191.7543,0
116.9899,191.6839,0
116.9999,191.6732,0
117.0099,191.6626,0
117.0199,191.6518,0
117.0299,191.7034,0
117.0399,191.633,0
117.0499,191.6223,0
117.0599,191.6117,0
117.0699,191.6009,0
117.0799,191.5903,0
117.0899,191.5796,0
117.0999,191.5689,0
117.1099,191.5582,0
117.1199,191.5475,0
117.1299,191.5527,0
117.1399,190.5613,0
117.1499,190.784,0
117.1599,190.6814,0
117.1699,190.5763,0
117.1799,190.5309,0
117.1899,190.4232,0
117.1999,190.3752,0
117.2099,190.3398,0
117.2199,190.2923,0
117.2299,190.1827,0
117.2399,190.1327,0
117.2499,189.0238,0
117.2599,189.1422,0
117.2699,188.9953,0
117.2799,188.8457,0
117.2899,188.7685,0
117.2999,188.6169,0
117.3099,188.4787,0
117.3199,188.3221,0
117.3299,188.2376,0
117.3399,188.0789,0
117.3499,187.9176,0
117.3599,186.7697,0
117.3699,186.8371,0
117.3799,186.5768,0
117.3899,186.3737,0
117.3999,186.1806,0
117.4099,185.9729,0
117.4199,185.7626,0
117.4299,185.5623,0
117.4399,185.3474,0
117.4499,185.1425,0
117.4599,184.9231,0
117.4699,183.717,0
117.4799,183.6638,0
117.4899,183.3269,0
117.4999,183.0596,0
117.5099,182.7778,0
117.5199,182.5218,0
117.5299,182.189,0
117.5399,181.9259,0
117.5499,181.6607,0
117.5599,181.3187,0
117.5699,181.0465,0
117.5799,181.3825,0
117.5899,180.9941,0
117.5999,180.7225,0
117.6099,180.4608,0
117.6199,180.1847,0
117.6299,179.9185,0
117.6399,179.7125,0
117.6499,179.3701,0
117.6599,179.1595,0
117.6699,178.7963,0
117.6799,178.5653,0
117.6899,179.1942,0
117.6999,178.7252,0
117.7099,178.5818,0
117.7199,178.3046,0
117.7299,178.0994,0
117.7399,177.82,0
117.7499,177.6288,0
117.7599,177.3633,0
117.7699,177.1699,0
117.7799,176.9024,0
117.7899,176.707,0
117.7999,176.4374,0
117.8099,176.2401,0
117.8199,176.0306,0
117.8299,175.7589,0
117.8399,175.5596,0
117.8499,175.2699,0
117.8599,175.0525,0
117.8699,174.7608,0
117.8799,174.5413,0
117.8899,174.2475,0
117.8999,174.0883,0
117.9099,173.795,0
117.9199,173.574,0
117.9299,173.2787,0
117.9399,173.0556,0
117.9499,172.7583,0
117.9599,172.5954,0
117.9699,172.2985,0
117.9799,172.0739,0
117.9899,171.775,0
117.9999,171.5642,0
118.0099,171.2792,0
118.0199,171.1287,0
118.0299,170.8282,0
118.0399,170.6,0
118.0499,170.2975,0
118.0599,170.0672,0
118.0699,169.7626,0
118.0799,169.5926,0
118.0899,169.2885,0
118.0999,169.0567,0
118.1099,168.7506,0
118.1199,168.5167,0
118.1299,168.2708,0
118.1399,168.0373,0
118.1499,167.7298,0
118.1599,167.4942,0
118.1699,167.3215,0
118.1799,167.0149,0
118.1899,166.7804,0
118.1999,166.4718,0
118.2099,166.2975,0
118.2199,165.9733,0
118.2299,165.7214,0
118.2399,165.3952,0
118.2499,165.2034,0
118.2599,164.8937,0
118.2699,164.6561,0
118.2799,164.3444,0
118.2899,164.167,0
118.2999,163.8557,0
118.3099,163.6166,0
118.3199,163.3031,0
118.3299,163.1243,0
118.3399,162.8114,0
118.3499,162.5707,0
118.3599,162.2559,0
118.3699,162.0753,0
118.3799,161.761,0
118.3899,161.5187,0
118.3999,161.3392,0
118.4099,161.0099,0
118.4199,160.7527,0
118.4299,160.4836,0
118.4399,160.2269,0
118.4499,159.896,0
118.4599,159.6373,0
118.4699,159.3666,0
118.4799,159.1084,0
118.4899,158.7759,0
118.4999,158.5779,0
118.5099,158.2459,0
118.5199,157.9862,0
118.5299,157.7892,0
118.5399,157.4582,0
118.5499,157.2777,0
118.5599,156.9631,0
118.5699,156.7207,0
118.5799,156.4665,0
118.5899,156.2246,0
118.5999,155.9085,0
118.6099,155.7109,0
118.6199,155.3793,0
118.6299,155.12,0
118.6399,154.8487,0
118.6499,154.5899,0
118.6599,154.3192,0
118.6699,154.0608,0
118.6799,153.8029,0
118.6899,153.5332,0
118.6999,153.2757,0
118.7099,153.0065,0
118.7199,152.7496,0
118.7299,152.4186,0
118.7399,152.2219,0
118.7499,151.8913,0
118.7599,151.6952,0
118.7699,151.3652,0
118.7799,151.1072,0
118.7899,150.8374,0
118.7999,150.5799,0
118.8099,150.3853,0
118.8199,150.0408,0
118.8299,149.8308,0
118.8399,149.4867,0
118.8499,149.2772,0
118.8599,148.9335,0
118.8699,148.6781,0
118.8799,148.4109,0
118.8899,148.1559,0
118.8999,147.889,0
118.9099,147.6346,0
118.9199,147.3682,0
118.9299,147.1143,0
118.9399,146.7861,0
118.9499,146.5924,0
118.9599,146.3395,0
118.9699,146.0746,0
118.9799,145.8222,0
118.9899,145.5578,0
118.9999,145.3059,0
119.0099,146.0386,0
119.0199,145.6162,0
119.0299,145.385,0
119.0399,145.2124,0
119.0499,144.9684,0
119.0599,144.799,0
119.0699,144.5579,0
119.0799,144.3915,0
119.0899,144.1534,0
119.0999,143.9154,0
119.1099,143.7521,0
119.1199,144.5138,0
119.1299,144.1203,0
119.1399,143.9802,0
119.1499,143.9174,0
119.1599,143.7232,0
119.1699,143.5912,0
119.1799,143.4743,0
119.1899,143.348,0
119.1999,143.1779,0
119.2099,143.07,0
119.2199,142.9772,0
119.2299,143.8715,0
119.2399,143.5385,0
119.2499,143.5457,0
119.2599,143.4678,0
119.2699,143.3924,0
119.2799,143.3196,0
119.2899,143.1871,0
119.2999,143.1792,0
119.3099,143.0517,0
119.3199,143.0612,0
119.3299,143.0017,0
119.3399,144.0036,0
119.3499,143.7185,0
119.3599,143.761,0
119.3699,143.7462,0
119.3799,143.7341,0
119.3899,143.7868,0
119.3999,143.7824,0
119.4099,143.8427,0
119.4199,143.8459,0
119.4299,143.8516,0
119.4399,143.9222,0
119.4499,143.3749,0
119.4599,143.5208,0
119.4699,143.5379,0
119.4799,143.5415,0
119.4899,143.5478,0
119.4999,143.5566,0
119.5099,143.5678,0
119.5199,143.5817,0
119.5299,143.5981,0
119.5399,143.6171,0
119.5499,143.7009,0
119.5599,142.5938,0
119.5699,142.9254,0
119.5799,142.7879,0
119.5899,142.7221,0
119.5999,142.7187,0
119.6099,142.6554,0
119.6199,142.6546,0
119.6299,142.5939,0
119.6399,142.6702,0
119.6499,142.5404,0
119.6599,142.6193,0
119.6699,142.5668,0
119.6799,142.5766,0
119.6899,142.5265,0
119.6999,142.5388,0
119.7099,142.4914,0
119.7199,142.5063,0
119.7299,142.4613,0
119.7399,142.4788,0
119.7499,142.4364,0
119.7599,142.4565,0
119.7699,142.4166,0
119.7799,142.4391,0
119.7899,142.4019,0
119.7999,142.427,0
119.8099,142.3923,0
119.8199,142.3575,0
119.8299,142.3852,0
119.8399,142.353,0
119.8499,142.3832,0
119.8599,142.3536,0
119.8699,142.3863,0
119.8799,142.3592,0
119.8899,142.2699,0
119.8999,142.3026,0
119.9099,142.2755,0
119.9199,142.3109,0
119.9299,142.2703,0
119.9399,142.3082,0
119.9499,142.2863,0
119.9599,142.2643,0
119.9699,142.3046,0
119.9799,142.2853,0
119.9899,142.3281,0
119.9999,142.3112,0
120.0099,142.2944,0
120.0199,142.3399,0
120.0299,142.3256,0
120.0399,142.3736,0
120.0499,142.3618,0
120.0599,142.3501,0
120.0699,142.4007,0
120.0799,142.3914,0
120.0899,142.3822,0
120.0999,142.4353,0
120.1099,142.6778,0
120.1199,142.6067,0
120.1299,142.7442,0
120.1399,142.6755,0
120.1499,142.7249,0
120.1599,142.7305,0
120.1699,142.7984,0
120.1799,142.8065,0
120.1899,142.8769,0
120.1999,142.8876,0
120.2099,142.9606,0
120.2199,142.9738,0
120.2299,143.0493,0
120.2399,143.0652,0
120.2499,143.1432,0
120.2599,143.0869,0
120.2699,143.1769,0
120.2799,143.1827,0
120.2899,143.2006,0
120.2999,143.2808,0
120.3099,143.3011,0
120.3199,143.3839,0
120.3299,143.4068,0
120.3399,143.492,0
120.3499,143.5175,0
120.3599,143.6052,0
120.3699,143.6174,0
120.3799,143.7077,0
120.3899,143.6635,0
120.3999,143.6911,0
120.4099,143.7809,0
120.4199,143.811,0
120.4299,143.9034,0
120.4399,143.936,0
120.4499,144.031,0
120.4599,144.0661,0
120.4699,144.1013,0
120.4799,144.1988,0
120.4899,144.1618,0
120.4999,144.2588,0
120.5099,144.2959,0
120.5199,144.3332,0
120.5299,144.4327,0
120.5399,144.4725,0
120.5499,144.5746,0
120.5599,144.617,0
120.5699,144.6468,0
120.5799,144.6887,0
120.5899,144.7305,0
120.5999,144.8347,0
120.6099,144.879,0
120.6199,144.9857,0
120.6299,145.0327,0
120.6399,145.0795,0
120.6499,145.1887,0
120.6599,145.1636,0
120.6699,145.2723,0
120.6799,145.3213,0
120.6899,145.3702,0
120.6999,145.4815,0
120.7099,145.5331,0
120.7199,145.6469,0
120.7299,145.6261,0
120.7399,145.6772,0
120.7499,145.7906,0
120.7599,145.8441,0
120.7699,145.8978,0
120.7799,146.0136,0
120.7899,146.0697,0
120.7999,146.2041,0
120.8099,146.1881,0
120.8199,146.2437,0
120.8299,146.3616,0
120.8399,146.4197,0
120.8499,146.4779,0
120.8599,146.5984,0
120.8699,146.6592,0
120.8799,146.6452,0
120.8899,146.7651,0
120.8999,146.8254,0
120.9099,146.9479,0
120.9199,147.0107,0
120.9299,147.0734,0
120.9399,147.1986,0
120.9499,147.1892,0
120.9599,147.2514,0
120.9699,147.3761,0
120.9799,147.4409,0
120.9899,147.5057,0
120.9999,147.6487,0
121.0099,147.6574,0
121.0199,147.7376,0
121.0299,147.8642,0
121.0399,147.9311,0
121.0499,147.9979,0
121.0599,148.1272,0
121.0699,148.1219,0
121.0799,148.1882,0
121.0899,148.3169,0
121.0999,148.3858,0
121.1099,148.4548,0
121.1199,148.586,0
121.1299,148.6575,0
121.1399,148.6543,0
121.1499,148.785,0
121.1599,148.856,0
121.1699,148.927,0
121.1799,149.0602,0
121.1899,149.1497,0
121.1999,149.1644,0
121.2099,149.2508,0
121.2199,149.3995,0
121.2299,149.4886,0
121.2399,149.5616,0
121.2499,149.6969,0
121.2599,149.6978,0
121.2699,149.7703,0
121.2799,149.9052,0
121.2899,149.9802,0
121.2999,150.0554,0
121.3099,150.1304,0
121.3199,150.1931,0
121.3299,150.2677,0
121.3399,150.3423,0
121.3499,150.4791,0
121.3599,150.5562,0
121.3699,150.6334,0
121.3799,150.714,0
121.3899,150.8065,0
121.3999,150.8991,0
121.4099,150.9918,0
121.4199,151.1466,0
121.4299,151.167,0
121.4399,151.2591,0
121.4499,151.3512,0
121.4599,151.4896,0
121.4699,151.5682,0
121.4799,151.6469,0
121.4899,151.7132,0
121.4999,151.7914,0
121.5099,151.8696,0
121.5199,151.9478,0
121.5299,152.0883,0
121.5399,152.0943,0
121.5499,152.172,0
121.5599,152.3121,0
121.5699,152.4082,0
121.5799,152.5044,0
121.5899,152.6005,0
121.5999,152.6842,0
121.6099,152.78,0
121.6199,152.8756,0
121.6299,152.9713,0
121.6399,153.067,0
121.6499,153.225,0
121.6599,153.2485,0
121.6699,153.3277,0
121.6799,153.4692,0
121.6899,153.551,0
121.6999,153.6329,0
121.7099,153.6399,0
121.7199,153.781,0
121.7299,153.8623,0
121.7399,153.9436,0
121.7499,154.0249,0
121.7599,154.1843,0
121.7699,154.2094,0
121.7799,154.3062,0
121.7899,154.4029,0
121.7999,154.5619,0
121.8099,154.6613,0
121.8199,154.6857,0
121.8299,154.7821,0
121.8399,154.8782,0
121.8499,155.0368,0
121.8599,155.1356,0
121.8699,155.1437,0
121.8799,155.2236,0
121.8899,155.3656,0
121.8999,155.4479,0
121.9099,155.5304,0
121.9199,155.6127,0
121.9299,155.6826,0
121.9399,155.7804,0
121.9499,155.8782,0
121.9599,155.9759,0
121.9699,156.0738,0
121.9799,156.1591,0
121.9899,156.2564,0
121.9999,156.3537,0
122.0099,156.451,0
122.0199,156.6105,0
122.0299,156.6357,0
122.0399,156.7325,0
122.0499,156.8293,0
122.0599,156.926,0
122.0699,157.0851,0
122.0799,157.0938,0
122.0899,157.1742,0
122.0999,157.2545,0
122.1099,157.335,0
122.1199,157.4776,0
122.1299,157.5764,0
122.1399,157.6005,0
122.1499,157.6964,0
122.1599,157.7921,0
122.1699,157.9502,0
122.1799,158.0486,0
122.1899,158.1469,0
122.1999,158.1705,0
122.2099,158.3281,0
122.2199,158.426,0
122.2299,158.5238,0
122.2399,158.6217,0
122.2499,158.6448,0
122.2599,158.802,0
122.2699,158.8993,0
122.2799,158.9807,0
122.2899,159.0621,0
122.2999,159.0687,0
122.3099,159.1631,0
122.3199,159.3197,0
122.3299,159.4165,0
122.3399,159.5134,0
122.3499,159.6102,0
122.3599,159.6324,0
122.3699,159.7884,0
122.3799,159.8848,0
122.3899,159.9812,0
122.3999,160.0775,0
122.4099,160.0991,0
122.4199,160.2548,0
122.4299,160.3506,0
122.4399,160.4465,0
122.4499,160.5423,0
122.4599,160.6382,0
122.4699,160.6593,0
122.4799,160.8144,0
122.4899,160.9099,0
122.4999,161.0052,0
122.5099,161.1005,0
122.5199,161.1211,0
122.5299,161.2134,0
122.5399,161.368,0
122.5499,161.4629,0
122.5599,161.5578,0
122.5699,161.5779,0
122.5799,161.6697,0
122.5899,161.7615,0
122.5999,161.9157,0
122.6099,162.01,0
122.6199,162.1044,0
122.6299,162.1241,0
122.6399,162.2153,0
122.6499,162.3689,0
122.6599,162.4788,0
122.6699,162.5726,0
122.6799,162.5918,0
122.6899,162.6826,0
122.6999,162.7735,0
122.7099,162.9265,0
122.7199,163.0199,0
122.7299,163.1133,0
122.7399,163.1319,0
122.7499,163.2223,0
122.7599,163.3125,0
122.7699,163.4029,0
122.7799,163.5555,0
122.7899,163.5736,0
122.7999,163.6634,0
122.8099,163.7533,0
122.8199,163.8431,0
122.8299,163.9329,0
122.8399,164.1009,0
122.8499,164.1345,0
122.8599,164.2398,0
122.8699,164.3291,0
122.8799,164.4184,0
122.8899,164.5078,0
122.8999,164.5972,0
122.9099,164.674,0
122.9199,164.7628,0
122.9299,164.8517,0
122.9399,164.9404,0
122.9499,165.0293,0
122.9599,165.0435,0
122.9699,165.1292,0
122.9799,165.2772,0
122.9899,165.3656,0
122.9999,165.4539,0
123.0099,165.5583,0
123.0199,165.5878,0
123.0299,165.6889,0
123.0399,165.7901,0
123.0499,165.9537,0
123.0599,166.0415,0
123.0699,166.0546,0
123.0799,166.1394,0
123.0899,166.2242,0
123.0999,166.309,0
123.1099,166.3938,0
123.1199,166.5408,0
123.1299,166.5534,0
123.1399,166.6377,0
123.1499,166.722,0
123.1599,166.8063,0
123.1699,166.8906,0
123.1799,166.9908,0
123.1899,167.1533,0
123.1999,167.1191,0
123.2099,167.2785,0
123.2199,167.3783,0
123.2299,167.4781,0
123.2399,167.5777,0
123.2499,167.5868,0
123.2599,167.6675,0
123.2699,167.7483,0
123.2799,167.8914,0
123.2899,167.9745,0
123.2999,168.0579,0
123.3099,168.0665,0
123.3199,168.1467,0
123.3299,168.227,0
123.3399,168.3072,0
123.3499,168.4497,0
123.3599,168.5484,0
123.3699,168.5724,0
123.3799,168.6682,0
123.3899,168.7639,0
123.3999,168.8595,0
123.4099,168.9552,0
123.4199,169.0509,0
123.4299,169.0719,0
123.4399,169.2108,0
123.4499,169.29,0
123.4599,169.3693,0
123.4699,169.4485,0
123.4799,169.5278,0
123.4899,169.5323,0
123.4999,169.6085,0
123.5099,169.6848,0
123.5199,169.8232,0
123.5299,169.9179,0
123.5399,170.0126,0
123.5499,170.0325,0
123.5599,170.1241,0
123.5699,170.2158,0
123.5799,170.3075,0
123.5899,170.3991,0
123.5999,170.4908,0
123.6099,170.5824,0
123.6199,170.6616,0
123.6299,170.7367,0
123.6399,170.812,0
123.6499,170.8872,0
123.6599,170.9624,0
123.6699,171.0376,0
123.6799,171.0381,0
123.6899,171.1103,0
123.6999,171.1984,0
123.7099,171.3487,0
123.7199,171.4394,0
123.7299,171.53,0
123.7399,171.546,0
123.7499,171.6336,0
123.7599,171.7211,0
123.7699,171.8087,0
123.7799,171.8964,0
123.7899,171.9839,0
123.7999,172.0716,0
123.8099,172.1467,0
123.8199,172.2178,0
123.8299,172.289,0
123.8399,172.3602,0
123.8499,172.4313,0
123.8599,172.5025,0
123.8699,172.5149,0
123.8799,172.599,0
123.8899,172.683,0
123.8999,172.767,0
123.9099,172.8511,0
123.9199,172.9974,0
123.9299,173.0093,0
123.9399,173.0928,0
123.9499,173.1764,0
123.9599,173.26,0
123.9699,173.3435,0
123.9799,173.427,0
123.9899,173.5106,0
123.9999,173.5035,0
124.0099,173.5681,0
124.0199,173.695,0
124.0299,173.778,0
124.0399,173.861,0
124.0499,173.9441,0
124.0599,174.0272,0
124.0699,174.0355,0
124.0799,174.1154,0
124.0899,174.1955,0
124.0999,174.2755,0
124.1099,174.3556,0
124.1199,174.4356,0
124.1299,174.5779,0
124.1399,174.5234,0
124.1499,174.6626,0
124.1599,174.7421,0
124.1699,174.8217,0
124.1799,174.8852,0
124.1899,174.9489,0
124.1999,175.0283,0
124.2099,175.0332,0
124.2199,175.1095,0
124.2299,175.186,0
124.2399,175.2625,0
124.2499,175.339,0
124.2599,175.4777,0
124.2699,175.5567,0
124.2799,175.561,0
124.2899,175.6369,0
124.2999,175.713,0
124.3099,175.789,0
124.3199,175.8649,0
124.3299,175.9408,0
124.3399,176.0168,0
124.3499,176.0181,0
124.3599,176.0909,0
124.3699,176.1639,0
124.3799,176.2991,0
124.3899,176.3123,0
124.3999,176.4474,0
124.4099,176.5229,0
124.4199,176.5237,0
124.4299,176.5962,0
124.4399,176.6685,0
124.4499,176.741,0
124.4599,176.8134,0
124.4699,176.8858,0
124.4799,176.9582,0
124.4899,177.0307,0
124.4999,177.0283,0
124.5099,177.16,0
124.5199,177.1696,0
124.5299,177.3013,0
124.5399,177.3892,0
124.5499,177.461,0
124.5599,177.533,0
124.5699,177.5302,0
124.5799,177.599,0
124.5899,177.668,0
124.5999,177.7369,0
124.6099,177.8057,0
124.6199,177.8746,0
124.6299,177.9435,0
124.6399,178.0123,0
124.6499,178.0688,0
124.6599,178.0748,0
124.6699,178.203,0
124.6799,178.2714,0
124.6899,178.3398,0
124.6999,178.424,0
124.7099,178.5084,0
124.7199,178.518,0
124.7299,178.3341,0
124.7399,178.464,0
124.7499,178.5222,0
124.7599,178.5057,0
124.7699,178.5608,0
124.7799,178.6159,0
124.7899,178.6088,0
124.7999,178.7236,0
124.8099,178.7165,0
124.8199,178.7691,0
124.8299,178.8217,0
124.8399,179.0612,0
124.8499,179.0467,0
124.8599,179.1039,0
124.8699,179.1769,0
124.8799,179.25,0
124.8899,179.3231,0
124.8999,179.3804,0
124.9099,179.4376,0
124.9199,179.4947,0
124.9299,179.4772,0
124.9399,179.5313,0
124.9499,179.5855,0
124.9599,179.6396,0
124.9699,179.6938,0
124.9799,179.7479,0
124.9899,179.8021,0
124.9999,179.8562,0
125.0099,179.9103,0
125.0199,179.9645,0
125.0299,179.9439,0
125.0399,180.0856,0
125.0499,180.0809,0
125.0599,180.0858,0
125.0699,180.1502,0
125.0799,180.1988,0
125.0899,180.2473,0
125.0999,180.2959,0
125.1099,180.3444,0
125.1199,180.3929,0
125.1299,180.4415,0
125.1399,180.4901,0
125.1499,180.4638,0
125.1599,180.5094,0
125.1699,180.5549,0
125.1799,180.6003,0
125.1899,180.6458,0
125.1999,180.7073,0
125.2099,180.7687,0
125.2199,180.8301,0
125.2299,180.8916,0
125.2399,180.953,0
125.2499,180.9521,0
125.2599,181.0574,0
125.2699,180.9659,0
125.2799,181.068,0
125.2899,181.0482,0
125.2999,181.1505,0
125.3099,181.1306,0
125.3199,181.1706,0
125.3299,181.2104,0
125.3399,181.2503,0
125.3499,181.2903,0
125.3599,181.3301,0
125.3699,181.3859,0
125.3799,181.4418,0
125.3899,181.4976,0
125.3999,181.4788,0
125.4099,181.5315,0
125.4199,181.5843,0
125.4299,181.6211,0
125.4399,181.658,0
125.4499,181.6949,0
125.4599,181.7318,0
125.4699,181.7686,0
125.4799,181.8055,0
125.4899,181.8424,0
125.4999,181.8792,0
125.5099,181.916,0
125.5199,181.9528,0
125.5299,181.9151,0
125.5399,182.0395,0
125.5499,182.0175,0
125.5599,182.0673,0
125.5699,182.1171,0
125.5799,182.1667,0
125.5899,182.2165,0
125.5999,182.2662,0
125.6099,182.3001,0
125.6199,182.3338,0
125.6299,182.3677,0
125.6399,182.4015,0
125.6499,182.4354,0
125.6599,182.4691,0
125.6699,182.4282,0
125.6799,182.5337,0
125.6899,182.4928,0
125.6999,182.5235,0
125.7099,182.5703,0
125.7199,182.6169,0
125.7299,182.6637,0
125.7399,182.7104,0
125.7499,182.757,0
125.7599,182.8038,0
125.7699,182.8504,0
125.7799,182.8812,0
125.7899,182.9119,0
125.7999,182.9427,0
125.8099,182.9735,0
125.8199,182.9296,0
125.8299,183.032,0
125.8399,182.9879,0
125.8499,183.0157,0
125.8599,183.0434,0
125.8699,183.0871,0
125.8799,183.0685,0
125.8899,183.1719,0
125.8999,183.1533,0
125.9099,183.2566,0
125.9199,183.2379,0
125.9299,183.3413,0
125.9399,183.3227,0
125.9499,183.4261,0
125.9599,183.3915,0
125.9699,183.4167,0
125.9799,183.4419,0
125.9899,183.467,0
125.9999,183.4174,0
126.0099,183.5143,0
126.0199,183.4647,0
126.0299,183.4869,0
126.0399,183.5249,0
126.0499,183.563,0
126.0599,183.601,0
126.0699,183.6391,0
126.0799,183.6772,0
126.0899,183.7152,0
126.0999,183.7532,0
126.1099,183.7913,0
126.1199,183.8294,0
126.1299,183.8514,0
126.1399,183.8736,0
126.1499,183.8958,0
126.1599,183.9179,0
126.1699,183.94,0
126.1799,183.9621,0
126.1899,183.9095,0
126.1999,184.0033,0
126.2099,183.9666,0
126.2199,184.0016,0
126.2299,184.0366,0
126.2399,184.0716,0
126.2499,184.1067,0
126.2599,184.1416,0
126.2699,184.1767,0
126.2799,184.2116,0
126.2899,184.2467,0
126.2999,184.2657,0
126.3099,184.2848,0
126.3199,184.3039,0
126.3299,184.323,0
126.3399,184.342,0
126.3499,184.3611,0
126.3599,184.3802,0
126.3699,184.3993,0
126.3799,184.4342,0
126.3899,184.4693,0
126.3999,184.4296,0
126.4099,184.5363,0
126.4199,184.4966,0
126.4299,184.5285,0
126.4399,184.5605,0
126.4499,184.5924,0
126.4599,184.6243,0
126.4699,184.6563,0
126.4799,184.6723,0
126.4899,184.6884,0
126.4999,184.7044,0
126.5099,184.7205,0
126.5199,184.7365,0
126.5299,184.7525,0
126.5399,184.7845,0
126.5499,184.8164,0
126.5599,184.8484,0
126.5699,184.8803,0
126.5799,184.9123,0
126.5899,184.9442,0
126.5999,184.9015,0
126.6099,185.0051,0
126.6199,184.9623,0
126.6299,184.9913,0
126.6399,185.0202,0
126.6499,185.0332,0
126.6599,185.0461,0
126.6699,185.0592,0
126.6799,185.0721,0
126.6899,185.0851,0
126.6999,185.0981,0
126.7099,185.127,0
126.7199,185.1559,0
126.7299,185.1848,0
126.7399,185.2137,0
126.7499,185.2426,0
126.7599,185.2093,0
126.7699,185.2979,0
126.7799,185.2645,0
126.7899,185.3532,0
126.7999,185.3198,0
126.8099,185.4084,0
126.8199,185.4215,0
126.8299,185.4345,0
126.8399,185.4474,0
126.8499,185.3857,0
126.8599,185.408,0
126.8699,185.4807,0
126.8799,185.3727,0
126.8899,185.4708,0
126.8999,185.4223,0
126.9099,185.5204,0
126.9199,185.472,0
126.9299,185.5577,0
126.9399,185.5212,0
126.9499,185.6068,0
126.9599,185.5704,0
126.9699,185.5938,0
126.9799,185.6171,0
126.9899,185.6244,0
126.9999,185.6319,0
127.0099,185.6392,0
127.0199,185.6466,0
127.0299,185.654,0
127.0399,185.7237,0
127.0499,185.6872,0
127.0599,185.7106,0
127.0699,185.7339,0
127.0799,185.7572,0
127.0899,185.7805,0
127.0999,185.8038,0
127.1099,185.8272,0
127.1199,185.8505,0
127.1299,185.8737,0
127.1399,185.8972,0
127.1499,185.9204,0
127.1599,185.9278,0
127.1699,185.9352,0
127.1799,185.8679,0
127.1899,185.9469,0
127.1999,185.8796,0
127.2099,185.9586,0
127.2199,185.9073,0
127.2299,186.0023,0
127.2399,185.9509,0
127.2499,185.9711,0
127.2599,185.8667,0
127.2699,185.9567,0
127.2799,185.9002,0
127.2899,185.9901,0
127.2999,185.9336,0
127.3099,186.0235,0
127.3199,185.9669,0
127.3299,185.9821,0
127.3399,185.9814,0
127.3499,185.9807,0
127.3599,185.9799,0
127.3699,186.3529,0
127.3799,186.3051,0
127.3899,186.333,0
127.3999,186.3609,0
127.4099,186.3888,0
127.4199,186.4168,0
127.4299,186.4447,0
127.4399,186.4601,0
127.4499,186.4875,0
127.4599,186.515,0
127.4699,186.5424,0
127.4799,186.5698,0
127.4899,186.5973,0
127.4999,186.6247,0
127.5099,186.6362,0
127.5199,186.6476,0
127.5299,186.7215,0
127.5399,186.7354,0
127.5499,186.7655,0
127.5599,186.7953,0
127.5699,186.8254,0
127.5799,186.8554,0
127.5899,186.8854,0
127.5999,186.9153,0
127.6099,186.9452,0
127.6199,186.9005,0
127.6299,187.0644,0
127.6399,187.0222,0
127.6499,187.0517,0
127.6599,187.0811,0
127.6699,187.1106,0
127.6799,187.1242,0
127.6899,187.1377,0
127.6999,187.1512,0
127.7099,187.1648,0
127.7199,187.1943,0
127.7299,187.286,0
127.7399,187.2557,0
127.7499,187.3475,0
127.7599,187.3795,0
127.7699,187.4116,0
127.7799,187.4436,0
127.7899,187.4008,0
127.7999,187.5045,0
127.8099,187.4618,0
127.8199,187.4909,0
127.8299,187.5198,0
127.8399,187.6111,0
127.8499,187.5644,0
127.8599,187.6397,0
127.8699,187.6552,0
127.8799,187.6868,0
127.8899,187.7183,0
127.8999,187.7499,0
127.9099,187.7814,0
127.9199,187.8129,0
127.9299,187.8444,0
127.9399,187.8759,0
127.9499,187.9074,0
127.9599,188.0013,0
127.9699,187.8983,0
127.9799,188.0638,0
127.9899,188.0232,0
127.9999,188.0541,0
128.0099,188.0852,0
128.0199,188.1003,0
128.0299,188.1153,0
128.0399,188.1305,0
128.0499,188.1615,0
128.0599,188.1925,0
128.0699,188.2236,0
128.0799,188.2546,0
128.0899,188.3479,0
128.0999,188.3192,0
128.1099,188.4124,0
128.1199,188.446,0
128.1299,188.4049,0
128.1399,188.5101,0
128.1499,188.4689,0
128.1599,188.4995,0
128.1699,188.5301,0
128.1799,188.5606,0
128.1899,188.5751,0
128.1999,188.5898,0
128.2099,188.6203,0
128.2199,188.7131,0
128.2299,188.6839,0
128.2399,188.7767,0
128.2499,188.8098,0
128.2599,188.8428,0
128.2699,188.8759,0
128.2799,188.909,0
128.2899,188.942,0
128.2999,188.9004,0
128.3099,189.0051,0
128.3199,188.9635,0
128.3299,188.9936,0
128.3399,189.0235,0
128.3499,189.0377,0
128.3599,189.114,0
128.3699,189.0684,0
128.3799,189.1607,0
128.3899,189.1933,0
128.3999,189.2259,0
128.4099,189.2585,0
128.4199,189.291,0
128.4299,189.3236,0
128.4399,189.3562,0
128.4499,189.3888,0
128.4599,189.4214,0
128.4699,189.3792,0
128.4799,189.4835,0
128.4899,189.4413,0
128.4999,189.4708,0
128.5099,189.5003,0
128.5199,189.5762,0
128.5299,189.5924,0
128.5399,189.6245,0
128.5499,189.6566,0
128.5599,189.6886,0
128.5699,189.7207,0
128.5799,189.7528,0
128.5899,189.7849,0
128.5999,189.817,0
128.6099,189.849,0
128.6199,189.8811,0
128.6299,189.9132,0
128.6399,189.9453,0
128.6499,189.9026,0
128.6599,190.0064,0
128.6699,189.9637,0
128.6799,189.9928,0
128.6899,190.0682,0
128.6999,190.0998,0
128.7099,190.1314,0
128.7199,190.1629,0
128.7299,190.1944,0
128.7399,190.226,0
128.7499,190.2577,0
128.7599,190.2892,0
128.7699,190.3208,0
128.7799,190.3524,0
128.7899,190.384,0
128.7999,190.4156,0
128.8099,190.3724,0
128.8199,190.4756,0
128.8299,190.4326,0
128.8399,190.461,0
128.8499,190.4896,0
128.8599,190.5022,0
128.8699,190.593,0
128.8799,190.5618,0
128.8899,190.6526,0
128.8999,190.6837,0
128.9099,190.7148,0
128.9199,190.7459,0
128.9299,190.777,0
128.9399,190.808,0
128.9499,190.8392,0
128.9599,190.8703,0
128.9699,190.9013,0
128.9799,190.9324,0
128.9899,190.8887,0
128.9999,190.9915,0
129.0099,190.9479,0
129.0199,190.976,0
129.0299,191.0039,0
129.0399,191.032,0
129.0499,191.06,0
129.0599,191.0881,0
129.0699,191.1784,0
129.0799,191.1467,0
129.0899,191.237,0
129.0999,191.2675,0
129.1099,191.2981,0
129.1199,191.3288,0
129.1299,191.3593,0
129.1399,191.3899,0
129.1499,191.4205,0
129.1599,191.3763,0
129.1699,191.4786,0
129.1799,191.4346,0
129.1899,191.462,0
129.1999,191.4896,0
129.2099,191.5172,0
129.2199,191.5446,0
129.2299,191.5721,0
129.2399,191.5997,0
129.2499,191.6272,0
129.2599,191.6548,0
129.2699,191.6824,0
129.2799,191.7098,0
129.2899,191.7374,0
129.2999,191.8273,0
129.3099,191.795,0
129.3199,191.8848,0
129.3299,191.8527,0
129.3399,191.9425,0
129.3499,191.9138,0
129.3599,191.9409,0
129.3699,191.9679,0
129.3799,191.9949,0
129.3899,192.022,0
129.3999,192.049,0
129.4099,192.0761,0
129.4199,192.1031,0
129.4299,192.1301,0
129.4399,192.1572,0
129.4499,192.1842,0
129.4599,192.2112,0
129.4699,192.2383,0
129.4799,192.2653,0
129.4899,192.2924,0
129.4999,192.3194,0
129.5099,192.3624,0
129.5199,192.3894,0
129.5299,192.4165,0
129.5399,192.3687,0
129.5499,192.4675,0
129.5599,192.4198,0
129.5699,192.5061,0
129.5799,192.4703,0
129.5899,192.4943,0
129.5999,192.5183,0
129.6099,192.6046,0
129.6199,192.5688,0
129.6299,192.6552,0
129.6399,192.6817,0
129.6499,192.7082,0
129.6599,192.7348,0
129.6699,192.7773,0
129.6799,192.8197,0
129.6899,192.8463,0
129.6999,192.8728,0
129.7099,192.8993,0
129.7199,192.9259,0
129.7299,192.8777,0
129.7399,192.976,0
129.7499,192.9277,0
129.7599,192.9513,0
129.7699,192.9747,0
129.7799,192.9983,0
129.7899,193.0218,0
129.7999,193.0452,0
129.8099,193.0687,0
129.8199,193.0922,0
129.8299,193.1317,0
129.8399,193.1712,0
129.8499,193.1947,0
129.8599,193.218,0
129.8699,193.2416,0
129.8799,193.2651,0
129.8899,193.2886,0
129.8999,193.3121,0
129.9099,193.3355,0
129.9199,193.359,0
129.9299,193.4448,0
129.9399,193.3339,0
129.9499,193.4913,0
129.9599,193.3804,0
129.9699,193.5378,0
129.9799,193.4269,0
129.9899,193.5255,0
129.9999,193.5645,0
130.0099,193.6035,0
130.0199,193.6264,0
130.0299,193.6494,0
130.0399,193.6724,0
130.0499,193.6954,0
130.0599,193.7184,0
130.0699,193.7414,0
130.0799,193.7644,0
130.0899,193.7874,0
130.0999,193.8104,0
130.1099,193.8334,0
130.1199,193.8565,0
130.1299,193.8794,0
130.1399,193.9024,0
130.1499,193.8506,0
130.1599,193.9613,0
130.1699,193.9255,0
130.1799,193.9455,0
130.1899,193.9654,0
130.1999,193.9853,0
130.2099,194.0053,0
130.2199,194.0252,0
130.2299,194.0452,0
130.2399,194.0651,0
130.2499,194.0851,0
130.2599,194.105,0
130.2699,194.125,0
130.2799,194.145,0
130.2899,194.1649,0
130.2999,194.1849,0
130.3099,194.2048,0
130.3199,194.2407,0
130.3299,194.2765,0
130.3399,194.3124,0
130.3499,194.3324,0
130.3599,194.3523,0
130.3699,194.3723,0
130.3799,194.3923,0
130.3899,194.4122,0
130.3999,194.3574,0
130.4099,194.4491,0
130.4199,194.3943,0
130.4299,194.486,0
130.4399,194.4311,0
130.4499,194.5103,0
130.4599,194.4675,0
130.4699,194.5467,0
130.4799,194.5197,0
130.4899,194.6149,0
130.4999,194.5881,0
130.5099,194.6672,0
130.5199,194.6244,0
130.5299,194.7036,0
130.5399,194.6607,0
130.5499,194.74,0
130.5599,194.7594,0
130.5699,194.7788,0
130.5799,194.7983,0
130.5899,194.8178,0
130.5999,194.8372,0
130.6099,194.8566,0
130.6199,194.8761,0
130.6299,194.8956,0
130.6399,194.931,0
130.6499,194.8916,0
130.6599,194.9987,0
130.6699,194.9593,0
130.6799,194.9757,0
130.6899,194.9922,0
130.6999,195.0085,0
130.7099,195.025,0
130.7199,195.0413,0
130.7299,195.0578,0
130.7399,195.0742,0
130.7499,195.0906,0
130.7599,195.1071,0
130.7699,195.1234,0
130.7799,195.1398,0
130.7899,195.1563,0
130.7999,195.1886,0
130.8099,195.221,0
130.8199,195.2532,0
130.8299,195.2856,0
130.8399,195.302,0
130.8499,195.3184,0
130.8599,195.3348,0
130.8699,195.3512,0
130.8799,195.3676,0
130.8899,195.3841,0
130.8999,195.4005,0
130.9099,195.3422,0
130.9199,195.4302,0
130.9299,195.3719,0
130.9399,195.46,0
130.9499,195.4017,0
130.9599,195.431,0
130.9699,195.4602,0
130.9799,195.4895,0
130.9899,195.5188,0
130.9999,195.5322,0
131.0099,195.5456,0
131.0199,195.5589,0
131.0299,195.5723,0
131.0399,195.5857,0
131.0499,195.599,0
131.0599,195.6123,0
131.0699,195.6257,0
131.0799,195.6391,0
131.0899,195.6525,0
131.0999,195.6658,0
131.1099,195.6792,0
131.1199,195.7085,0
131.1299,195.7377,0
131.1399,195.767,0
131.1499,195.7963,0
131.1599,195.8097,0
131.1699,195.8231,0
131.1799,195.8364,0
131.1899,195.8497,0
131.1999,195.8631,0
131.2099,195.8764,0
131.2199,195.8898,0
131.2299,195.9032,0
131.2399,195.8419,0
131.2499,195.9268,0
131.2599,195.8656,0
131.2699,195.9505,0
131.2799,195.9052,0
131.2899,195.9314,0
131.2999,195.9577,0
131.3099,195.9838,0
131.3199,196.0101,0
131.3299,196.0205,0
131.3399,196.0307,0
131.3499,196.041,0
131.3599,196.0514,0
131.3699,196.0617,0
131.3799,196.072,0
131.3899,196.0823,0
131.3999,196.0927,0
131.4099,196.1029,0
131.4199,196.1133,0
131.4299,196.1236,0
131.4399,196.1498,0
131.4499,196.1761,0
131.4599,196.2023,0
131.4699,196.2286,0
131.4799,196.2547,0
131.4899,196.2652,0
131.4999,196.2754,0
131.5099,196.2857,0
131.5199,196.2961,0
131.5299,196.3064,0
131.5399,196.3167,0
131.5499,196.327,0
131.5599,196.3374,0
131.5699,196.3476,0
131.5799,196.358,0
131.5899,196.3683,0
131.5999,196.3946,0
131.6099,196.346,0
131.6199,196.4439,0
131.6299,196.3955,0
131.6399,196.4187,0
131.6499,196.4259,0
131.6599,196.4332,0
131.6699,196.4405,0
131.6799,196.4478,0
131.6899,196.4551,0
131.6999,196.4622,0
131.7099,196.4695,0
131.7199,196.4768,0
131.7299,196.4841,0
131.7399,196.4914,0
131.7499,196.4986,0
131.7599,196.5219,0
131.7699,196.545,0
131.7799,196.5683,0
131.7899,196.5914,0
131.7999,196.6146,0
131.8099,196.6219,0
131.8199,196.6292,0
131.8299,196.6365,0
131.8399,196.6437,0
131.8499,196.651,0
131.8599,196.6582,0
131.8699,196.6654,0
131.8799,196.6728,0
131.8899,196.68,0
131.8999,196.6873,0
131.9099,196.6946,0
131.9199,196.7178,0
131.9299,196.7409,0
131.9399,196.7641,0
131.9499,196.7873,0
131.9599,196.8106,0
131.9699,196.8338,0
131.9799,196.841,0
131.9899,196.8482,0
131.9999,196.8555,0
132.0099,196.8628,0
132.0199,196.8701,0
132.0299,196.8773,0
132.0399,196.8847,0
132.0499,196.8919,0
132.0599,196.8244,0
132.0699,196.9034,0
132.0799,196.8518,0
132.0899,196.9467,0
132.0999,196.8952,0
132.1099,196.9153,0
132.1199,196.9355,0
132.1299,196.9556,0
132.1399,196.9598,0
132.1499,196.9018,0
132.1599,196.9658,0
132.1699,196.9077,0
132.1799,196.9717,0
132.1899,196.9136,0
132.1999,196.9775,0
132.2099,196.9818,0
132.2199,196.9237,0
132.2299,196.9877,0
132.2399,196.9455,0
132.2499,197.0255,0
132.2599,196.9833,0
132.2699,197.0009,0
132.2799,197.0186,0
132.2899,197.036,0
132.2999,197.0377,0
132.3099,197.0394,0
132.3199,197.0411,0
132.3299,197.0428,0
132.3399,197.0445,0
132.3499,197.0461,0
132.3599,197.0478,0
132.3699,197.0495,0
132.3799,197.0511,0
132.3899,197.0528,0
132.3999,197.0704,0
132.4099,197.088,0
132.4199,197.1056,0
132.4299,197.1232,0
132.4399,197.1408,0
132.4499,197.1584,0
132.4599,197.1602,0
132.4699,197.1618,0
132.4799,197.1635,0
132.4899,197.1651,0
132.4999,197.1668,0
132.5099,197.1685,0
132.5199,197.1702,0
132.5299,197.1718,0
132.5399,197.1735,0
132.5499,197.1751,0
132.5599,197.1928,0
132.5699,197.2104,0
132.5799,197.228,0
132.5899,197.2456,0
132.5999,197.2632,0
132.6099,197.2808,0
132.6199,197.2825,0
132.6299,197.2841,0
132.6399,197.2858,0
132.6499,197.2875,0
132.6599,197.2891,0
132.6699,197.2908,0
132.6799,197.2925,0
132.6899,197.2942,0
132.6999,197.2958,0
132.7099,197.2975,0
132.7199,197.3151,0
132.7299,197.3327,0
132.7399,197.3504,0
132.7499,197.3679,0
132.7599,197.3855,0
132.7699,197.2661,0
132.7799,197.3992,0
132.7899,197.2639,0
132.7999,197.3347,0
132.8099,197.3338,0
132.8199,197.333,0
132.8299,197.332,0
132.8399,197.3312,0
132.8499,197.3303,0
132.8599,197.3294,0
132.8699,197.3286,0
132.8799,197.3436,0
132.8899,197.3586,0
132.8999,197.3737,0
132.9099,197.3888,0
132.9199,197.3291,0
132.9299,197.4158,0
132.9399,197.3562,0
132.9499,197.427,0
132.9599,197.3513,0
132.9699,197.4221,0
132.9799,197.3465,0
132.9899,197.4173,0
132.9999,197.3417,0
133.0099,197.4125,0
133.0199,197.3369,0
133.0299,197.4077,0
133.0399,197.3481,0
133.0499,197.4348,0
133.0599,197.3752,0
133.0699,197.4619,0
133.0799,197.4021,0
133.0899,197.4143,0
133.0999,197.4263,0
133.1099,197.4223,0
133.1199,197.4183,0
133.1299,197.4144,0
133.1399,197.4105,0
133.1499,197.4066,0
133.1599,197.3404,0
133.1699,197.4709,0
133.1799,197.3331,0
133.1899,197.4635,0
133.1999,197.4039,0
133.2099,197.3536,0
133.2199,197.4378,0
133.2299,197.3756,0
133.2399,197.4598,0
133.2499,197.3976,0
133.2599,197.407,0
133.2699,197.4006,0
133.2799,197.3941,0
133.2899,197.3876,0
133.2999,197.3811,0
133.3099,197.4493,0
133.3199,197.3712,0
133.3299,197.4395,0
133.3399,197.3613,0
133.3499,197.4296,0
133.3599,197.3673,0
133.3699,197.4515,0
133.3799,197.3894,0
133.3899,197.3987,0
133.3999,197.4082,0
133.4099,197.4177,0
133.4199,197.4272,0
133.4299,197.4207,0
133.4399,197.4142,0
133.4499,197.4077,0
133.4599,197.4013,0
133.4699,197.3948,0
133.4799,197.3884,0
133.4899,197.3818,0
133.4999,197.3879,0
133.5099,197.3694,0
133.5199,197.3913,0
133.5299,197.3888,0
133.5399,197.336,0
133.5499,197.4177,0
133.5599,197.3529,0
133.5699,197.4345,0
133.5799,197.3697,0
133.5899,197.4354,0
133.5999,197.3548,0
133.6099,197.4205,0
133.6199,197.3398,0
133.6299,197.4054,0
133.6399,197.3248,0
133.6499,197.3904,0
133.6599,197.3098,0
133.6699,197.3754,0
133.6799,197.3854,0
133.6899,197.3206,0
133.6999,197.4023,0
133.7099,197.3375,0
133.7199,197.4192,0
133.7299,197.3544,0
133.7399,197.436,0
133.7499,197.3553,0
133.7599,197.4211,0
133.7699,197.3403,0
133.7799,197.3438,0
133.7899,197.3976,0
133.7999,197.2545,0
133.8099,197.38,0
133.8199,197.3117,0
133.8299,197.3032,0
133.8399,197.2946,0
133.8499,197.3021,0
133.8599,197.3095,0
133.8699,197.3168,0
133.8799,197.3243,0
133.8899,197.3317,0
133.8999,197.3391,0
133.9099,197.3306,0
133.9199,197.3221,0
133.9299,197.3136,0
133.9399,197.3051,0
133.9499,197.2965,0
133.9599,197.288,0
133.9699,197.2794,0
133.9799,197.2709,0
133.9899,197.2624,0
133.9999,197.2539,0
134.0099,197.2612,0
134.0199,197.2687,0
134.0299,197.2761,0
134.0399,197.2835,0
134.0499,197.2909,0
134.0599,197.236,0
134.0699,197.3032,0
134.0799,197.2324,0
134.0899,197.2214,0
134.0999,197.2102,0
134.1099,197.1991,0
134.1199,197.1881,0
134.1299,197.177,0
134.1399,197.1659,0
134.1499,197.1549,0
134.1599,197.1438,0
134.1699,197.1486,0
134.1799,197.1536,0
134.1899,197.1584,0
134.1999,197.1633,0
134.2099,197.1681,0
134.2199,197.173,0
134.2299,197.1778,0
134.2399,197.1667,0
134.2499,197.1557,0
134.2599,197.1446,0
134.2699,197.1335,0
134.2799,197.0601,0
134.2899,197.1089,0
134.2999,197.0355,0
134.3099,197.0842,0
134.3199,197.0108,0
134.3299,197.0132,0
134.3399,197.0154,0
134.3499,197.0177,0
134.3599,197.0201,0
134.3699,197.0223,0
134.3799,197.0247,0
134.3899,197.0269,0
134.3999,197.0134,0
134.4099,196.9998,0
134.4199,196.9861,0
134.4299,196.9724,0
134.4399,196.9589,0
134.4499,196.9453,0
134.4599,196.9316,0
134.4699,196.918,0
134.4799,196.9044,0
134.4899,196.8908,0
134.4999,196.8931,0
134.5099,196.8331,0
134.5199,196.9698,0
134.5299,196.8382,0
134.5399,196.9127,0
134.5499,196.8408,0
134.5599,196.8993,0
134.5699,196.8115,0
134.5799,196.87,0
134.5899,196.8569,0
134.5999,196.8439,0
134.6099,196.8306,0
134.6199,196.8175,0
134.6299,196.8044,0
134.6399,196.7913,0
134.6499,196.7782,0
134.6599,196.7811,0
134.6699,196.7838,0
134.6799,196.7866,0
134.6899,196.7895,0
134.6999,196.7923,0
134.7099,196.7951,0
134.7199,196.7196,0
134.7299,196.7662,0
134.7399,196.6908,0
134.7499,196.6751,0
134.7599,196.6595,0
134.7699,196.6438,0
134.7799,196.6281,0
134.7899,196.6125,0
134.7999,196.5969,0
134.8099,196.5811,0
134.8199,196.5814,0
134.8299,196.5816,0
134.8399,196.582,0
134.8499,196.5822,0
134.8599,196.5824,0
134.8699,196.5827,0
134.8799,196.567,0
134.8899,196.4891,0
134.8999,196.5331,0
134.9099,196.4552,0
134.9199,196.4369,0
134.9299,196.4187,0
134.9399,196.4005,0
134.9499,196.3823,0
134.9599,196.4388,0
134.9699,196.349,0
134.9799,196.4053,0
134.9899,196.3314,0
134.9999,196.4039,0
135.0099,196.3298,0
135.0199,196.4023,0
135.0299,196.3283,0
135.0399,196.4008,0
135.0499,196.3109,0
135.0599,196.3674,0
135.0699,196.3522,0
135.0799,196.2747,0
135.0899,196.3193,0
135.0999,196.2419,0
135.1099,196.2241,0
135.1199,196.2064,0
135.1299,196.1887,0
135.1399,196.171,0
135.1499,196.1691,0
135.1599,196.1674,0
135.1699,196.1656,0
135.1799,196.1638,0
135.1899,196.162,0
135.1999,196.1603,0
135.2099,196.1425,0
135.2199,196.1248,0
135.2299,196.1071,0
135.2399,196.0893,0
135.2499,196.0093,0
135.2599,196.0513,0
135.2699,195.9714,0
135.2799,195.9511,0
135.2899,195.9308,0
135.2999,195.9105,0
135.3099,195.9061,0
135.3199,195.9018,0
135.3299,195.8975,0
135.3399,195.8931,0
135.3499,195.8888,0
135.3599,195.9593,0
135.3699,195.8673,0
135.3799,195.9217,0
135.3899,195.8297,0
135.3999,195.8843,0
135.4099,195.867,0
135.4199,195.7874,0
135.4299,195.83,0
135.4399,195.7505,0
135.4499,195.7308,0
135.4599,195.7109,0
135.4699,195.6911,0
135.4799,195.6873,0
135.4899,195.6834,0
135.4999,195.6797,0
135.5099,195.6758,0
135.5199,195.672,0
135.5299,195.6521,0
135.5399,195.6325,0
135.5499,195.6126,0
135.5599,195.5928,0
135.5699,195.5731,0
135.5799,195.4911,0
135.5899,195.531,0
135.5999,195.449,0
135.6099,195.4266,0
135.6199,195.4043,0
135.6299,195.3819,0
135.6399,195.4344,0
135.6499,195.3562,0
135.6599,195.4246,0
135.6699,195.3466,0
135.6799,195.4149,0
135.6899,195.3368,0
135.6999,195.3892,0
135.7099,195.37,0
135.7199,195.3507,0
135.7299,195.3314,0
135.7399,195.2499,0
135.7499,195.228,0
135.7599,195.2062,0
135.7699,195.1843,0
135.7799,195.1625,0
135.7899,195.1408,0
135.7999,195.1189,0
135.8099,195.1129,0
135.8199,195.1071,0
135.8299,195.1012,0
135.8399,195.0953,0
135.8499,195.0894,0
135.8599,195.0676,0
135.8699,195.0458,0
135.8799,194.9617,0
135.8899,194.9996,0
135.8999,194.9154,0
135.9099,194.8911,0
135.9199,194.9414,0
135.9299,194.8454,0
135.9399,194.8958,0
135.9499,194.8744,0
135.9599,194.8532,0
135.9699,194.8317,0
135.9799,194.8264,0
135.9899,194.821,0
135.9999,194.8155,0
136.0099,194.8102,0
136.0199,194.7889,0
136.0299,194.7053,0
136.0399,194.7436,0
136.0499,194.6601,0
136.0599,194.6362,0
136.0699,194.6123,0
136.0799,194.5884,0
136.0899,194.5645,0
136.0999,194.5407,0
136.1099,194.5168,0
136.1199,194.4929,0
136.1299,194.469,0
136.1399,194.4611,0
136.1499,194.4532,0
136.1599,194.3829,0
136.1699,194.5094,0
136.1799,194.3675,0
136.1899,194.4159,0
136.1999,194.3178,0
136.2099,194.366,0
136.2199,194.3427,0
136.2299,194.3192,0
136.2399,194.2959,0
136.2499,194.2725,0
136.2599,194.2492,0
136.2699,194.2258,0
136.2799,194.2024,0
136.2899,194.1791,0
136.2999,194.0934,0
136.3099,194.1456,0
136.3199,194.0759,0
136.3299,194.066,0
136.3399,194.056,0
136.3499,194.03,0
136.3599,194.004,0
136.3699,193.9781,0
136.3799,193.9522,0
136.3899,193.9263,0
136.3999,193.9004,0
136.4099,193.8745,0
136.4199,193.9232,0
136.4299,193.8256,0
136.4399,193.8121,0
136.4499,193.7867,0
136.4599,193.7613,0
136.4699,193.7359,0
136.4799,193.7264,0
136.4899,193.7169,0
136.4999,193.7074,0
136.5099,193.6979,0
136.5199,193.6724,0
136.5299,193.647,0
136.5399,193.6216,0
136.5499,193.5339,0
136.5599,193.5681,0
136.5699,193.4805,0
136.5799,193.4525,0
136.5899,193.4245,0
136.5999,193.3965,0
136.6099,193.4433,0
136.6199,193.3437,0
136.6299,193.3904,0
136.6399,193.3654,0
136.6499,193.3565,0
136.6599,193.3475,0
136.6699,193.3384,0
136.6799,193.2513,0
136.6899,193.286,0
136.6999,193.1988,0
136.7099,193.1714,0
136.7199,193.1439,0
136.7299,193.1163,0
136.7399,193.0889,0
136.7499,193.0615,0
136.7599,193.0339,0
136.7699,193.0065,0
136.7799,192.979,0
136.7899,192.9515,0
136.7999,192.924,0
136.8099,192.8965,0
136.8199,192.8974,0
136.8299,192.8864,0
136.8399,192.8753,0
136.8499,192.8484,0
136.8599,192.8214,0
136.8699,192.7944,0
136.8799,192.7674,0
136.8899,192.7404,0
136.8999,192.7134,0
136.9099,192.6865,0
136.9199,192.6595,0
136.9299,192.5702,0
136.9399,192.603,0
136.9499,192.5137,0
136.9599,192.4842,0
136.9699,192.4547,0
136.9799,192.4251,0
136.9899,192.4115,0
136.9999,192.3979,0
137.0099,192.4431,0
137.0199,192.3418,0
137.0299,192.3871,0
137.0399,192.3607,0
137.0499,192.2718,0
137.0599,192.305,0
137.0699,192.2164,0
137.0799,192.1873,0
137.0899,192.1583,0
137.0999,192.1292,0
137.1099,192.1003,0
137.1199,192.0712,0
137.1299,192.0421,0
137.1399,192.0131,0
137.1499,191.9841,0
137.1599,191.9709,0
137.1699,191.9578,0
137.1799,191.9288,0
137.1899,191.8997,0
137.1999,191.8832,0
137.2099,191.8546,0
137.2199,191.8262,0
137.2299,191.7975,0
137.2399,191.7691,0
137.2499,191.7405,0
137.2599,191.712,0
137.2699,191.6835,0
137.2799,191.655,0
137.2899,191.6264,0
137.2999,191.5979,0
137.3099,191.5693,0
137.3199,191.4785,0
137.3299,191.5257,0
137.3399,191.4349,0
137.3499,191.4037,0
137.3599,191.4473,0
137.3699,191.3445,0
137.3799,191.3883,0
137.3899,191.3602,0
137.3999,191.3322,0
137.4099,191.3041,0
137.4199,191.2138,0
137.4299,191.1832,0
137.4399,191.1526,0
137.4499,191.122,0
137.4599,191.0915,0
137.4699,191.0609,0
137.4799,191.0303,0
137.4899,190.9997,0
137.4999,190.985,0
137.5099,190.9545,0
137.5199,190.9239,0
137.5299,190.8932,0
137.5399,190.8752,0
137.5499,190.9073,0
137.5599,190.8175,0
137.5699,190.7875,0
137.5799,190.7574,0
137.5899,190.7272,0
137.5999,190.6972,0
137.6099,190.6671,0
137.6199,190.637,0
137.6299,190.6069,0
137.6399,190.5768,0
137.6499,190.5467,0
137.6599,190.5167,0
137.6699,190.4403,0
137.6799,190.4076,0
137.6899,190.4496,0
137.6999,190.3454,0
137.7099,190.3874,0
137.7199,190.3578,0
137.7299,190.3282,0
137.7399,190.2986,0
137.7499,190.2691,0
137.7599,190.1772,0
137.7699,190.2073,0
137.7799,190.1155,0
137.7899,190.0834,0
137.7999,190.0512,0
137.8099,190.0191,0
137.8199,189.9869,0
137.8299,189.9547,0
137.8399,189.9067,0
137.8499,189.9493,0
137.8599,189.8455,0
137.8699,189.8881,0
137.8799,189.7967,0
137.8899,189.8273,0
137.8999,189.736,0
137.9099,189.7044,0
137.9199,189.6726,0
137.9299,189.641,0
137.9399,189.6094,0
137.9499,189.5777,0
137.9599,189.5461,0
137.9699,189.5145,0
137.9799,189.4828,0
137.9899,189.4511,0
137.9999,189.3573,0
138.0099,189.3818,0
138.0199,189.3507,0
138.0299,189.3195,0
138.0399,189.2884,0
138.0499,189.2573,0
138.0599,189.2261,0
138.0699,189.195,0
138.0799,189.1639,0
138.0899,189.1328,0
138.0999,189.0392,0
138.1099,189.0055,0
138.1199,188.9718,0
138.1299,188.9382,0
138.1399,188.9045,0
138.1499,188.9456,0
138.1599,188.8401,0
138.1699,188.8812,0
138.1799,188.8347,0
138.1899,188.7258,0
138.1999,188.7549,0
138.2099,188.6619,0
138.2199,188.6288,0
138.2299,188.5956,0
138.2399,188.5624,0
138.2499,188.5292,0
138.2599,188.496,0
138.2699,188.4628,0
138.2799,188.4296,0
138.2899,188.3964,0
138.2999,188.4379,0
138.3099,188.333,0
138.3199,188.3746,0
138.3299,188.2821,0
138.3399,188.2494,0
138.3499,188.2008,0
138.3599,188.1522,0
138.3699,188.1195,0
138.3799,188.0869,0
138.3899,188.0541,0
138.3999,188.0214,0
138.4099,187.9886,0
138.4199,187.956,0
138.4299,187.9233,0
138.4399,187.903,0
138.4499,187.8709,0
138.4599,187.8386,0
138.4699,187.8065,0
138.4799,187.7742,0
138.4899,187.7421,0
138.4999,187.7099,0
138.5099,187.6777,0
138.5199,187.6295,0
138.5299,187.5192,0
138.5399,187.5307,0
138.5499,187.4362,0
138.5599,187.4015,0
138.5699,187.4414,0
138.5799,187.3351,0
138.5899,187.375,0
138.5999,187.3433,0
138.6099,187.3116,0
138.6199,187.2799,0
138.6299,187.2483,0
138.6399,187.1542,0
138.6499,187.1822,0
138.6599,187.0883,0
138.6699,187.054,0
138.6799,187.0198,0
138.6899,186.9696,0
138.6999,186.9194,0
138.7099,186.944,0
138.7199,186.838,0
138.7299,186.8786,0
138.7399,186.8474,0
138.7499,186.8162,0
138.7599,186.7849,0
138.7699,186.6915,0
138.7799,186.6577,0
138.7899,186.6239,0
138.7999,186.5902,0
138.8099,186.5564,0
138.8199,186.5227,0
138.8299,186.4889,0
138.8399,186.4551,0
138.8499,186.4214,0
138.8599,186.3842,0
138.8699,186.3973,0
138.8799,186.2883,0
138.8899,186.2392,0
138.8999,186.2059,0
138.9099,186.1727,0
138.9199,186.1395,0
138.9299,186.1062,0
138.9399,186.0729,0
138.9499,186.0397,0
138.9599,185.9442,0
138.9699,185.9706,0
138.9799,185.8751,0
138.9899,185.914,0
138.9999,185.8812,0
139.0099,185.8484,0
139.0199,185.8157,0
139.0299,185.767,0
139.0399,185.7183,0
139.0499,185.6696,0
139.0599,185.6209,0
139.0699,185.5723,0
139.0799,185.5395,0
139.0899,185.5068,0
139.0999,185.4118,0
139.1099,185.4512,0
139.1199,185.3441,0
139.1299,185.3837,0
139.1399,185.3513,0
139.1499,185.319,0
139.1599,185.2868,0
139.1699,185.2546,0
139.1799,185.2222,0
139.1899,185.1277,0
139.1999,185.0771,0
139.2099,185.0263,0
139.2199,184.9756,0
139.2299,184.9248,0
139.2399,184.9488,0
139.2499,184.8264,0
139.2599,184.8663,0
139.2699,184.8345,0
139.2799,184.8028,0
139.2899,184.7087,0
139.2999,184.6745,0
139.3099,184.6401,0
139.3199,184.6058,0
139.3299,184.5715,0
139.3399,184.5372,0
139.3499,184.5028,0
139.3599,184.4686,0
139.3699,184.4343,0
139.3799,184.4587,0
139.3899,184.3368,0
139.3999,184.2991,0
139.4099,184.2493,0
139.4199,184.1995,0
139.4299,184.1498,0
139.4399,184.1,0
139.4499,184.0503,0
139.4599,184.0006,0
139.4699,183.9508,0
139.4799,183.9011,0
139.4899,183.926,0
139.4999,183.8794,0
139.5099,183.8327,0
139.5199,183.786,0
139.5299,183.7089,0
139.5399,183.7538,0
139.5499,183.6607,0
139.5599,183.6274,0
139.5699,183.5941,0
139.5799,183.5607,0
139.5899,183.5274,0
139.5999,183.4941,0
139.6099,183.3986,0
139.6199,183.4374,0
139.6299,183.4046,0
139.6399,183.3718,0
139.6499,183.3389,0
139.6599,183.3062,0
139.6699,183.2733,0
139.6799,183.2406,0
139.6899,183.2077,0
139.6999,183.1126,0
139.7099,183.0772,0
139.7199,183.026,0
139.7299,182.9746,0
139.7399,182.9234,0
139.7499,182.9468,0
139.7599,182.8985,0
139.7699,182.8503,0
139.7799,182.802,0
139.7899,182.7538,0
139.7999,182.7055,0
139.8099,182.6573,0
139.8199,182.6091,0
139.8299,182.4985,0
139.8399,182.51,0
139.8499,182.3995,0
139.8599,182.4234,0
139.8699,182.3756,0
139.8799,182.3279,0
139.8899,182.312,0
139.8999,182.2801,0
139.9099,182.2483,0
139.9199,182.2166,0
139.9299,182.1847,0
139.9399,182.0906,0
139.9499,182.0563,0
139.9599,182.0219,0
139.9699,181.9875,0
139.9799,181.9532,0
139.9899,181.9187,0
139.9999,181.9592,0
140.0099,181.8531,0
140.0199,181.8311,0
140.0299,181.7973,0
140.0399,181.7635,0
140.0499,181.7295,0
140.0599,181.6956,0
140.0699,181.6458,0
140.0799,181.5961,0
140.0899,181.5462,0
140.0999,181.4965,0
140.1099,181.4467,0
140.1199,181.4716,0
140.1299,181.2879,0
140.1399,181.3102,0
140.1499,181.261,0
140.1599,181.2116,0
140.1699,181.1623,0
140.1799,181.113,0
140.1899,181.0636,0
140.1999,181.0144,0
140.2099,180.9651,0
140.2199,180.9158,0
140.2299,180.9413,0
140.2399,180.895,0
140.2499,180.8327,0
140.2599,180.8024,0
140.2699,180.7098,0
140.2799,180.6769,0
140.2899,180.644,0
140.2999,180.6112,0
140.3099,180.5783,0
140.3199,180.5454,0
140.3299,180.5125,0
140.3399,180.4797,0
140.3499,180.3845,0
140.3599,180.4238,0
140.3699,180.3915,0
140.3799,180.3591,0
140.3899,180.3267,0
140.3999,180.2943,0
140.4099,180.2619,0
140.4199,180.2137,0
140.4299,180.1653,0
140.4399,180.1171,0
140.4499,180.0065,0
140.4599,179.9555,0
140.4699,179.9794,0
140.4799,179.8569,0
140.4899,179.8808,0
140.4999,179.8329,0
140.5099,179.7851,0
140.5199,179.7373,0
140.5299,179.6895,0
140.5399,179.6417,0
140.5499,179.5939,0
140.5599,179.5461,0
140.5699,179.436,0
140.5799,179.4604,0
140.5899,179.413,0
140.5999,179.3498,0
140.6099,179.2866,0
140.6199,179.2233,0
140.6299,179.192,0
140.6399,179.1605,0
140.6499,179.1292,0
140.6599,179.0978,0
140.6699,179.0664,0
140.6799,178.9727,0
140.6899,179.0011,0
140.6999,178.9074,0
140.7099,178.9482,0
140.7199,178.9173,0
140.7299,178.8864,0
140.7399,178.8556,0
140.7499,178.8248,0
140.7599,178.7938,0
140.7699,178.7006,0
140.7799,178.6513,0
140.7899,178.602,0
140.7999,178.5526,0
140.8099,178.5031,0
140.8199,178.4538,0
140.8299,178.4792,0
140.8399,178.3581,0
140.8499,178.3835,0
140.8599,178.3371,0
140.8699,178.2286,0
140.8799,178.1798,0
140.8899,178.1308,0
140.8999,178.082,0
140.9099,178.0331,0
140.9199,177.9843,0
140.9299,177.9354,0
140.9399,177.9612,0
140.9499,177.9155,0
140.9599,177.8537,0
140.9699,177.7919,0
140.9799,177.7302,0
140.9899,177.6684,0
140.9999,177.6067,0
141.0099,177.5145,0
141.0199,177.482,0
141.0299,177.4497,0
141.0399,177.492,0
141.0499,177.3878,0
141.0599,177.4301,0
141.0699,177.4007,0
141.0799,177.3713,0
141.0899,177.3419,0
141.0999,177.2502,0
141.1099,177.2184,0
141.1199,177.1864,0
141.1299,177.1544,0
141.1399,177.1066,0
141.1499,177.0587,0
141.1599,177.0108,0
141.1699,176.963,0
141.1799,176.9276,0
141.1899,176.9425,0
141.1999,176.8353,0
141.2099,176.788,0
141.2199,176.7406,0
141.2299,177.7521,0
141.2399,177.474,0
141.2499,177.4588,0
141.2599,177.5805,0
141.2699,177.4962,0
141.2799,177.5457,0
141.2899,177.5357,0
141.2999,177.5255,0
141.3099,177.5777,0
141.3199,177.5542,0
141.3299,177.5929,0
141.3399,177.2605,0
141.3499,177.3639,0
141.3599,177.398,0
141.3699,177.3724,0
141.3799,177.3787,0
141.3899,177.385,0
141.3999,177.4536,0
141.4099,177.4465,0
141.4199,177.4553,0
141.4299,177.4642,0
141.4399,177.4731,0
141.4499,177.4695,0
141.4599,177.5525,0
141.4699,177.4892,0
141.4799,177.4975,0
141.4899,177.5058,0
141.4999,177.5765,0
141.5099,177.5874,0
141.5199,177.5982,0
141.5299,177.6092,0
141.5399,177.62,0
141.5499,177.6932,0
141.5599,177.7066,0
141.5699,177.7202,0
141.5799,177.7336,0
141.5899,177.7774,0
141.5999,177.7615,0
141.6099,177.7457,0
141.6199,177.7299,0
141.6299,177.7762,0
141.6399,177.7629,0
141.6499,177.7496,0
141.6599,177.7362,0
141.6699,177.7229,0
141.6799,177.7719,0
141.6899,177.7612,0
141.6999,177.7503,0
141.7099,177.7396,0
141.7199,177.7911,0
141.7299,177.7829,0
141.7399,177.8065,0
141.7499,177.8302,0
141.7599,177.8538,0
141.7699,177.9397,0
141.7799,177.9659,0
141.7899,177.9921,0
141.7999,177.9435,0
141.8099,178.0414,0
141.8199,177.9928,0
141.8299,178.0783,0
141.8399,178.104,0
141.8499,178.1297,0
141.8599,178.1553,0
141.8699,178.1811,0
141.8799,178.2067,0
141.8899,178.2325,0
141.8999,178.3204,0
141.9099,178.3486,0
141.9199,178.3769,0
141.9299,178.4051,0
141.9399,178.4015,0
141.9499,178.4601,0
141.9599,178.4591,0
141.9699,178.4579,0
141.9799,178.4569,0
141.9899,178.4558,0
141.9999,178.517,0
142.0099,178.4438,0
142.0199,178.517,0
142.0299,178.4436,0
142.0399,178.5169,0
142.0499,178.4435,0
142.0599,178.5791,0
142.0699,178.5083,0
142.0799,178.5094,0
142.0899,178.5421,0
142.0999,178.575,0
142.1099,178.6078,0
142.1199,178.6406,0
142.1299,178.6735,0
142.1399,178.7686,0
142.1499,178.8039,0
142.1599,178.8393,0
142.1699,178.8747,0
142.1799,178.9101,0
142.1899,178.9455,0
142.1999,178.9809,0
142.2099,178.9416,0
142.2199,178.7995,0
142.2299,178.8869,0
142.2399,178.9147,0
142.2499,178.9424,0
142.2599,178.9701,0
142.2699,178.9232,0
142.2799,179.0226,0
142.2899,178.9756,0
142.2999,178.9685,0
142.3099,178.9613,0
142.3199,179.0288,0
142.3299,178.95,0
142.3399,179.0175,0
142.3499,178.9386,0
142.3599,179.0063,0
142.3699,178.9274,0
142.3799,178.9949,0
142.3899,178.9161,0
142.3999,178.9836,0
142.4099,178.9048,0
142.4199,178.9725,0
142.4299,178.8936,0
142.4399,178.9929,0
142.4499,178.9459,0
142.4599,179.0454,0
142.4699,178.9984,0
142.4799,179.0231,0
142.4899,179.0478,0
142.4999,179.0724,0
142.5099,179.0972,0
142.5199,179.1219,0
142.5299,179.1466,0
142.5399,179.1713,0
142.5499,179.1959,0
142.5599,179.2206,0
142.5699,179.2453,0
142.5799,179.27,0
142.5899,179.2947,0
142.5999,179.3194,0
142.6099,179.3441,0
142.6199,179.3688,0
142.6299,179.3934,0
142.6399,179.4182,0
142.6499,179.4429,0
142.6599,179.4357,0
142.6699,179.4285,0
142.6799,179.4213,0
142.6899,179.4141,0
142.6999,179.407,0
142.7099,179.3998,0
142.7199,179.3927,0
142.7299,179.3855,0
142.7399,179.3784,0
142.7499,179.3712,0
142.7599,179.3641,0
142.7699,179.2945,0
142.7799,179.2849,0
142.7899,179.307,0
142.7999,179.3291,0
142.8099,179.3513,0
142.8199,179.3735,0
142.8299,179.3956,0
142.8399,179.4176,0
142.8499,179.4398,0
142.8599,179.4619,0
142.8699,179.4842,0
142.8799,179.4315,0
142.8899,179.5253,0
142.8999,179.4728,0
142.9099,179.4296,0
142.9199,179.5831,0
142.9299,179.4682,0
142.9399,179.4848,0
142.9499,179.5013,0
142.9599,179.518,0
142.9699,179.5344,0
142.9799,179.551,0
142.9899,179.5676,0
142.9999,179.5841,0
143.0099,179.5688,0
143.0199,179.5535,0
143.0299,179.5381,0
143.0399,179.5228,0
143.0499,179.5075,0
143.0599,179.4922,0
143.0699,179.4769,0
143.0799,179.4616,0
143.0899,179.521,0
143.0999,179.4341,0
143.1099,179.4935,0
143.1199,179.4065,0
143.1299,179.4036,0
143.1399,179.4829,0
143.1499,179.3654,0
143.1599,179.4541,0
143.1699,179.4712,0
143.1799,179.4135,0
143.1899,179.5023,0
143.1999,179.4447,0
143.2099,179.5333,0
143.2199,179.4133,0
143.2299,179.4996,0
143.2399,179.4393,0
143.2499,179.5255,0
143.2599,179.4653,0
143.2699,179.4767,0
143.2799,179.4882,0
143.2899,179.4996,0
143.2999,179.5111,0
143.3099,179.5226,0
143.3199,179.5339,0
143.3299,179.4832,0
143.3399,179.492,0
143.3499,179.5009,0
143.3599,179.5098,0
143.3699,179.4869,0
143.3799,179.4639,0
143.3899,179.4409,0
143.3999,179.4927,0
143.4099,179.398,0
143.4199,179.4499,0
143.4299,179.4299,0
143.4399,179.41,0
143.4499,179.3278,0
143.4599,179.3676,0
143.4699,179.2855,0
143.4799,179.2629,0
143.4899,179.2405,0
143.4999,179.2499,0
143.5099,179.2593,0
143.5199,179.2687,0
143.5299,179.2782,0
143.5399,179.2252,0
143.5499,179.2321,0
143.5599,179.2389,0
143.5699,179.2458,0
143.5799,179.2526,0
143.5899,179.2594,0
143.5999,179.204,0
143.6099,179.2083,0
143.6199,179.2127,0
143.6299,179.217,0
143.6399,179.2213,0
143.6499,179.2256,0
143.6599,179.1675,0
143.6699,179.1693,0
143.6799,179.1711,0
143.6899,179.1728,0
143.6999,179.1746,0
143.7099,179.1763,0
143.7199,179.1462,0
143.7299,179.1161,0
143.7399,179.086,0
143.7499,179.0559,0
143.7599,178.9635,0
143.7699,179.0055,0
143.7799,178.9012,0
143.7899,178.9433,0
143.7999,178.9137,0
143.8099,178.8841,0
143.8199,178.8544,0
143.8299,178.7625,0
143.8399,178.7304,0
143.8499,178.6983,0
143.8599,178.6979,0
143.8699,178.6976,0
143.8799,178.6351,0
143.8899,178.6322,0
143.8999,178.6293,0
143.9099,178.6265,0
143.9199,178.6237,0
143.9299,178.6208,0
143.9399,178.5556,0
143.9499,178.5503,0
143.9599,178.5449,0
143.9699,178.5395,0
143.9799,178.4718,0
143.9899,178.4639,0
143.9999,178.5306,0
144.0099,178.451,0
144.0199,178.4556,0
144.0299,178.4481,0
144.0399,178.4406,0
144.0499,178.4332,0
144.0599,178.4258,0
144.0699,178.4183,0
144.0799,178.379,0
144.0899,178.2773,0
144.0999,178.2355,0
144.1099,178.1936,0
144.1199,178.1518,0
144.1299,178.11,0
144.1399,178.0059,0
144.1499,177.9614,0
144.1599,177.9918,0
144.1699,177.8757,0
144.1799,177.906,0
144.1899,177.8646,0
144.1999,177.761,0
144.2099,177.7171,0
144.2199,177.705,0
144.2299,177.6306,0
144.2399,177.6161,0
144.2499,177.6015,0
144.2599,177.5869,0
144.2699,177.5723,0
144.2799,177.4954,0
144.2899,177.4783,0
144.2999,177.4612,0
144.3099,176.8959,0
144.3199,176.9932,0
144.3299,176.8846,0
144.3399,176.8599,0
144.3499,176.8234,0
144.3599,176.7246,0
144.3699,176.6855,0
144.3799,176.5841,0
144.3899,176.5425,0
144.3999,176.4386,0
144.4099,176.4691,0
144.4199,176.3034,0
144.4299,176.2572,0
144.4399,176.1791,0
144.4499,176.0387,0
144.4599,175.9581,0
144.4699,175.8898,0
144.4799,175.8096,0
144.4899,175.6673,0
144.4999,175.5845,0
144.5099,175.4396,0
144.5199,175.429,0
144.5299,175.2846,0
144.5399,175.1999,0
144.5499,175.0528,0
144.5599,174.9654,0
144.5699,174.8906,0
144.5799,174.8038,0
144.5899,174.6548,0
144.5999,174.5654,0
144.6099,174.4457,0
144.6199,174.4603,0
144.6299,174.4033,0
144.6399,174.2218,0
144.6499,174.1597,0
144.6599,174.0353,0
144.6699,173.9706,0
144.6799,173.9184,0
144.6899,173.8543,0
144.6999,173.728,0
144.7099,173.6613,0
144.7199,173.5323,0
144.7299,173.463,0
144.7399,173.4685,0
144.7499,173.2777,0
144.7599,173.2065,0
144.7699,173.0729,0
144.7799,172.9991,0
144.7899,172.8629,0
144.7999,172.8294,0
144.8099,172.6619,0
144.8199,172.5542,0
144.8299,172.3841,0
144.8399,172.3485,0
144.8499,172.179,0
144.8599,172.007,0
144.8699,171.8946,0
144.8799,171.7947,0
144.8899,171.6828,0
144.8999,171.5087,0
144.9099,171.3944,0
144.9199,171.2924,0
144.9299,171.1785,0
144.9399,171.0023,0
144.9499,170.8858,0
144.9599,170.7819,0
144.9699,170.6036,0
144.9799,170.4851,0
144.9899,170.379,0
144.9999,170.2611,0
145.0099,170.0807,0
145.0199,169.992,0
145.0299,169.9158,0
145.0399,169.8276,0
145.0499,169.6772,0
145.0599,169.5863,0
145.0699,169.4334,0
145.0799,169.3525,0
145.0899,169.1974,0
145.0999,169.1021,0
145.1099,168.9444,0
145.1199,168.9213,0
145.1299,168.7642,0
145.1399,168.6668,0
145.1499,168.5071,0
145.1599,168.4819,0
145.1699,168.3228,0
145.1799,168.1914,0
145.1899,167.9355,0
145.1999,167.8739,0
145.2099,167.6782,0
145.2199,167.5423,0
145.2299,167.3441,0
145.2399,167.2804,0
145.2499,167.0827,0
145.2599,166.9447,0
145.2699,166.8815,0
145.2799,166.6843,0
145.2899,166.5469,0
145.2999,166.2848,0
145.3099,166.217,0
145.3199,166.0153,0
145.3299,165.9479,0
145.3399,165.7466,0
145.3499,165.6051,0
145.3599,165.4012,0
145.3699,165.3318,0
145.3799,165.1285,0
145.3899,164.9848,0
145.3999,164.8537,0
145.4099,164.6483,0
145.4199,164.5026,0
145.4299,164.3694,0
145.4399,164.2242,0
145.4499,164.0168,0
145.4599,163.9438,0
145.4699,163.7688,0
145.4799,163.6534,0
145.4899,163.4757,0
145.4999,163.4326,0
145.5099,163.2554,0
145.5199,163.0758,0
145.5299,162.8935,0
145.5399,162.8458,0
145.5499,162.664,0
145.5599,162.5102,0
145.5699,162.3687,0
145.5799,162.153,0
145.5899,161.9972,0
145.5999,161.8537,0
145.6099,161.6982,0
145.6199,161.4806,0
145.6299,161.335,0
145.6399,161.1153,0
145.6499,160.9552,0
145.6599,160.8076,0
145.6699,160.6481,0
145.6799,160.4263,0
145.6899,160.339,0
145.6999,160.1177,0
145.7099,159.9561,0
145.7199,159.807,0
145.7299,159.6459,0
145.7399,159.3602,0
145.7499,159.2688,0
145.7599,159.0434,0
145.7699,158.9524,0
145.7799,158.7276,0
145.7899,158.5001,0
145.7999,158.4071,0
145.8099,158.1802,0
145.8199,158.0129,0
145.8299,157.8581,0
145.8399,157.6914,0
145.8499,157.4001,0
145.8599,157.3029,0
145.8699,157.0719,0
145.8799,156.9006,0
145.8899,156.7417,0
145.8999,156.5709,0
145.9099,156.3378,0
145.9199,156.2391,0
145.9299,156.0065,0
145.9399,155.9084,0
145.9499,155.6762,0
145.9599,155.3793,0
145.9699,155.2765,0
145.9799,155.0398,0
145.9899,154.9375,0
145.9999,154.7013,0
146.0099,154.5248,0
146.0199,154.3607,0
146.0299,154.1848,0
146.0399,153.9466,0
146.0499,153.8428,0
146.0599,153.605,0
146.0699,153.3023,0
146.0799,153.1939,0
146.0899,153.0138,0
146.0999,152.8462,0
146.1099,152.6043,0
146.1199,152.4222,0
146.1299,152.2524,0
146.1399,152.0708,0
146.1499,151.9016,0
146.1599,151.7204,0
146.1699,151.4771,0
146.1799,151.3058,0
146.1899,151.0603,0
146.1999,150.9493,0
146.2099,150.7043,0
146.2199,150.519,0
146.2299,150.3462,0
146.2399,150.1616,0
146.2499,149.9145,0
146.2599,149.7397,0
146.2699,149.5528,0
146.2799,149.3785,0
146.2899,149.1299,0
146.2999,148.8788,0
146.3099,148.7621,0
146.3199,148.5114,0
146.3299,148.3953,0
146.3399,148.1451,0
146.3499,147.9547,0
146.3599,147.7767,0
146.3699,147.5868,0
146.3799,147.3775,0
146.3899,147.094,0
146.3999,146.8826,0
146.4099,146.6592,0
146.4199,146.3737,0
146.4299,146.1602,0
146.4399,145.9348,0
146.4499,145.7219,0
146.4599,145.4971,0
146.4699,145.2846,0
146.4799,145.0603,0
146.4899,144.8484,0
146.4999,144.6244,0
146.5099,144.2759,0
146.5199,144.1217,0
146.5299,143.8654,0
146.5399,143.6812,0
146.5499,143.4852,0
146.5599,143.3014,0
146.5699,143.1058,0
146.5799,142.9226,0
146.5899,142.6652,0
146.5999,142.4675,0
146.6099,142.2823,0
146.6199,142.0228,0
146.6299,141.8356,0
146.6399,141.6363,0
146.6499,141.3748,0
146.6599,141.1855,0
146.6699,140.9843,0
146.6799,140.7954,0
146.6899,140.5946,0
146.6999,140.4063,0
146.7099,140.206,0
146.7199,139.9434,0
146.7299,139.6907,0
146.7399,139.4858,0
146.7499,139.2935,0
146.7599,139.089,0
146.7699,138.8971,0
146.7799,138.6932,0
146.7899,138.4271,0
146.7999,138.233,0
146.8099,138.0271,0
146.8199,137.8336,0
146.8299,137.5963,0
146.8399,137.3091,0
146.8499,137.0698,0
146.8599,136.8429,0
146.8699,136.6041,0
146.8799,136.3777,0
146.8899,136.077,0
146.8999,135.9108,0
146.9099,135.6107,0
146.9199,135.445,0
146.9299,135.1454,0
146.9399,134.9179,0
146.9499,134.6162,0
146.9599,134.449,0
146.9699,134.1478,0
146.9799,133.9188,0
146.9899,133.6778,0
146.9999,133.3745,0
147.0099,133.2058,0
147.0199,132.903,0
147.0299,132.6725,0
147.0399,132.4299,0
147.0499,132.1999,0
147.0599,131.8955,0
147.0699,131.6635,0
147.0799,131.4941,0
147.0899,131.1908,0
147.0999,130.9472,0
147.1099,130.7161,0
147.1199,130.4107,0
147.1299,130.2398,0
147.1399,129.935,0
147.1499,129.7646,0
147.1599,129.4602,0
147.1699,129.228,0
147.1799,128.9217,0
147.1899,128.7497,0
147.1999,128.4437,0
147.2099,128.21,0
147.2199,127.9962,0
147.2299,127.7949,0
147.2399,127.5815,0
147.2499,127.3806,0
147.2599,127.1055,0
147.2699,126.9649,0
147.2799,126.628,0
147.2899,126.4852,0
147.2999,126.2086,0
147.3099,125.8975,0
147.3199,125.7209,0
147.3299,125.4104,0
147.3399,125.2342,0
147.3499,124.9241,0
147.3599,124.6863,0
147.3699,124.5112,0
147.3799,124.2021,0
147.3899,123.9652,0
147.3999,123.6541,0
147.4099,123.415,0
147.4199,123.1642,0
147.4299,122.9257,0
147.4399,122.6753,0
147.4499,122.4374,0
147.4599,122.1251,0
147.4699,121.9474,0
147.4799,121.6358,0
147.4899,121.3962,0
147.4999,121.0825,0
147.5099,120.841,0
147.5199,120.5874,0
147.5299,120.3463,0
147.5399,120.0933,0
147.5499,119.8527,0
147.5599,119.538,0
147.5699,119.3576,0
147.5799,119.0434,0
147.5899,118.8635,0
147.5999,118.5497,0
147.6099,118.2458,0
147.6199,117.9897,0
147.6299,117.746,0
147.6399,117.4904,0
147.6499,117.2472,0
147.6599,116.9299,0
147.6699,116.7468,0
147.6799,116.43,0
147.6899,116.2475,0
147.6999,115.9311,0
147.7099,115.6868,0
147.7199,115.4432,0
147.7299,115.1252,0
147.7399,114.9417,0
147.7499,114.6242,0
147.7599,114.3789,0
147.7699,114.1217,0
147.7799,113.8769,0
147.7899,113.6201,0
147.7999,113.3759,0
147.8099,113.0573,0
147.8199,112.8733,0
147.8299,112.493,0
147.8399,112.2751,0
147.8499,111.9231,0
147.8599,111.6434,0
147.8699,111.4264,0
147.8799,111.0754,0
147.8899,110.8589,0
147.8999,110.5085,0
147.9099,110.2303,0
147.9199,110.0148,0
147.9299,109.6653,0
147.9399,109.3258,0
147.9499,109.034,0
147.9599,108.7546,0
147.9699,108.5382,0
147.9799,108.1876,0
147.9899,107.9094,0
147.9999,107.619,0
148.0099,107.3413,0
148.0199,107.0515,0
148.0299,106.7741,0
148.0399,106.5596,0
148.0499,106.1488,0
148.0599,105.87,0
148.0699,105.5791,0
148.0799,105.3008,0
148.0899,104.9482,0
148.0999,104.73,0
148.1099,104.4526,0
148.1199,104.1633,0
148.1299,103.8863,0
148.1399,103.5353,0
148.1499,103.3186,0
148.1599,102.9057,0
148.1699,102.687,0
148.1799,102.4091,0
148.1899,102.0568,0
148.1999,101.8392,0
148.2099,101.4875,0
148.2199,101.2703,0
148.2299,101.0257,0
148.2399,100.7068,0
148.2499,100.5225,0
148.2599,100.2042,0
148.2699,99.89583,0
148.2799,99.63507,0
148.2899,99.38693,0
148.2999,99.06447,0
148.3099,98.87653,0
148.3199,98.55467,0
148.3299,98.3049,0
148.3399,98.11787,0
148.3499,97.79697,0
148.3599,97.54829,0
148.3699,97.2876,0
148.3799,96.91467,0
148.3899,96.64937,0
148.3999,96.39656,0
148.4099,96.13173,0
148.4199,95.87938,0
148.4299,95.55278,0
148.4399,95.36072,0
148.4499,95.03462,0
148.4599,94.74883,0
148.4699,94.52592,0
148.4799,94.16891,0
148.4899,93.8219,0
148.4999,93.535,0
148.5099,93.23621,0
148.5199,92.94998,0
148.5299,92.58936,0
148.5399,92.36328,0
148.5499,92.00327,0
148.5599,91.7153,0
148.5699,91.4902,0
148.5799,91.13123,0
148.5899,90.8443,0
148.5999,90.49568,0
148.6099,90.19472,0
148.6199,89.90627,0
148.6299,89.54367,0
148.6399,89.31546,0
148.6499,89.02806,0
148.6599,88.66638,0
148.6699,88.43916,0
148.6799,88.07799,0
148.6899,87.78894,0
148.6999,87.5627,0
148.7099,87.078,0
148.7199,86.84714,0
148.7299,86.55719,0
148.7399,86.19279,0
148.7499,85.96304,0
148.7599,85.59926,0
148.7699,85.30762,0
148.7799,85.01654,0
148.7899,84.71355,0
148.7999,84.42285,0
148.8099,84.05801,0
148.8199,83.70305,0
148.8299,83.40843,0
148.8399,83.10175,0
148.8499,82.80756,0
148.8599,82.51387,0
148.8699,82.14586,0
148.8799,81.91234,0
148.8899,81.545,0
148.8999,81.24974,0
148.9099,81.01723,0
148.9199,80.65074,0
148.9299,80.23195,0
148.9399,79.99535,0
148.9499,79.62471,0
148.9599,79.32643,0
148.9699,79.09082,0
148.9799,78.72128,0
148.9899,78.42386,0
148.9999,78.0522,0
149.0099,77.81508,0
149.0199,77.51871,0
149.0299,77.14815,0
149.0399,76.72508,0
149.0499,76.48434,0
149.0599,76.1096,0
149.0699,75.80713,0
149.0799,75.50508,0
149.0899,75.19109,0
149.0999,74.88953,0
149.1099,74.58847,0
149.1199,74.21326,0
149.1299,73.91019,0
149.1399,73.66982,0
149.1499,73.10864,0
149.1599,72.86124,0
149.1699,72.55452,0
149.1799,72.17366,0
149.1899,71.86487,0
149.1999,71.55664,0
149.2099,71.23645,0
149.2199,70.89677,0
149.2299,70.55775,0
149.2399,70.1443,0
149.2499,69.80318,0
149.2599,69.33792,0
149.2699,68.99266,0
149.2799,68.57314,0
149.2899,68.22588,0
149.2999,67.94136,0
149.3099,67.59752,0
149.3199,67.17957,0
149.3299,66.83374,0
149.3399,66.48837,0
149.3499,66.06886,0
149.3599,65.72144,0
149.3699,65.25,0
149.3799,64.89854,0
149.3899,64.54749,0
149.3999,64.1223,0
149.4099,63.76935,0
149.4199,63.41681,0
149.4299,63.12697,0
149.4399,62.70326,0
149.4499,62.35175,0
149.4599,62.00069,0
149.4699,61.57542,0
149.4799,61.03552,0
149.4899,60.67528,0
149.4999,60.37782,0
149.5099,59.9588,0
149.5199,59.66229,0
149.5299,59.2319,0
149.5399,58.87363,0
149.5499,58.51595,0
149.5599,58.08394,0
149.5699,57.72408,0
149.5799,57.36482,0
149.5899,56.81914,0
149.5999,56.45323,0
149.6099,56.08771,0
149.6199,55.64804,0
149.6299,55.28052,0
149.6399,54.91353,0
149.6499,54.547,0
149.6599,54.10623,0
149.6699,53.73767,0
149.6799,53.36961,0
149.6899,53.00211,0
149.6999,52.38582,0
149.7099,52.07132,0
149.7199,51.62288,0
149.7299,51.24661,0
149.7399,50.80861,0
149.7499,50.43069,0
149.7599,50.05339,0
149.7699,49.60188,0
149.7799,49.22244,0
149.7899,48.8436,0
149.7999,48.46523,0
149.8099,47.96275,0
149.8199,47.64253,0
149.8299,47.1261,0
149.8399,46.74162,0
149.8499,46.35751,0
149.8599,45.97403,0
149.8699,45.59096,0
149.8799,45.13362,0
149.8899,44.74861,0
149.8999,44.36403,0
149.9099,43.97984,0
149.9199,43.40945,0
149.9299,43.08099,0
149.9399,42.55623,0
149.9499,42.2382,0
149.9599,41.7742,0
149.9699,41.38237,0
149.9799,40.99106,0
149.9899,40.6003,0
149.9999,40.13525,0
150.0099,39.74242,0
150.0199,39.35001,0
150.0299,38.77126,0
150.0399,38.4346,0
150.0499,37.97635,0
150.0599,37.57835,0
150.0699,37.18077,0
150.0799,36.70906,0
150.0899,36.30942,0
150.0999,35.9104,0
150.1099,35.5118,0
150.1199,35.05145,0
150.1299,34.65129,0
150.1399,34.05238,0
150.1499,33.71985,0
150.1599,33.24142,0
150.1699,32.83511,0
150.1799,32.42935,0
150.1899,31.96181,0
150.1999,31.55449,0
150.2099,31.14761,0
150.2199,30.63464,0
150.2299,30.19392,0
150.2399,29.75363,0
150.2499,28.87791,0
150.2599,28.55783,0
150.2699,28.04454,0
150.2799,27.59146,0
150.2899,27.13896,0
150.2999,26.61214,0
150.3099,26.16992,0
150.3199,25.64168,0
150.3299,25.1855,0
150.3399,24.72975,0
150.3499,24.27463,0
150.3599,23.38394,0
150.3699,23.04895,0
150.3799,22.52078,0
150.3899,22.0528,0
150.3999,21.5231,0
150.4099,21.05354,0
150.4199,20.58455,0
150.4299,20.05371,0
150.4399,19.58313,0
150.4499,19.0507,0
150.4599,18.57861,0
150.4699,17.79553,0
150.4799,17.31172,0
150.4899,16.82828,0
150.4999,16.28316,0
150.5099,15.79819,0
150.5199,15.2514,0
150.5299,14.765,0
150.5399,14.21664,0
150.5499,13.72864,0
150.5599,13.24109,0
150.5699,12.69182,0
150.5799,11.96602,0
150.5899,11.46767,0
150.5999,10.90761,0
150.6099,10.40776,0
150.6199,9.846146,0
150.6299,9.344696,0
150.6399,8.781555,0
150.6499,8.27861,0
150.6599,7.71376,0
150.6699,7.284073,0
150.6799,6.645996,0
150.6899,6.090164,0
150.6999,5.520203,0
150.7099,5.010574,0
150.7199,4.439178,0
150.7299,3.927856,0
150.7399,3.354935,0
150.7499,2.842163,0
150.7599,2.267578,0
150.7699,1.753281,0
150.7799,1.17717,0
150.7899,0.7359772,0
150.7999,-0.02555847,0
150.8099,-0.5475311,0
150.8199,-1.069016,0
150.8299,-1.652359,0
150.8399,-2.175491,0
150.8499,-2.760315,0
150.8599,-3.210297,0
150.8699,-3.868347,0
150.8799,-4.319901,0
150.8899,-4.904816,0
150.8999,-5.429489,0
150.9099,-6.140503,0
150.9199,-6.671951,0
150.9299,-7.265015,0
150.9399,-7.817368,0
150.9499,-8.381088,0
150.9599,-9.006683,0
150.9699,-9.572021,0
150.9799,-10.19907,0
150.9899,-10.76601,0
150.9999,-11.31996,0
151.0099,-11.8853,0
151.0199,-12.57475,0
151.0299,-13.14421,0
151.0399,-13.7755,0
151.0499,-14.27188,0
151.0599,-14.90158,0
151.0699,-15.47115,0
151.0799,-16.10246,0
151.0899,-16.67354,0
151.0999,-17.30644,0
151.1099,-17.80438,0
151.1199,-18.37343,0
151.1299,-19.129,0
151.1399,-19.70468,0
151.1499,-20.20522,0
151.1599,-20.83925,0
151.1699,-21.41302,0
151.1799,-22.04852,0
151.1899,-22.62387,0
151.1999,-23.26099,0
151.2099,-23.76309,0
151.2199,-24.33646,0
151.2299,-24.97162,0
151.2399,-25.67102,0
151.2499,-26.17574,0
151.2599,-26.81395,0
151.2699,-27.39197,0
151.2799,-27.96947,0
151.2899,-28.60878,0
151.2999,-29.18774,0
151.3099,-29.75388,0
151.3199,-30.33147,0
151.3299,-30.97083,0
151.3399,-31.54988,0
151.3499,-32.25304,0
151.3599,-32.76151,0
151.3699,-33.34122,0
151.3799,-33.98257,0
151.3899,-34.56378,0
151.3999,-35.23869,0
151.4099,-35.77866,0
151.4199,-36.38965,0
151.4299,-37.0625,0
151.4399,-37.6752,0
151.4499,-38.21257,0
151.4599,-38.94572,0
151.4699,-39.55899,0
151.4799,-40.23393,0
151.4899,-40.77396,0
151.4999,-41.38515,0
151.5099,-42.05817,0
151.5199,-42.67085,0
151.5299,-43.20842,0
151.5399,-43.87939,0
151.5499,-44.49014,0
151.5599,-45.10043,0
151.5699,-45.76003,0
151.5799,-46.37135,0
151.5899,-46.98219,0
151.5999,-47.65483,0
151.6099,-48.19249,0
151.6199,-48.80124,0
151.6299,-49.47189,0
151.6399,-50.08229,0
151.6499,-50.61745,0
151.6599,-51.22372,0
151.6699,-51.89189,0
151.6799,-52.56204,0
151.6899,-53.09737,0
151.6999,-53.70367,0
151.7099,-54.37189,0
151.7199,-54.97984,0
151.7299,-55.64966,0
151.7399,-56.18436,0
151.7499,-56.79034,0
151.7599,-57.39575,0
151.7699,-58.09492,0
151.7799,-58.65901,0
151.7899,-59.35666,0
151.7999,-59.99414,0
151.8099,-60.55626,0
151.8199,-61.25185,0
151.8299,-61.88725,0
151.8399,-62.52213,0
151.8499,-63.08183,0
151.8599,-63.71271,0
151.8699,-64.40535,0
151.8799,-65.03769,0
151.8899,-65.59492,0
151.8999,-66.28552,0
151.9099,-66.91602,0
151.9199,-67.54593,0
151.9299,-68.16286,0
151.9399,-68.79131,0
151.9499,-69.4192,0
151.9599,-70.04665,0
151.9699,-70.66109,0
151.9799,-71.22484,0
151.9899,-71.91,0
151.9999,-72.53488,0
152.0099,-73.14691,0
152.0199,-73.7704,0
152.0299,-74.39334,0
152.0399,-75.01576,0
152.0499,-75.62527,0
152.0599,-76.24622,0
152.0699,-76.86671,0
152.0799,-77.48665,0
152.0899,-78.0314,0
152.0999,-78.67911,0
152.1099,-79.38875,0
152.1199,-80.03801,0
152.1299,-80.61223,0
152.1399,-81.31972,0
152.1499,-81.96709,0
152.1599,-82.53917,0
152.1699,-83.18245,0
152.1799,-83.82529,0
152.1899,-84.46756,0
152.1999,-85.03468,0
152.2099,-85.67293,0
152.2199,-86.31073,0
152.2299,-87.0103,0
152.2399,-87.57486,0
152.2499,-88.17882,0
152.2599,-88.78212,0
152.2699,-89.38504,0
152.2799,-89.91283,0
152.2899,-90.57396,0
152.2999,-91.17485,0
152.3099,-91.7753,0
152.3199,-92.37527,0
152.3299,-92.89987,0
152.3399,-93.55811,0
152.3499,-94.09378,0
152.3599,-94.75098,0
152.3699,-95.34785,0
152.3799,-95.86955,0
152.3899,-96.46246,0
152.3999,-97.08679,0
152.4099,-97.71049,0
152.4199,-98.33374,0
152.4299,-98.88188,0
152.4399,-99.50107,0
152.4499,-100.1198,0
152.4599,-100.738,0
152.4699,-101.3557,0
152.4799,-101.8982,0
152.4899,-102.5119,0
152.4999,-103.1251,0
152.5099,-103.7379,0
152.5199,-104.3501,0
152.5299,-104.887,0
152.5399,-105.4952,0
152.5499,-106.1028,0
152.5599,-106.7722,0
152.5699,-107.3814,0
152.5799,-107.9154,0
152.5899,-108.5206,0
152.5999,-109.1252,0
152.6099,-109.7294,0
152.6199,-110.3331,0
152.6299,-110.8616,0
152.6399,-111.4612,0
152.6499,-111.998,0
152.6599,-112.6564,0
152.6699,-113.2545,0
152.6799,-113.8093,0
152.6899,-114.4352,0
152.6999,-115.0607,0
152.7099,-115.6857,0
152.7199,-116.3101,0
152.7299,-116.8594,0
152.7399,-117.4175,0
152.7499,-118.0349,0
152.7599,-118.6517,0
152.7699,-119.2681,0
152.7799,-119.8716,0
152.7899,-120.4242,0
152.7999,-121.036,0
152.8099,-121.6474,0
152.8199,-122.2582,0
152.8299,-122.7939,0
152.8399,-123.4006,0
152.8499,-124.0069,0
152.8599,-124.5809,0
152.8699,-125.092,0
152.8799,-125.6624,0
152.8899,-126.2947,0
152.8999,-126.7919,0
152.9099,-127.3602,0
152.9199,-127.8659,0
152.9299,-128.4307,0
152.9399,-129.027,0
152.9499,-129.6227,0
152.9599,-130.2179,0
152.9699,-130.7379,0
152.9799,-131.2668,0
152.9899,-131.855,0
152.9999,-132.4426,0
153.0099,-132.9674,0
153.0199,-133.5516,0
153.0299,-134.1352,0
153.0399,-134.7182,0
153.0499,-135.2261,0
153.0599,-135.7429,0
153.0699,-136.319,0
153.0799,-136.8945,0
153.0899,-137.4695,0
153.0999,-138.044,0
153.1099,-138.6181,0
153.1199,-139.1916,0
153.1299,-139.6276,0
153.1399,-140.2692,0
153.1499,-140.7639,0
153.1599,-141.3299,0
153.1699,-141.8954,0
153.1799,-142.398,0
153.1899,-142.9599,0
153.1999,-143.5532,0
153.2099,-144.1459,0
153.2199,-144.6634,0
153.2299,-145.2521,0
153.2399,-145.7781,0
153.2499,-146.3633,0
153.2599,-146.9479,0
153.2699,-147.4699,0
153.2799,-148.051,0
153.2899,-148.6317,0
153.2999,-149.137,0
153.3099,-149.6513,0
153.3199,-150.193,0
153.3299,-150.6719,0
153.3399,-151.2101,0
153.3499,-151.6854,0
153.3599,-152.22,0
153.3699,-152.7542,0
153.3799,-153.2255,0
153.3899,-153.756,0
153.3999,-154.2861,0
153.4099,-154.7533,0
153.4199,-155.2798,0
153.4299,-155.8058,0
153.4399,-156.3632,0
153.4499,-156.8578,0
153.4599,-157.4117,0
153.4699,-157.965,0
153.4799,-158.4555,0
153.4899,-159.0053,0
153.4999,-159.4924,0
153.5099,-160.0386,0
153.5199,-160.5843,0
153.5299,-160.9925,0
153.5399,-161.6064,0
153.5499,-162.0734,0
153.5599,-162.5493,0
153.5699,-163.0844,0
153.5799,-163.619,0
153.5899,-164.0909,0
153.5999,-164.6219,0
153.6099,-165.1525,0
153.6199,-165.6203,0
153.6299,-166.1473,0
153.6399,-166.6116,0
153.6499,-167.135,0
153.6599,-167.658,0
153.6699,-168.1806,0
153.6799,-168.6721,0
153.6899,-169.2229,0
153.6999,-169.7109,0
153.7099,-170.2582,0
153.7199,-170.7731,0
153.7299,-171.2252,0
153.7399,-171.7365,0
153.7499,-172.1851,0
153.7599,-172.693,0
153.7699,-172.8266,0
153.7799,-173.3928,0
153.7899,-173.8868,0
153.7999,-174.3181,0
153.8099,-174.8087,0
153.8199,-175.2365,0
153.8299,-175.7234,0
153.8399,-176.1476,0
153.8499,-176.5687,0
153.8599,-177.0491,0
153.8699,-177.4668,0
153.8799,-178.0184,0
153.8899,-178.3607,0
153.8999,-178.9088,0
153.9099,-179.3542,0
153.9199,-179.7966,0
153.9299,-180.2982,0
153.9399,-180.7371,0
153.9499,-181.1729,0
153.9599,-181.6678,0
153.9699,-182.1001,0
153.9799,-182.5293,0
153.9899,-183.0177,0
153.9999,-183.4434,0
154.0099,-184.003,0
154.0199,-184.3534,0
154.0299,-184.9095,0
154.0399,-185.3311,0
154.0499,-185.7497,0
154.0599,-186.2275,0
154.0699,-186.6426,0
154.0799,-187.0227,0
154.0899,-187.462,0
154.0999,-187.8386,0
154.1099,-188.3491,0
154.1199,-188.7251,0
154.1299,-189.0983,0
154.1399,-189.5623,0
154.1499,-189.9636,0
154.1599,-190.3619,0
154.1699,-190.8943,0
154.1799,-191.292,0
154.1899,-191.6867,0
154.1999,-192.1407,0
154.2099,-192.532,0
154.2199,-192.9825,0
154.2299,-193.37,0
154.2399,-193.8294,0
154.2499,-194.2764,0
154.2599,-194.6604,0
154.2699,-195.0416,0
154.2799,-195.4818,0
154.2899,-195.8593,0
154.2999,-196.3086,0
154.3099,-196.7453,0
154.3199,-196.8079,0
154.3299,-197.303,0
154.3399,-197.6638,0
154.3499,-198.0838,0
154.3599,-198.4729,0
154.3699,-198.8589,0
154.3799,-199.3165,0
154.3899,-199.6995,0
154.3999,-200.1418,0
154.4099,-200.4892,0
154.4199,-200.8338,0
154.4299,-201.25,0
154.4399,-201.5915,0
154.4499,-201.9922,0
154.4599,-202.3301,0
154.4699,-202.7397,0
154.4799,-203.0745,0
154.4899,-203.4064,0
154.4999,-203.7351,0
154.5099,-204.1356,0
154.5199,-204.5237,0
154.5299,-204.8488,0
154.5399,-205.2458,0
154.5499,-205.5679,0
154.5599,-205.8871,0
154.5699,-206.2655,0
154.5799,-206.6877,0
154.5899,-207.0352,0
154.5999,-207.3796,0
154.6099,-207.7209,0
154.6199,-208.1339,0
154.6299,-208.5346,0
154.6399,-208.8101,0
154.6499,-209.2793,0
154.6599,-209.6141,0
154.6699,-209.9459,0
154.6799,-210.2746,0
154.6899,-210.6749,0
154.6999,-211.0629,0
154.7099,-211.3879,0
154.7199,-211.6781,0
154.7299,-212.0401,0
154.7399,-212.3272,0
154.7499,-212.6115,0
154.7599,-213.0295,0
154.7699,-213.3131,0
154.7799,-213.6684,0
154.7899,-213.9491,0
154.7999,-214.2267,0
154.8099,-214.6077,0
154.8199,-214.9763,0
154.8299,-215.2823,0
154.8399,-215.6597,0
154.8499,-215.9626,0
154.8599,-216.2624,0
154.8699,-216.6338,0
154.8799,-216.9927,0
154.8899,-217.289,0
154.8999,-217.6569,0
154.9099,-217.9501,0
154.9199,-218.2402,0
154.9299,-218.602,0
154.9399,-218.8891,0
154.9499,-219.1731,0
154.9599,-219.5911,0
154.9699,-219.8747,0
154.9799,-219.0964,0
154.9899,-219.6792,0
154.9999,-219.9245,0
155.0099,-220.0726,0
155.0199,-220.3522,0
155.0299,-220.5888,0
155.0399,-220.8349,0
155.0499,-221.0659,0
155.0599,-221.3687,0
155.0699,-221.5345,0
155.0799,-221.8316,0
155.0899,-222.3655,0
155.0999,-222.5353,0
155.1099,-222.8365,0
155.1199,-223.0631,0
155.1299,-223.3613,0
155.1399,-223.5847,0
155.1499,-223.8176,0
155.1599,-224.0356,0
155.1699,-224.3251,0
155.1799,-224.5399,0
155.1899,-224.8264,0
155.1999,-225.0382,0
155.2099,-225.2594,0
155.2199,-225.5404,0
155.2299,-225.7465,0
155.2399,-226.0245,0
155.2499,-226.2276,0
155.2599,-226.5343,0
155.2699,-226.7039,0
155.2799,-227.005,0
155.2899,-227.2314,0
155.2999,-227.4976,0
155.3099,-227.689,0
155.3199,-227.9523,0
155.3299,-228.1407,0
155.3399,-228.3384,0
155.3499,-228.5213,0
155.3599,-228.7758,0
155.3699,-228.9556,0
155.3799,-229.207,0
155.3899,-229.4585,0
155.3999,-229.6352,0
155.4099,-229.8213,0
155.4199,-229.9924,0
155.4299,-230.2352,0
155.4399,-230.4781,0
155.4499,-230.6462,0
155.4599,-230.8859,0
155.4699,-231.051,0
155.4799,-231.2254,0
155.4899,-231.4914,0
155.4999,-231.6827,0
155.5099,-231.9457,0
155.5199,-232.134,0
155.5299,-232.3939,0
155.5399,-232.5791,0
155.5499,-232.836,0
155.5599,-232.9559,0
155.5699,-233.2072,0
155.5799,-233.4267,0
155.5899,-233.5713,0
155.5999,-233.7878,0
155.6099,-233.9294,0
155.6199,-234.1427,0
155.6299,-234.2938,0
155.6399,-234.4921,0
155.6499,-234.6401,0
155.6599,-234.8479,0
155.6699,-234.981,0
155.6799,-235.1857,0
155.6899,-235.3904,0
155.6999,-235.5203,0
155.7099,-235.6915,0
155.7199,-235.9225,0
155.7299,-236.0787,0
155.7399,-236.3066,0
155.7499,-236.4599,0
155.7599,-236.6847,0
155.7699,-236.9096,0
155.7799,-237.0597,0
155.7899,-237.2193,0
155.7999,-237.3639,0
155.8099,-237.58,0
155.8199,-237.7963,0
155.8299,-237.9378,0
155.8399,-238.1509,0
155.8499,-238.3323,0
155.8599,-238.4389,0
155.8699,-238.6171,0
155.8799,-238.7955,0
155.8899,-238.8367,0
155.8999,-239.0093,0
155.9099,-239.1821,0
155.9199,-239.3548,0
155.9299,-239.4527,0
155.9399,-239.6223,0
155.9499,-239.8238,0
155.9599,-239.9507,0
155.9699,-240.149,0
155.9799,-240.2852,0
155.9899,-240.4686,0
155.9999,-240.6018,0
156.0099,-240.7946,0
156.0199,-240.9128,0
156.0299,-241.1025,0
156.0399,-241.2924,0
156.0499,-241.4074,0
156.0599,-241.5942,0
156.0699,-241.7809,0
156.0799,-241.893,0
156.0899,-242.0144,0
156.0999,-242.1956,0
156.1099,-242.2702,0
156.1199,-242.4165,0
156.1299,-242.5627,0
156.1399,-242.7089,0
156.1499,-242.7804,0
156.1599,-242.9236,0
156.1699,-243.0669,0
156.1799,-243.2419,0
156.1899,-243.3423,0
156.1999,-243.452,0
156.2099,-243.6215,0
156.2199,-243.791,0
156.2299,-243.8857,0
156.2399,-244.0522,0
156.2499,-244.2186,0
156.2599,-244.3103,0
156.2699,-244.4737,0
156.2799,-244.6371,0
156.2899,-244.7382,0
156.2999,-244.8866,0
156.3099,-244.9846,0
156.3199,-245.2047,0
156.3299,-245.228,0
156.3399,-245.3828,0
156.3499,-245.5374,0
156.3599,-245.6922,0
156.3699,-245.7404,0
156.3799,-245.8602,0
156.3899,-245.98,0
156.3999,-246.0999,0
156.4099,-246.2516,0
156.4199,-246.3285,0
156.4299,-246.4149,0
156.4399,-246.5609,0
156.4499,-246.7071,0
156.4599,-246.7785,0
156.4699,-246.9215,0
156.4799,-247.0645,0
156.4899,-247.2076,0
156.4999,-247.2759,0
156.5099,-247.4159,0
156.5199,-247.556,0
156.5299,-247.696,0
156.5399,-247.7612,0
156.5499,-247.8982,0
156.5599,-247.9728,0
156.5699,-248.1696,0
156.5799,-248.1695,0
156.5899,-248.3009,0
156.5999,-248.4322,0
156.6099,-248.5636,0
156.6199,-248.6949,0
156.6299,-248.7197,0
156.6399,-248.8481,0
156.6499,-248.9764,0
156.6599,-249.1047,0
156.6699,-249.233,0
156.6799,-249.2866,0
156.6899,-249.3495,0
156.6999,-249.4723,0
156.7099,-249.5951,0
156.7199,-249.7178,0
156.7299,-249.7657,0
156.7399,-249.8855,0
156.7499,-250.005,0
156.7599,-250.1248,0
156.7699,-250.2444,0
156.7799,-250.2894,0
156.7899,-250.406,0
156.7999,-250.5226,0
156.8099,-250.6393,0
156.8199,-250.756,0
156.8299,-250.7978,0
156.8399,-250.9114,0
156.8499,-251.025,0
156.8599,-251.1385,0
156.8699,-251.2521,0
156.8799,-251.2606,0
156.8899,-251.4308,0
156.8999,-251.479,0
156.9099,-251.5871,0
156.9199,-251.695,0
156.9299,-251.7283,0
156.9399,-251.8333,0
156.9499,-251.9382,0
156.9599,-250.9842,0
156.9699,-251.3199,0
156.9799,-251.2557,0
156.9899,-251.3229,0
156.9999,-251.3278,0
157.0099,-251.3924,0
157.0199,-251.3948,0
157.0299,-251.4569,0
157.0399,-251.4567,0
157.0499,-251.5163,0
157.0599,-251.5136,0
157.0699,-251.1346,0
157.0799,-251.2485,0
157.0899,-251.1536,0
157.0999,-251.1903,0
157.1099,-251.1647,0
157.1199,-251.1682,0
157.1299,-251.2316,0
157.1399,-251.2009,0
157.1499,-251.1676,0
157.1599,-251.1317,0
157.1699,-251.1681,0
157.1799,-251.4291,0
157.1899,-251.4008,0
157.1999,-251.4325,0
157.2099,-251.4017,0
157.2199,-251.3683,0
157.2299,-251.3947,0
157.2399,-251.3589,0
157.2499,-251.3827,0
157.2599,-251.3444,0
157.2699,-251.3657,0
157.2799,-251.3247,0
157.2899,-251.3435,0
157.2999,-251.3,0
157.3099,-251.3162,0
157.3199,-251.2701,0
157.3299,-251.2839,0
157.3399,-251.2352,0
157.3499,-251.2463,0
157.3599,-251.1952,0
157.3699,-251.2356,0
157.3799,-251.2138,0
157.3899,-251.2198,0
157.3999,-251.1636,0
157.4099,-251.167,0
157.4199,-251.1083,0
157.4299,-251.1839,0
157.4399,-251.0509,0
157.4499,-251.124,0
157.4599,-251.0631,0
157.4699,-251.062,0
157.4799,-250.9986,0
157.4899,-250.995,0
157.4999,-250.9291,0
157.5099,-250.9228,0
157.5199,-250.9166,0
157.5299,-250.8482,0
157.5399,-250.8394,0
157.5499,-250.7683,0
157.5599,-250.757,0
157.5699,-250.6834,0
157.5799,-250.6696,0
157.5899,-250.5934,0
157.5999,-250.6517,0
157.6099,-250.5013,0
157.6199,-250.5889,0
157.6299,-250.6049,0
157.6399,-250.5586,0
157.6499,-250.5401,0
157.6599,-250.4593,0
157.6699,-250.4383,0
157.6799,-250.3551,0
157.6899,-250.3315,0
157.6999,-250.3079,0
157.7099,-250.2221,0
157.7199,-250.196,0
157.7299,-250.1076,0
157.7399,-250.1537,0
157.7499,-250.0533,0
157.7599,-250.0371,0
157.7699,-250.009,0
157.7799,-249.9186,0
157.7899,-249.8878,0
157.7999,-249.7949,0
157.8099,-249.7616,0
157.8199,-249.7283,0
157.8299,-249.6328,0
157.8399,-249.6718,0
157.8499,-249.502,0
157.8599,-249.5383,0
157.8699,-249.5031,0
157.8799,-249.4373,0
157.8899,-249.4313,0
157.8999,-249.3311,0
157.9099,-249.2907,0
157.9199,-249.1881,0
157.9299,-249.1452,0
157.9399,-249.1769,0
157.9499,-248.9999,0
157.9599,-249.0292,0
157.9699,-248.9867,0
157.9799,-248.882,0
157.9899,-248.837,0
157.9999,-248.7298,0
158.0099,-248.6821,0
158.0199,-248.6347,0
158.0299,-248.5995,0
158.0399,-248.5524,0
158.0499,-248.5054,0
158.0599,-248.396,0
158.0699,-248.3465,0
158.0799,-248.2969,0
158.0899,-248.185,0
158.0999,-248.1328,0
158.1099,-248.1554,0
158.1199,-248.044,0
158.1299,-247.9923,0
158.1399,-247.9407,0
158.1499,-247.8586,0
158.1599,-247.8045,0
158.1699,-247.7502,0
158.1799,-247.6337,0
158.1899,-247.6517,0
158.1999,-247.5358,0
158.2099,-247.4794,0
158.2199,-247.4232,0
158.2299,-247.3046,0
158.2399,-247.2459,0
158.2499,-247.1871,0
158.2599,-247.066,0
158.2699,-247.0794,0
158.2799,-247.021,0
158.2899,-246.9004,0
158.2999,-246.8397,0
158.3099,-246.7788,0
158.3199,-246.6556,0
158.3299,-246.6669,0
158.3399,-246.6066,0
158.3499,-246.4839,0
158.3599,-246.4211,0
158.3699,-246.3581,0
158.3799,-246.2953,0
158.3899,-246.17,0
158.3999,-246.1793,0
158.4099,-246.0422,0
158.4199,-245.9892,0
158.4299,-245.9242,0
158.4399,-245.8593,0
158.4499,-245.732,0
158.4599,-245.6645,0
158.4699,-245.6717,0
158.4799,-245.545,0
158.4899,-245.4779,0
158.4999,-246.4076,0
158.5099,-246.1073,0
158.5199,-246.2069,0
158.5299,-246.1003,0
158.5399,-246.1402,0
158.5499,-246.1084,0
158.5599,-246.0766,0
158.5699,-246.107,0
158.5799,-249.3167,0
158.5899,-252.1357,0
158.5999,-255.2778,0
158.6099,-258.3279,0
158.6199,-261.6262,0
158.6299,-264.9044,0
158.6399,-268.4308,0
158.6499,-271.937,0
158.6599,-275.5863,0
158.6699,-279.3024,0
158.6799,-283.1417,0
158.6899,-287.0798,0
158.6999,-291.0663,0
158.7099,-295.2233,0
158.7199,-299.4287,0
158.7299,-303.7422,0
158.7399,-308.1515,0
158.7499,-312.6061,0
158.7599,-317.2601,0
158.7699,-321.9594,0
158.7799,-326.7513,0
158.7899,-352.8513,0
158.7999,-378.9513,0
158.8099,-405.0513,0
158.8199,-431.1512,0
158.8299,-449.7791,0
158.8399,-453.0462,0
158.8499,-458.678,0
158.8599,-463.8212,0
158.8699,-468.9258,0
158.8799,-474.1288,0
158.8899,-479.2683,0
158.8999,-484.2976,0
158.9099,-489.4253,0
158.9199,-494.4577,0
158.9299,-499.4863,0
158.9399,-504.5416,0
158.9499,-509.427,0
158.9599,-514.4232,0
158.9699,-519.4063,0
158.9799,-524.2941,0
158.9899,-529.1768,0
158.9999,-533.9641,0
159.0099,-538.7478,0
159.0199,-543.6329,0
159.0299,-548.351,0
159.0399,-553.0336,0
159.0499,-557.8494,0
159.0599,-562.4983,0
159.0699,-567.1864,0
159.0799,-571.936,0
159.0899,-576.5187,0
159.0999,-581.1406,0
159.1099,-585.3867,0
159.1199,-592.6091,0
159.1299,-599.5972,0
159.1399,-606.5875,0
159.1499,-613.6395,0
159.1599,-620.7729,0
159.1699,-627.98,0
159.1799,-635.3113,0
159.1899,-642.57,0
159.1999,-649.9816,0
159.2099,-657.4227,0
159.2199,-664.9252,0
159.2299,-672.5209,0
159.2399,-680.1779,0
159.2499,-687.9585,0
159.2599,-695.6979,0
159.2699,-703.5704,0
159.2799,-711.4917,0
159.2899,-719.4739,0
159.2999,-727.4547,0
159.3099,-735.556,0
159.3199,-743.6435,0
159.3299,-751.8954,0
159.3399,-760.2081,0
159.3499,-768.5069,0
159.3599,-776.9577,0
159.3699,-785.4066,0
159.3799,-793.9755,0
159.3899,-1682.816,0
159.3999,-776.4426,0
159.4099,-1681.587,0
159.4199,-776.4426,0
159.4299,-1680.362,0
159.4399,-776.4426,0
159.4499,-1679.138,0
159.4599,-776.4426,0
159.4699,-1677.915,0
159.4799,-776.4426,0
159.4899,-1676.693,0
159.4999,-776.4426,0
159.5099,-1675.473,0
159.5199,-777.2379,0
159.5299,-1674.253,0
159.5399,-795.4468,0
159.5499,-1673.029,0
159.5599,-1672.474,0
159.5699,-1671.819,0
159.5799,-1671.102,0
159.5899,-1670.344,0
159.5999,-1669.56,0
159.6099,-1668.761,0
159.6199,-1667.951,0
159.6299,-1667.135,0
159.6399,-1666.315,0
159.6499,-1665.493,0
159.6599,-1664.67,0
159.6699,-1663.846,0
159.6799,-1663.022,0
159.6899,-1662.199,0
159.6999,-1661.375,0
159.7099,-1660.552,0
159.7199,-1659.73,0
159.7299,-1658.908,0
159.7399,-1658.087,0
159.7499,-1657.266,0
159.7599,-1656.446,0
159.7699,-1655.626,0
159.7799,-1654.807,0
159.7899,-1653.989,0
159.7999,-1653.172,0
159.8099,-1652.354,0
159.8199,-1651.538,0
159.8299,-1650.722,0
159.8399,-1649.907,0
159.8499,-1649.092,0
159.8599,-1648.278,0
159.8699,-1647.464,0
159.8799,-1646.651,0
159.8899,-1645.839,0
159.8999,-1645.028,0
159.9099,-1644.217,0
159.9199,-1643.406,0
159.9299,-1642.597,0
159.9399,-1641.787,0
159.9499,-1640.979,0
159.9599,-1640.171,0
159.9699,-1639.363,0
159.9799,-1638.556,0
159.9899,-1637.75,0
159.9999,-1636.945,0
160.0099,-1636.14,0
160.0199,-1635.335,0
160.0299,-1634.531,0
160.0399,-1633.728,0
160.0499,-1632.926,0
160.0599,-1632.124,0
160.0699,-1631.322,0
160.0799,-1630.521,0
160.0899,-1629.721,0
160.0999,-1628.921,0
160.1099,-1628.122,0
160.1199,-1627.324,0
160.1299,-1626.526,0
160.1399,-1625.729,0
160.1499,-1624.932,0
160.1599,-1624.136,0
160.1699,-1623.34,0
160.1799,-1622.545,0
160.1899,-1621.751,0
160.1999,-1620.957,0
160.2099,-1620.164,0
160.2199,-1619.372,0
160.2299,-1618.58,0
160.2399,-1617.788,0
160.2499,-1616.997,0
160.2599,-1616.207,0
160.2699,-1615.417,0
160.2799,-1614.628,0
160.2899,-1613.84,0
160.2999,-1613.052,0
160.3099,-1612.265,0
160.3199,-1611.478,0
160.3299,-1610.692,0
160.3399,-1609.906,0
160.3499,-1609.121,0
160.3599,-1608.337,0
160.3699,-1607.553,0
160.3799,-1606.77,0
160.3899,-1605.987,0
160.3999,-1605.205,0
160.4099,-1604.424,0
160.4199,-1603.643,0
160.4299,-1602.862,0
160.4399,-1602.082,0
160.4499,-1601.303,0
160.4599,-1600.525,0
160.4699,-1599.746,0
160.4799,-1598.969,0
160.4899,-1598.192,0
160.4999,-1597.416,0
160.5099,-1596.64,0
160.5199,-1595.865,0
160.5299,-1595.09,0
160.5399,-1594.316,0
160.5499,-1593.542,0
160.5599,-1592.769,0
160.5699,-1591.997,0
160.5799,-1591.225,0
160.5899,-1590.454,0
160.5999,-1589.683,0
160.6099,-1588.913,0
160.6199,-1588.144,0
160.6299,-1587.375,0
160.6399,-1586.606,0
160.6499,-1585.839,0
160.6599,-1585.071,0
160.6699,-1589.083,0
160.6799,-1577.01,0
160.6899,-1583.822,0
160.6999,-1588.458,0
160.7099,-1593.335,0
160.7199,-1598.181,0
160.7299,-1603.066,0
160.7399,-1607.874,0
160.7499,-1612.635,0
160.7599,-1617.483,0
160.7699,-1622.252,0
160.7799,-1627,0
160.7899,-1631.736,0
160.7999,-1636.442,0
160.8099,-1641.184,0
160.8199,-1645.875,0
160.8299,-1650.553,0
160.8399,-1655.2,0
160.8499,-1659.885,0
160.8599,-1664.577,0
160.8699,-1669.14,0
160.8799,-1673.789,0
160.8899,-1678.418,0
160.8999,-1682.994,0
160.9099,-1687.557,0
160.9199,-1692.15,0
160.9299,-1696.723,0
160.9399,-1701.276,0
160.9499,-1705.786,0
160.9599,-1710.239,0
160.9699,-1714.815,0
160.9799,-1719.254,0
160.9899,-1723.707,0
160.9999,-1728.163,0
161.0099,-1732.684,0
161.0199,-1737.069,0
161.0299,-1741.501,0
161.0399,-1745.904,0
161.0499,-1750.313,0
161.0599,-1754.703,0
161.0699,-1759.022,0
161.0799,-1763.43,0
161.0899,-1767.761,0
161.0999,-1772.021,0
161.1099,-1776.31,0
161.1199,-1780.665,0
161.1299,-1784.892,0
161.1399,-1789.208,0
161.1499,-1793.446,0
161.1599,-1797.69,0
161.1699,-1801.924,0
161.1799,-1806.128,0
161.1899,-1810.373,0
161.1999,-1814.515,0
161.2099,-1818.72,0
161.2199,-1822.933,0
161.2299,-1827.068,0
161.2399,-1831.193,0
161.2499,-1835.349,0
161.2599,-1839.427,0
161.2699,-1843.521,0
161.2799,-1847.619,0
161.2899,-1851.725,0
161.2999,-1855.753,0
161.3099,-1859.797,0
161.3199,-1863.845,0
161.3299,-1867.902,0
161.3399,-1871.89,0
161.3499,-1875.909,0
161.3599,-1879.91,0
161.3699,-1883.92,0
161.3799,-1887.834,0
161.3899,-1891.805,0
161.3999,-1895.759,0
161.4099,-1899.694,0
161.4199,-1903.56,0
161.4299,-1907.458,0
161.4399,-1911.363,0
161.4499,-1915.234,0
161.4599,-1919.104,0
161.4699,-1922.955,0
161.4799,-1926.789,0
161.4899,-1930.614,0
161.4999,-1934.438,0
161.5099,-1938.243,0
161.5199,-1942.092,0
161.5299,-1945.812,0
161.5399,-1949.59,0
161.5499,-1953.384,0
161.5599,-1957.05,0
161.5699,-1960.834,0
161.5799,-1964.515,0
161.5899,-1968.266,0
161.5999,-1971.887,0
161.6099,-1975.628,0
161.6199,-1979.265,0
161.6299,-1982.971,0
161.6399,-1986.61,0
161.6499,-1990.221,0
161.6599,-1993.875,0
161.6699,-1997.539,0
161.6799,-2001.048,0
161.6899,-2004.65,0
161.6999,-2008.261,0
161.7099,-2011.831,0
161.7199,-2015.359,0
161.7299,-2018.921,0
161.7399,-2022.405,0
161.7499,-2025.88,0
161.7599,-2029.416,0
161.7699,-2032.908,0
161.7799,-2036.411,0
161.7899,-2039.847,0
161.7999,-2043.342,0
161.8099,-2046.794,0
161.8199,-2050.258,0
161.8299,-2053.714,0
161.8399,-2057.119,0
161.8499,-2060.534,0
161.8599,-2063.932,0
161.8699,-2067.262,0
161.8799,-2070.626,0
161.8899,-2074.063,0
161.8999,-2077.396,0
161.9099,-2080.688,0
161.9199,-2084.014,0
161.9299,-2087.386,0
161.9399,-2090.681,0
161.9499,-2093.935,0
161.9599,-2097.258,0
161.9699,-2100.531,0
161.9799,-2103.851,0
161.9899,-2107.015,0
161.9999,-2110.302,0
162.0099,-2113.512,0
162.0199,-2116.706,0
162.0299,-2119.947,0
162.0399,-2123.147,0
162.0499,-2126.294,0
162.0599,-2129.515,0
162.0699,-2132.659,0
162.0799,-2135.796,0
162.0899,-2138.97,0
162.0999,-2142.094,0
162.1099,-2145.237,0
162.1199,-2148.34,0
162.1299,-2151.417,0
162.1399,-2154.513,0
162.1499,-2157.622,0
162.1599,-2160.665,0
162.1699,-2163.743,0
162.1799,-2166.808,0
162.1899,-2169.822,0
162.1999,-2172.803,0
162.2099,-2175.848,0
162.2199,-2178.878,0
162.2299,-2181.894,0
162.2399,-2184.896,0
162.2499,-2187.857,0
162.2599,-2190.828,0
162.2699,-2193.813,0
162.2799,-2196.782,0
162.2899,-2199.658,0
162.2999,-2202.597,0
162.3099,-2205.585,0
162.3199,-2208.434,0
162.3299,-2211.341,0
162.3399,-2214.25,0
162.3499,-2217.092,0
162.3599,-2219.973,0
162.3699,-2222.849,0
162.3799,-2225.703,0
162.3899,-2228.515,0
162.3999,-2231.047,0
162.4099,-2232.473,0
162.4199,-2234.115,0
162.4299,-2235.671,0
162.4399,-2237.166,0
162.4499,-2238.654,0
162.4599,-2240.002,0
162.4699,-2241.37,0
162.4799,-2242.767,0
162.4899,-2244.019,0
162.4999,-2245.237,0
162.5099,-2246.488,0
162.5199,-2247.591,0
162.5299,-2248.727,0
162.5399,-2249.781,0
162.5499,-2250.805,0
162.5599,-2251.802,0
162.5699,-2252.689,0
162.5799,-2253.575,0
162.5899,-2254.432,0
162.5999,-2255.208,0
162.6099,-2256.021,0
162.6199,-2256.718,0
162.6299,-2257.425,0
162.6399,-2258.044,0
162.6499,-2258.701,0
162.6599,-2259.28,0
162.6699,-2259.809,0
162.6799,-2260.261,0
162.6899,-2260.713,0
162.6999,-2261.128,0
162.7099,-2261.421,0
162.7199,-2261.717,0
162.7299,-2262.03,0
162.7399,-2262.231,0
162.7499,-2262.449,0
162.7599,-2262.582,0
162.7699,-2262.731,0
162.7799,-2262.836,0
162.7899,-2262.777,0
162.7999,-2262.877,0
162.8099,-2262.806,0
162.8199,-2262.816,0
162.8299,-2262.72,0
162.8399,-2262.606,0
162.8499,-2262.422,0
162.8599,-2262.22,0
162.8699,-2262.038,0
162.8799,-2261.752,0
162.8899,-2261.486,0
162.8999,-2261.115,0
162.9099,-2260.79,0
162.9199,-2260.398,0
162.9299,-2259.956,0
162.9399,-2259.507,0
162.9499,-2259.045,0
162.9599,-2258.546,0
162.9699,-2258.005,0
162.9799,-2257.426,0
162.9899,-2256.835,0
162.9999,-2256.243,0
163.0099,-2255.524,0
163.0199,-2254.816,0
163.0299,-2254.109,0
163.0399,-2253.355,0
163.0499,-2252.6,0
163.0599,-2251.746,0
163.0699,-2250.945,0
163.0799,-2250.045,0
163.0899,-2249.146,0
163.0999,-2248.265,0
163.1099,-2247.323,0
163.1199,-2246.293,0
163.1299,-2245.309,0
163.1399,-2244.289,0
163.1499,-2243.21,0
163.1599,-2242.151,0
163.1699,-2241.005,0
163.1799,-2239.905,0
163.1899,-2238.757,0
163.1999,-2237.567,0
163.2099,-2236.346,0
163.2199,-2235.156,0
163.2299,-2233.791,0
163.2399,-2232.564,0
163.2499,-2231.216,0
163.2599,-2229.899,0
163.2699,-2228.555,0
163.2799,-2227.143,0
163.2899,-2225.738,0
163.2999,-2224.33,0
163.3099,-2222.895,0
163.3199,-2221.431,0
163.3299,-2219.939,0
163.3399,-2218.312,0
163.3499,-2216.787,0
163.3599,-2215.208,0
163.3699,-2213.626,0
163.3799,-2211.993,0
163.3899,-2210.394,0
163.3999,-2208.733,0
163.4099,-2207.047,0
163.4199,-2205.37,0
163.4299,-2203.658,0
163.4399,-2201.894,0
163.4499,-2200.113,0
163.4599,-2198.269,0
163.4699,-2196.517,0
163.4799,-2194.714,0
163.4899,-2192.823,0
163.4999,-2191.025,0
163.5099,-2189.151,0
163.5199,-2187.254,0
163.5299,-2185.296,0
163.5399,-2183.377,0
163.5499,-2181.437,0
163.5599,-2179.421,0
163.5699,-2177.434,0
163.5799,-2175.425,0
163.5899,-2173.42,0
163.5999,-2171.368,0
163.6099,-2169.294,0
163.6199,-2167.225,0
163.6299,-2165.171,0
163.6399,-2163.063,0
163.6499,-2160.933,0
163.6599,-2158.756,0
163.6699,-2156.594,0
163.6799,-2154.404,0
163.6899,-2152.191,0
163.6999,-2149.997,0
163.7099,-2147.773,0
163.7199,-2145.568,0
163.7299,-2143.28,0
163.7399,-2141.01,0
163.7499,-2138.686,0
163.7599,-2136.406,0
163.7699,-2134.044,0
163.7799,-2131.648,0
163.7899,-2129.34,0
163.7999,-2126.988,0
163.8099,-2124.556,0
163.8199,-2122.17,0
163.8299,-2119.767,0
163.8399,-2117.349,0
163.8499,-2114.915,0
163.8599,-2112.465,0
163.8699,-2110.025,0
163.8799,-2107.48,0
163.8899,-2104.99,0
163.8999,-2102.476,0
163.9099,-2099.972,0
163.9199,-2097.454,0
163.9299,-2094.894,0
163.9399,-2092.346,0
163.9499,-2089.783,0
163.9599,-2087.204,0
163.9699,-2084.586,0
163.9799,-2082.043,0
163.9899,-2079.398,0
163.9999,-2076.712,0
164.0099,-2074.064,0
164.0199,-2071.438,0
164.0299,-2068.765,0
164.0399,-2066.077,0
164.0499,-2063.413,0
164.0599,-2060.674,0
164.0699,-2058.039,0
164.0799,-2055.276,0
164.0899,-2052.526,0
164.0999,-2049.828,0
164.1099,-2046.976,0
164.1199,-2044.251,0
164.1299,-2041.517,0
164.1399,-2038.682,0
164.1499,-2035.898,0
164.1599,-2033.094,0
164.1699,-2030.289,0
164.1799,-2027.474,0
164.1899,-2024.612,0
164.1999,-2021.802,0
164.2099,-2018.957,0
164.2199,-2016.011,0
164.2299,-2013.142,0
164.2399,-2010.264,0
164.2499,-2007.404,0
164.2599,-2004.535,0
164.2699,-2001.568,0
164.2799,-1998.652,0
164.2899,-1995.781,0
164.2999,-1992.849,0
164.3099,-1989.934,0
164.3199,-1986.986,0
164.3299,-1983.975,0
164.3399,-1981.034,0
164.3499,-1978.086,0
164.3599,-1975.04,0
164.3699,-1965.497,0
164.3799,-1968.211,0
164.3899,-1966.666,0
164.3999,-1965.085,0
164.4099,-1963.034,0
164.4199,-1960.641,0
164.4299,-1958.085,0
164.4399,-1955.353,0
164.4499,-1952.592,0
164.4599,-1949.785,0
164.4699,-1946.885,0
164.4799,-1944.015,0
164.4899,-1941.114,0
164.4999,-1938.232,0
164.5099,-1935.291,0
164.5199,-1932.365,0
164.5299,-1929.41,0
164.5399,-1926.474,0
164.5499,-1923.447,0
164.5599,-1920.468,0
164.5699,-1917.482,0
164.5799,-1914.517,0
164.5899,-1912.652,0
164.5999,-1909.645,0
164.6099,-1907.152,0
164.6199,-1904.582,0
164.6299,-1902.021,0
164.6399,-1899.53,0
164.6499,-1897.018,0
164.6599,-1894.489,0
164.6699,-1891.998,0
164.6799,-1889.49,0
164.6899,-1886.993,0
164.6999,-1884.506,0
164.7099,-1882.03,0
164.7199,-1879.563,0
164.7299,-1877.08,0
164.7399,-1874.634,0
164.7499,-1872.197,0
164.7599,-1869.713,0
164.7699,-1867.269,0
164.7799,-1864.835,0
164.7899,-1862.437,0
164.7999,-1860.024,0
164.8099,-1857.59,0
164.8199,-1855.196,0
164.8299,-1852.786,0
164.8399,-1850.381,0
164.8499,-1848.016,0
164.8599,-1845.635,0
164.8699,-1843.231,0
164.8799,-1840.895,0
164.8899,-1838.539,0
164.8999,-1836.196,0
164.9099,-1833.832,0
164.9199,-1831.508,0
164.9299,-1829.136,0
164.9399,-1826.799,0
164.9499,-1824.503,0
164.9599,-1822.211,0
164.9699,-1819.877,0
164.9799,-1817.583,0
164.9899,-1815.267,0
164.9999,-1812.96,0
165.0099,-1810.661,0
165.0199,-1808.429,0
165.0299,-1806.151,0
165.0399,-1803.854,0
165.0499,-1801.593,0
165.0599,-1799.341,0
165.0699,-1797.071,0
165.0799,-1794.836,0
165.0899,-1792.584,0
165.0999,-1790.368,0
165.1099,-1788.134,0
165.1199,-1785.908,0
165.1299,-1783.717,0
165.1399,-1781.484,0
165.1499,-1779.285,0
165.1599,-1777.096,0
165.1699,-1774.884,0
165.1799,-1772.71,0
165.1899,-1770.519,0
165.1999,-1768.338,0
165.2099,-1766.165,0
165.2199,-1763.969,0
165.2299,-1761.839,0
165.2399,-1759.692,0
165.2499,-1757.495,0
165.2599,-1755.364,0
165.2699,-1753.268,0
165.2799,-1751.124,0
165.2899,-1748.992,0
165.2999,-1746.838,0
165.3099,-1744.775,0
165.3199,-1742.638,0
165.3299,-1740.539,0
165.3399,-1738.418,0
165.3499,-1736.362,0
165.3599,-1734.258,0
165.3699,-1732.192,0
165.3799,-1730.104,0
165.3899,-1728.05,0
165.3999,-1725.982,0
165.4099,-1723.892,0
165.4199,-1721.836,0
165.4299,-1719.786,0
165.4399,-1717.751,0
165.4499,-1715.693,0
165.4599,-1713.641,0
165.4699,-1711.624,0
165.4799,-1709.589,0
165.4899,-1707.592,0
165.4999,-1705.599,0
165.5099,-1703.562,0
165.5199,-1701.558,0
165.5299,-1699.588,0
165.5399,-1697.601,0
165.5499,-1695.594,0
165.5599,-1693.594,0
165.5699,-1691.628,0
165.5799,-1689.645,0
165.5899,-1687.668,0
165.5999,-1685.725,0
165.6099,-1683.764,0
165.6199,-1681.753,0
165.6299,-1659.835,0
165.6399,-1677.336,0
165.6499,-1655.425,0
165.6599,-1670.617,0
165.6699,-1648.718,0
165.6799,-1664.265,0
165.6899,-1642.376,0
165.6999,-1657.897,0
165.7099,-1636.018,0
165.7199,-1651.588,0
165.7299,-1629.719,0
165.7399,-1645.374,0
165.7499,-1623.515,0
165.7599,-1639.11,0
165.7699,-1617.261,0
165.7799,-1632.917,0
165.7899,-1611.077,0
165.7999,-1626.741,0
165.8099,-1604.912,0
165.8199,-1583.123,0
165.8299,-1561.376,0
165.8399,-1542.778,0
165.8499,-1540.128,0
165.8599,-1535.583,0
165.8699,-1531.266,0
165.8799,-1526.951,0
165.8899,-1522.647,0
165.8999,-1518.358,0
165.9099,-1514.076,0
165.9199,-1509.805,0
165.9299,-1505.544,0
165.9399,-1501.268,0
165.9499,-1497.032,0
165.9599,-1492.778,0
165.9699,-1488.533,0
165.9799,-1484.299,0
165.9899,-1480.051,0
165.9999,-1475.812,0
166.0099,-1471.61,0
166.0199,-1467.367,0
166.0299,-1463.16,0
166.0399,-1458.94,0
166.0499,-1454.755,0
166.0599,-1450.576,0
166.0699,-1446.387,0
166.0799,-1442.234,0
166.0899,-1438.092,0
166.0999,-1433.905,0
166.1099,-1429.757,0
166.1199,-1425.62,0
166.1299,-1421.495,0
166.1399,-1417.351,0
166.1499,-1413.247,0
166.1599,-1409.123,0
166.1699,-1405.016,0
166.1799,-1400.889,0
166.1899,-1396.828,0
166.1999,-1392.697,0
166.2099,-1388.608,0
166.2199,-1384.524,0
166.2299,-1380.456,0
166.2399,-1376.421,0
166.2499,-1372.37,0
166.2599,-1368.306,0
166.2699,-1364.307,0
166.2799,-1360.289,0
166.2899,-1356.232,0
166.2999,-1352.21,0
166.3099,-1348.199,0
166.3199,-1344.229,0
166.3299,-1340.241,0
166.3399,-1336.238,0
166.3499,-1332.246,0
166.3599,-1328.265,0
166.3699,-1324.295,0
166.3799,-1320.361,0
166.3899,-1316.358,0
166.3999,-1312.395,0
166.4099,-1308.443,0
166.4199,-1304.527,0
166.4299,-1300.623,0
166.4399,-1296.705,0
166.4499,-1292.792,0
166.4599,-1288.895,0
166.4699,-1285.035,0
166.4799,-1281.13,0
166.4899,-1277.265,0
166.4999,-1273.412,0
166.5099,-1269.516,0
166.5199,-1265.684,0
166.5299,-1261.834,0
166.5399,-1257.999,0
166.5499,-1254.146,0
166.5599,-1250.304,0
166.5699,-1246.502,0
166.5799,-1242.682,0
166.5899,-1238.847,0
166.5999,-1235.053,0
166.6099,-1231.24,0
166.6199,-1227.438,0
166.6299,-1223.702,0
166.6399,-1219.898,0
166.6499,-1216.104,0
166.6599,-1212.346,0
166.6699,-1208.601,0
166.6799,-1204.89,0
166.6899,-1201.141,0
166.6999,-1197.427,0
166.7099,-1193.7,0
166.7199,-1190.009,0
166.7299,-1186.304,0
166.7399,-1182.608,0
166.7499,-1178.9,0
166.7599,-1175.227,0
166.7699,-1171.535,0
166.7799,-1167.859,0
166.7899,-1164.218,0
166.7999,-1160.563,0
166.8099,-1156.89,0
166.8199,-1153.257,0
166.8299,-1149.635,0
166.8399,-1145.995,0
166.8499,-1142.37,0
166.8599,-1138.726,0
166.8699,-1135.123,0
166.8799,-1131.531,0
166.8899,-1127.945,0
166.8999,-1124.346,0
166.9099,-1120.761,0
166.9199,-1117.183,0
166.9299,-1113.621,0
166.9399,-1110.04,0
166.9499,-1106.495,0
166.9599,-1102.991,0
166.9699,-1099.468,0
166.9799,-1095.932,0
166.9899,-1092.43,0
166.9999,-1088.915,0
167.0099,-1085.435,0
167.0199,-1081.941,0
167.0299,-1078.433,0
167.0399,-1074.959,0
167.0499,-1071.498,0
167.0599,-1068.022,0
167.0699,-1064.581,0
167.0799,-1061.127,0
167.0899,-1057.683,0
167.0999,-1054.225,0
167.1099,-1050.803,0
167.1199,-1047.362,0
167.1299,-1043.96,0
167.1399,-1040.544,0
167.1499,-1037.14,0
167.1599,-1033.717,0
167.1699,-1030.357,0
167.1799,-1026.986,0
167.1899,-1023.596,0
167.1999,-1020.245,0
167.2099,-1016.85,0
167.2199,-1013.52,0
167.2299,-1010.147,0
167.2399,-1006.814,0
167.2499,-1003.487,0
167.2599,-1000.146,0
167.2699,-996.8435,0
167.2799,-993.4993,0
167.2899,-1154.254,0
167.2999,-1194.43,0
167.3099,-1220.378,0
167.3199,-1236.921,0
167.3299,-1247.324,0
167.3399,-1253.746,0
167.3499,-1257.601,0
167.3599,-1259.804,0
167.3699,-1260.948,0
167.3799,-1261.412,0
167.3899,-1261.441,0
167.3999,-1261.192,0
167.4099,-1260.764,0
167.4199,-1260.223,0
167.4299,-1259.609,0
167.4399,-1258.95,0
167.4499,-1258.26,0
167.4599,-1257.553,0
167.4699,-1256.834,0
167.4799,-1256.108,0
167.4899,-1255.377,0
167.4999,-1254.644,0
167.5099,-1253.91,0
167.5199,-1253.175,0
167.5299,-1252.44,0
167.5399,-1251.705,0
167.5499,-1250.971,0
167.5599,-1250.237,0
167.5699,-1249.503,0
167.5799,-1248.771,0
167.5899,-1248.039,0
167.5999,-1247.307,0
167.6099,-1246.577,0
167.6199,-1245.847,0
167.6299,-1245.118,0
167.6399,-1244.389,0
167.6499,-1243.662,0
167.6599,-1242.935,0
167.6699,-1242.209,0
167.6799,-1241.483,0
167.6899,-1240.758,0
167.6999,-1240.034,0
167.7099,-1239.311,0
167.7199,-1238.588,0
167.7299,-1237.866,0
167.7399,-1237.145,0
167.7499,-1236.425,0
167.7599,-1235.705,0
167.7699,-1234.986,0
167.7799,-1234.268,0
167.7899,-1233.55,0
167.7999,-1232.833,0
167.8099,-1232.117,0
167.8199,-1231.402,0
167.8299,-1230.687,0
167.8399,-1229.973,0
167.8499,-1229.26,0
167.8599,-1228.547,0
167.8699,-1227.835,0
167.8799,-1227.124,0
167.8899,-1226.413,0
167.8999,-1225.703,0
167.9099,-1224.994,0
167.9199,-1224.286,0
167.9299,-1223.578,0
167.9399,-1222.871,0
167.9499,-1222.165,0
167.9599,-1221.459,0
167.9699,-1220.754,0
167.9799,-1220.05,0
167.9899,-1219.346,0
167.9999,-1218.644,0
168.0099,-1217.942,0
168.0199,-483.4231,0
168.0299,-1216.299,0
168.0399,-483.4231,0
168.0499,-1215.322,0
168.0599,-483.4231,0
168.0699,-1214.346,0
168.0799,-483.4231,0
168.0899,-1213.371,0
168.0999,-483.4231,0
168.1099,-1212.397,0
168.1199,-483.4231,0
168.1299,-1211.424,0
168.1399,-483.4231,0
168.1499,-1210.452,0
168.1599,-483.4231,0
168.1699,-1209.482,0
168.1799,-483.4231,0
168.1899,-1208.512,0
168.1999,-483.4231,0
168.2099,-1207.544,0
168.2199,-477.158,0
168.2299,-1206.579,0
168.2399,-468.616,0
168.2499,-1205.619,0
168.2599,-460.4627,0
168.2699,-478.4079,0
168.2799,-473.2904,0
168.2899,-471.5312,0
168.2999,-469.2757,0
168.3099,-467.1006,0
168.3199,-464.8967,0
168.3299,-462.7372,0
168.3399,-460.5863,0
168.3499,-458.4441,0
168.3599,-456.2731,0
168.3699,-454.1466,0
168.3799,-451.9913,0
168.3899,-449.9117,0
168.3999,-447.7422,0
168.4099,-445.6782,0
168.4199,-443.5237,0
168.4299,-441.4137,0
168.4399,-439.3123,0
168.4499,-437.2133,0
168.4599,-435.0915,0
168.4699,-433.0142,0
168.4799,-430.9081,0
168.4899,-428.8776,0
168.4999,-426.7885,0
168.5099,-424.7065,0
168.5199,-422.6689,0
168.5299,-420.6026,0
168.5399,-418.5745,0
168.5499,-416.5236,0
168.5599,-414.5172,0
168.5699,-412.4813,0
168.5799,-410.4227,0
168.5899,-408.4022,0
168.5999,-406.359,0
168.6099,-404.3229,0
168.6199,-402.3624,0
168.6299,-400.3058,0
168.6399,-398.3608,0
168.6499,-396.3571,0
168.6599,-394.3916,0
168.6699,-392.4034,0
168.6799,-390.4534,0
168.6899,-388.4743,0
168.6999,-386.5084,0
168.7099,-384.5807,0
168.7199,-382.6301,0
168.7299,-380.686,0
168.7399,-378.7503,0
168.7499,-376.7543,0
168.7599,-374.8325,0
168.7699,-372.919,0
168.7799,-371.0139,0
168.7899,-369.0487,0
168.7999,-367.1575,0
168.8099,-365.2747,0
168.8199,-363.3629,0
168.8299,-361.4952,0
168.8399,-359.6049,0
168.8499,-357.7153,0
168.8599,-355.87,0
168.8699,-353.9645,0
168.8799,-352.1331,0
168.8899,-350.2728,0
168.8999,-348.4566,0
168.9099,-346.5795,0
168.9199,-344.7466,0
168.9299,-342.8848,0
168.9399,-341.0298,0
168.9499,-339.1879,0
168.9599,-337.3468,0
168.9699,-335.5499,0
168.9799,-333.7241,0
168.9899,-331.905,0
168.9999,-330.1301,0
169.0099,-328.3263,0
169.0199,-326.5605,0
169.0299,-324.7404,0
169.0399,-322.9883,0
169.0499,-321.2131,0
169.0599,-319.4821,0
169.0699,-317.6847,0
169.0799,-315.9674,0
169.0899,-314.2211,0
169.0999,-312.4498,0
169.1099,-310.6853,0
169.1199,-308.9587,0
169.1299,-307.2092,0
169.1399,-305.4665,0
169.1499,-303.7307,0
169.1599,-302.0328,0
169.1699,-300.3119,0
169.1799,-298.5604,0
169.1899,-296.9202,0
169.1999,-295.1837,0
169.2099,-293.4899,0
169.2199,-291.803,0
169.2299,-290.1229,0
169.2399,-288.4434,0
169.2499,-286.7767,0
169.2599,-285.1168,0
169.2699,-283.495,0
169.2799,-281.8127,0
169.2899,-280.1731,0
169.2999,-278.5031,0
169.3099,-276.8749,0
169.3199,-275.1919,0
169.3299,-273.5095,0
169.3399,-271.8399,0
169.3499,-270.2083,0
169.3599,-268.5163,0
169.3699,-266.8981,0
169.3799,-265.2569,0
169.3899,-263.6163,0
169.3999,-262.0197,0
169.4099,-260.3626,0
169.4199,-258.7794,0
169.4299,-257.167,0
169.4399,-255.5673,0
169.4499,-253.9683,0
169.4599,-252.3821,0
169.4699,-250.7965,0
169.4799,-249.2175,0
169.4899,-247.6825,0
169.4999,-246.087,0
169.5099,-244.5281,0
169.5199,-243.013,0
169.5299,-241.4376,0
169.5399,-239.8987,0
169.5499,-238.3663,0
169.5599,-236.8087,0
169.5699,-235.2639,0
169.5799,-233.7197,0
169.5899,-232.182,0
169.5999,-230.6199,0
169.6099,-229.0942,0
169.6199,-227.6124,0
169.6299,-226.1015,0
169.6399,-224.5659,0
169.6499,-223.0668,0
169.6599,-221.5743,0
169.6699,-220.0884,0
169.6799,-218.6091,0
169.6899,-217.1364,0
169.6999,-215.6391,0
169.7099,-214.1783,0
169.7199,-212.724,0
169.7299,-211.239,0
169.7399,-209.7965,0
169.7499,-208.3605,0
169.7599,-206.9311,0
169.7699,-205.5083,0
169.7799,-204.0547,0
169.7899,-202.6125,0
169.7999,-201.2378,0
169.8099,-199.8087,0
169.8199,-198.4098,0
169.8299,-197.2727,0
169.8399,-195.7973,0
169.8499,-194.3982,0
169.8599,-193.0368,0
169.8699,-191.6148,0
169.8799,-190.2353,0
169.8899,-188.8623,0
169.8999,-187.4897,0
169.9099,-186.1296,0
169.9199,-184.7388,0
169.9299,-183.4216,0
169.9399,-182.0118,0
169.9499,-180.6445,0
169.9599,-179.2464,0
169.9699,-177.9219,0
169.9799,-176.5367,0
169.9899,-175.2251,0
169.9999,-173.8529,0
170.0099,-172.5231,0
170.0199,-171.1937,0
170.0299,-169.8395,0
170.0399,-168.5588,0
170.0499,-167.2798,0
170.0599,-165.9462,0
170.0699,-166.455,0
170.0799,-164.7582,0
170.0899,-163.696,0
170.0999,-162.4725,0
170.1099,-161.3236,0
170.1199,-160.1525,0
170.1299,-158.989,0
170.1399,-157.827,0
170.1499,-156.6785,0
170.1599,-153.6689,0
170.1699,-152.9388,0
170.1799,-151.6192,0
170.1899,-150.3764,0
170.1999,-149.1698,0
170.2099,-147.9384,0
170.2199,-146.7114,0
170.2299,-145.4595,0
170.2399,-144.2439,0
170.2499,-142.9661,0
170.2599,-141.7977,0
170.2699,-140.5313,0
170.2799,-139.337,0
170.2899,-138.1179,0
170.2999,-136.935,0
170.3099,-135.7272,0
170.3199,-134.5557,0
170.3299,-133.3532,0
170.3399,-132.1617,0
170.3499,-131.0064,0
170.3599,-129.8263,0
170.3699,-128.6451,0
170.3799,-127.4749,0
170.3899,-126.3409,0
170.3999,-125.1447,0
170.4099,-124.0206,0
170.4199,-122.9028,0
170.4299,-121.7229,0
170.4399,-120.615,0
170.4499,-119.445,0
170.4599,-118.347,0
170.4699,-117.1924,0
170.4799,-116.0366,0
170.4899,-114.9229,0
170.4999,-113.7471,0
170.5099,-112.6434,0
170.5199,-111.5087,0
170.5299,-110.4161,0
170.5399,-109.2925,0
170.5499,-108.1799,0
170.5599,-107.0663,0
170.5699,-105.9947,0
170.5799,-104.8922,0
170.5899,-103.8007,0
170.5999,-102.708,0
170.6099,-101.6201,0
170.6199,-100.5745,0
170.6299,-99.46669,0
170.6399,-98.39354,0
170.6499,-97.36258,0
170.6599,-96.30061,0
170.6699,-95.24347,0
170.6799,-94.19112,0
170.6899,-93.14986,0
170.6999,-92.10736,0
170.7099,-91.06978,0
170.7199,-90.03693,0
170.7299,-89.00893,0
170.7399,-87.98575,0
170.7499,-86.97363,0
170.7599,-85.99149,0
170.7699,-84.92128,0
170.7799,-83.88579,0
170.7899,-82.85509,0
170.7999,-81.82919,0
170.8099,-80.77699,0
170.8199,-79.75951,0
170.8299,-78.78418,0
170.8399,-77.74046,0
170.8499,-76.77478,0
170.8599,-75.74692,0
170.8699,-74.75374,0
170.8799,-73.76541,0
170.8899,-72.78186,0
170.8999,-71.80318,0
170.9099,-70.82927,0
170.9199,-69.82283,0
170.9299,-68.79404,0
170.9399,-67.86847,0
170.9499,-66.81348,0
170.9599,-65.89758,0
170.9699,-64.85219,0
170.9799,-63.90851,0
170.9899,-62.90869,0
170.9999,-61.97462,0
171.0099,-61.01552,0
171.0199,-60.06125,0
171.0299,-59.11182,0
171.0399,-58.16718,0
171.0499,-57.19,0
171.0599,-56.25348,0
171.0699,-55.32181,0
171.0799,-54.39493,0
171.0899,-53.43549,0
171.0999,-52.51674,0
171.1099,-51.60278,0
171.1199,-50.69365,0
171.1299,-49.78317,0
171.1399,-48.88341,0
171.1499,-47.98848,0
171.1599,-47.06102,0
171.1699,-46.17419,0
171.1799,-45.25487,0
171.1899,-44.37617,0
171.1999,-43.50229,0
171.2099,-42.59587,0
171.2199,-41.73012,0
171.2299,-40.83183,0
171.2399,-39.97418,0
171.2499,-39.084,0
171.2599,-38.23447,0
171.2699,-37.35243,0
171.2799,-36.51097,0
171.2899,-35.63702,0
171.2999,-34.80374,0
171.3099,-33.93787,0
171.3199,-33.11269,0
171.3299,-32.25496,0
171.3399,-31.40053,0
171.3499,-30.58609,0
171.3599,-29.70915,0
171.3699,-28.87286,0
171.3799,-28.0041,0
171.3899,-27.13863,0
171.3999,-26.34492,0
171.4099,-25.4888,0
171.4199,-24.67339,0
171.4299,-23.82538,0
171.4399,-23.01186,0
171.4499,-22.20906,0
171.4599,-21.37373,0
171.4699,-20.54175,0
171.4799,-19.713,0
171.4899,-18.9561,0
171.4999,-18.13676,0
171.5099,-17.32077,0
171.5199,-16.53917,0
171.5299,-15.76839,0
171.5399,-14.96495,0
171.5499,-14.16498,0
171.5599,-13.39934,0
171.5699,-12.60713,0
171.5799,-11.81828,0
171.5899,-11.07004,0
171.5999,-10.28926,0
171.6099,-9.542892,0
171.6199,-8.769974,0
171.6299,-8.000366,0
171.6399,-7.234024,0
171.6499,-6.471039,0
171.6599,-5.742462,0
171.6699,-4.987289,0
171.6799,-4.235428,0
171.6899,-3.486832,0
171.6999,-2.741562,0
171.7099,-2.030746,0
171.7199,-1.293335,0
171.7299,-0.5592346,0
171.7399,0.1716461,0
171.7499,0.899826,0
171.7599,1.654663,0
171.7699,2.406174,0
171.7799,3.123245,0
171.7899,3.866852,0
171.7999,4.576065,0
171.8099,5.349243,0
171.8199,6.083237,0
171.8299,6.782822,0
171.8399,7.508987,0
171.8499,8.200699,0
171.8599,8.918945,0
171.8699,9.633972,0
171.8799,10.31451,0
171.8899,11.05896,0
171.8999,11.73317,0
171.9099,12.43396,0
171.9199,13.13144,0
171.9299,13.79446,0
171.9399,14.52148,0
171.9499,15.17822,0
171.9599,15.86143,0
171.9699,16.54143,0
171.9799,17.22435,0
171.9899,17.89798,0
171.9999,18.56834,0
172.0099,19.20422,0
172.0199,19.90405,0
172.0299,20.56479,0
172.0399,21.19106,0
172.0499,21.88124,0
172.0599,22.53232,0
172.0699,23.14896,0
172.0799,23.8295,0
172.0899,24.43977,0
172.0999,25.114,0
172.1099,25.74913,0
172.1199,26.3871,0
172.1299,27.04771,0
172.1399,27.70503,0
172.1499,28.36528,0
172.1599,29.01622,0
172.1699,29.63277,0
172.1799,30.28212,0
172.1899,30.92213,0
172.1999,31.56512,0
172.2099,32.19885,0
172.2199,32.83548,0
172.2299,33.46289,0
172.2399,34.09315,0
172.2499,34.71417,0
172.2599,35.33809,0
172.2699,35.95284,0
172.2799,36.57042,0
172.2899,37.17876,0
172.2999,37.79005,0
172.3099,38.39206,0
172.3199,38.99696,0
172.3299,39.59262,0
172.3399,40.19122,0
172.3499,40.81792,0
172.3599,41.37424,0
172.3699,41.99466,0
172.3799,42.54471,0
172.3899,43.15868,0
172.3999,43.77094,0
172.4099,44.31288,0
172.4199,44.88759,0
172.4299,45.49048,0
172.4399,46.05414,0
172.4499,46.6208,0
172.4599,47.21548,0
172.4699,47.73994,0
172.4799,48.32834,0
172.4899,48.88379,0
172.4999,49.49924,0
172.5099,50.04437,0
172.5199,50.65341,0
172.5299,51.19221,0
172.5399,51.76384,0
172.5499,52.36349,0
172.5599,52.93031,0
172.5699,53.45663,0
172.5799,54.04698,0
172.5899,54.60434,0
172.5999,55.18985,0
172.6099,55.705,0
172.6199,56.28415,0
172.6299,56.83037,0
172.6399,57.3736,0
172.6499,57.90746,0
172.6599,58.44435,0
172.6699,58.97813,0
172.6799,59.53998,0
172.6899,60.06898,0
172.6999,60.59492,0
172.7099,61.14891,0
172.7199,61.63266,0
172.7299,62.18031,0
172.7399,62.69511,0
172.7499,63.20685,0
172.7599,63.74663,0
172.7699,64.25351,0
172.7799,64.78854,0
172.7899,65.29059,0
172.7999,65.82077,0
172.8099,66.31796,0
172.8199,66.84337,0
172.8299,67.29846,0
172.8399,67.85483,0
172.8499,68.27325,0
172.8599,68.79364,0
172.8699,69.30637,0
172.8799,69.78612,0
172.8899,70.26282,0
172.8999,70.76759,0
172.9099,71.23952,0
172.9199,71.70836,0
172.9299,72.20531,0
172.9399,72.66934,0
172.9499,73.13031,0
172.9599,73.61935,0
172.9699,74.07555,0
172.9799,74.52867,0
172.9899,75.01607,0
172.9999,75.49574,0
173.0099,75.94254,0
173.0199,76.38628,0
173.0299,76.85806,0
173.0399,77.297,0
173.0499,77.73286,0
173.0599,78.23421,0
173.0699,78.66676,0
173.0799,79.09628,0
173.0899,79.55379,0
173.0999,79.97858,0
173.1099,80.43762,0
173.1199,80.85771,0
173.1299,81.30595,0
173.1399,81.72124,0
173.1499,82.20206,0
173.1599,82.61401,0
173.1699,83.02303,0
173.1799,83.4601,0
173.1899,83.9016,0
173.1999,84.3042,0
173.2099,84.73491,0
173.2199,85.20197,0
173.2299,85.6301,0
173.2399,86.08638,0
173.2499,86.50967,0
173.2599,86.92996,0
173.2699,87.4157,0
173.2799,87.83269,0
173.2899,88.24658,0
173.2999,88.6575,0
173.3099,89.13383,0
173.3199,89.54144,0
173.3299,89.94594,0
173.3399,90.38486,0
173.3499,90.81596,0
173.3599,91.21422,0
173.3699,91.64668,0
173.3799,92.04036,0
173.3899,92.4621,0
173.3999,92.88823,0
173.4099,93.27557,0
173.4199,93.65979,0
173.4299,94.07834,0
173.4399,94.48917,0
173.4499,94.86711,0
173.4599,95.2793,0
173.4699,95.65265,0
173.4799,96.09143,0
173.4899,96.46146,0
173.4999,96.82838,0
173.5099,97.22978,0
173.5199,97.62337,0
173.5299,98.02133,0
173.5399,98.38049,0
173.5499,98.80507,0
173.5599,99.16092,0
173.5699,99.58293,0
173.5799,99.99719,0
173.5899,100.3785,0
173.5999,100.7942,0
173.6099,101.1391,0
173.6199,101.5184,0
173.6299,101.8898,0
173.6399,102.2658,0
173.6499,102.6028,0
173.6599,102.9742,0
173.6699,103.3067,0
173.6799,103.7047,0
173.6899,104.0338,0
173.6999,104.3973,0
173.7099,104.7593,0
173.7199,105.0824,0
173.7299,105.471,0
173.7399,105.7908,0
173.7499,106.1449,0
173.7599,106.4975,0
173.7699,106.8112,0
173.7799,107.1592,0
173.7899,107.4995,0
173.7999,107.8442,0
173.8099,108.1874,0
173.8199,108.4917,0
173.8299,108.8615,0
173.8399,109.1999,0
