Time,PositionX,PositionY,PositionZ,Vx,Ax,Y,YDot,Psi,PsiDot,EngineRpm
0,2.1,0,-19.99992,0.003822998,0.19115,0,0,0,0,0
0.01999999,2.1,0,-19.99977,0.007546599,0.1861801,0,0,0,0,0
0.03999998,2.1,0,-19.99953,0.01204865,0.2251028,0,0,0,0,0
0.05999998,2.1,0,-19.9992,0.01642388,0.2187616,0,0,0,0,0
0.07999997,2.1,0,-19.99879,0.02091998,0.224805,0,0,0,0,0
0.09999996,2.1,0,-19.99828,0.02548672,0.2283372,0,0,0,0,0
0.12,2.1,0,-19.99767,0.03013613,0.2324703,0,0,0,0,0
0.14,2.1,0,-19.99698,0.03486835,0.2366113,0,0,0,0,0
0.1599999,2.1,0,-19.99618,0.03968563,0.2408642,0,0,0,0,0
0.1799999,2.1,0,-19.99529,0.04458981,0.2452088,0,0,0,0,0
0.1999999,2.1,0,-19.9943,0.04958272,0.249646,0,0,0,0,0
0.2199999,2.1,0,-19.99321,0.05466619,0.2541736,0,0,0,0,0
0.2399999,2.1,0,-19.99201,0.05984198,0.2587897,0,0,0,0,0
0.2599999,2.1,0,-19.99071,0.06511183,0.2634924,0,0,0,0,0
0.2799999,2.1,0,-19.9893,0.07047743,0.2682797,0,0,0,0,0
0.2999999,2.1,0,-19.98778,0.07594042,0.2731501,0,0,0,0,0
0.3199999,2.1,0,-19.98615,0.08150245,0.2781016,0,0,0,0,0
0.3399999,2.1,0,-19.98441,0.08716509,0.2831323,0,0,0,0,0
0.3599999,2.1,0,-19.98255,0.09292991,0.2882408,0,0,0,0,0
0.3799999,2.1,0,-19.98057,0.09879841,0.2934251,0,0,0,0,0
0.3999999,2.1,0,-19.97848,0.1047721,0.2986836,0,0,0,0,0
0.4199998,2.1,0,-19.97626,0.1108524,0.3040146,0,0,0,0,0
0.4399998,2.1,0,-19.97392,0.1170407,0.3094164,0,0,0,0,0
0.4599998,2.1,0,-19.97145,0.1233384,0.3148875,0,0,0,0,0
0.4799998,2.1,0,-19.96886,0.129747,0.3204262,0,0,0,0,0
0.4999998,2.1,0,-19.96613,0.1362676,0.3260309,0,0,0,0,0
0.5199998,2.1,0,-19.96328,0.1429016,0.3317001,0,0,0,0,0
0.5399998,2.1,0,-19.96028,0.1496502,0.3374322,0,0,0,0,0
0.5599998,2.1,0,-19.95715,0.1565147,0.3432257,0,0,0,0,0
0.5799998,2.1,0,-19.95388,0.1634963,0.3490792,0,0,0,0,0
0.5999998,2.1,0,-19.95047,0.1705961,0.354991,0,0,0,0,0
0.6199998,2.1,0,-19.94691,0.1778153,0.3609598,0,0,0,0,850
0.6399997,2.1,0,-19.94321,0.185155,0.3669842,0,0,0,0,853.6023
0.6599998,2.1,0,-19.93936,0.1926163,0.3730627,0,0,0,0,854.2725
0.6799998,2.1,0,-19.93536,0.2002001,0.379194,0,0,0,0,854.9484
0.6999997,2.1,0,-19.9312,0.2079077,0.3853766,0,0,0,0,855.6301
0.7199997,2.1,0,-19.92688,0.2157399,0.3916093,0,0,0,0,856.3173
0.7399997,2.1,0,-19.92241,0.2236977,0.3978906,0,0,0,0,857.0098
0.7599998,2.1,0,-19.91777,0.2317821,0.4042193,0,0,0,0,857.7076
0.7799997,2.1,0,-19.91297,0.2399939,0.4105942,0,0,0,0,858.4106
0.7999997,2.1,0,-19.90801,0.2483342,0.4170137,0,0,0,0,859.1184
0.8199997,2.1,0,-19.90287,0.2568038,0.4234769,0,0,0,0,859.8311
0.8399997,2.1,0,-19.89756,0.2654034,0.4299823,0,0,0,0,860.5484
0.8599997,2.1,0,-19.89208,0.274134,0.436529,0,0,0,0,861.2703
0.8799997,2.1,0,-19.88642,0.2829963,0.4431154,0,0,0,0,861.9966
0.8999997,2.1,0,-19.88058,0.2919911,0.4497405,0,0,0,0,862.7272
0.9199997,2.1,0,-19.87456,0.3011192,0.4564032,0,0,0,0,863.4619
0.9399996,2.1,0,-19.86835,0.3103812,0.4631023,0,0,0,0,864.2007
0.9599997,2.1,0,-19.86195,0.319778,0.4698367,0,0,0,0,864.9434
0.9799997,2.1,0,-19.85537,0.3293101,0.4766051,0,0,0,0,865.6898
0.9999996,2.1,0,-19.84859,0.3389782,0.4834067,0,0,0,0,866.4399
1.02,2.1,0,-19.84161,0.348783,0.4902402,0,0,0,0,867.1936
1.04,2.1,0,-19.83444,0.3587251,0.4971046,0,0,0,0,867.9507
1.06,2.1,0,-19.82706,0.3688051,0.5039988,0,0,0,0,868.7111
1.08,2.1,0,-19.81948,0.3790235,0.5109218,0,0,0,0,869.4747
1.1,2.1,0,-19.8117,0.389381,0.5178728,0,0,0,0,870.2414
1.12,2.1,0,-19.8037,0.399878,0.5248504,0,0,0,0,871.011
1.14,2.1,0,-19.79549,0.410515,0.5318537,0,0,0,0,871.7836
1.16,2.1,0,-19.78706,0.4212927,0.538882,0,0,0,0,872.5588
1.18,2.1,0,-19.77842,0.4322113,0.545934,0,0,0,0,873.3367
1.2,2.1,0,-19.76955,0.4432715,0.5530091,0,0,0,0,874.1172
1.22,2.1,0,-19.76046,0.4544736,0.5601061,0,0,0,0,874.9001
1.24,2.1,0,-19.75115,0.4658181,0.5672243,0,0,0,0,875.6854
1.26,2.1,0,-19.7416,0.4773054,0.5743626,0,0,0,0,876.473
1.279999,2.1,0,-19.73182,0.4889358,0.5815202,0,0,0,0,877.2626
1.3,2.1,0,-19.72181,0.5007097,0.5886962,0,0,0,0,878.0544
1.32,2.1,0,-19.71156,0.5126275,0.5958898,0,0,0,0,878.8481
1.34,2.1,0,-19.70106,0.5246895,0.6031001,0,0,0,0,879.6437
1.36,2.1,0,-19.69032,0.536896,0.6103263,0,0,0,0,880.441
1.38,2.1,0,-19.67934,0.5492473,0.6175676,0,0,0,0,881.2401
1.399999,2.1,0,-19.6681,0.5617438,0.6248232,0,0,0,0,882.0407
1.419999,2.1,0,-19.65662,0.5743856,0.6320922,0,0,0,0,882.8429
1.439999,2.1,0,-19.64487,0.5871731,0.6393739,0,0,0,0,883.6464
1.459999,2.1,0,-19.63287,0.6001065,0.6466675,0,0,0,0,884.4514
1.479999,2.1,0,-19.62061,0.6131859,0.6539722,0,0,0,0,885.2576
1.5,2.1,0,-19.60808,0.6264117,0.6612873,0,0,0,0,886.0649
1.52,2.1,0,-19.59528,0.6397839,0.6686122,0,0,0,0,886.8734
1.539999,2.1,0,-19.58222,0.6533028,0.6759461,0,0,0,0,887.6829
1.559999,2.1,0,-19.56888,0.6669686,0.6832883,0,0,0,0,888.4933
1.579999,2.1,0,-19.55526,0.6807814,0.690638,0,0,0,0,889.3046
1.599999,2.1,0,-19.54136,0.6947412,0.6979945,0,0,0,0,890.1167
1.619999,2.1,0,-19.52719,0.7088484,0.7053573,0,0,0,0,890.9295
1.639999,2.1,0,-19.51273,0.7231029,0.7127256,0,0,0,0,891.743
1.659999,2.1,0,-19.49798,0.7375049,0.7200988,0,0,0,0,892.557
1.679999,2.1,0,-19.48293,0.7520544,0.7274764,0,0,0,0,893.3715
1.699999,2.1,0,-19.4676,0.7667515,0.7348574,0,0,0,0,894.1865
1.719999,2.1,0,-19.45197,0.7815964,0.7422415,0,0,0,0,895.0018
1.739999,2.1,0,-19.43604,0.7965889,0.749628,0,0,0,0,895.8174
1.759999,2.1,0,-19.4198,0.8117292,0.7570162,0,0,0,0,896.6334
1.779999,2.1,0,-19.40326,0.8270173,0.7644057,0,0,0,0,897.4494
1.799999,2.1,0,-19.38641,0.8424532,0.7717957,0,0,0,0,898.2656
1.819999,2.1,0,-19.36925,0.8580369,0.7791858,0,0,0,0,899.0817
1.839999,2.1,0,-19.35177,0.8737684,0.7865754,0,0,0,0,899.8979
1.859999,2.1,0,-19.33398,0.8896477,0.7939639,0,0,0,0,900.714
1.879999,2.1,0,-19.31587,0.9056748,0.8013509,0,0,0,0,901.53
1.899999,2.1,0,-19.29743,0.9218495,0.8087357,0,0,0,0,902.3457
1.919999,2.1,0,-19.27867,0.9381719,0.8161179,0,0,0,0,903.1613
1.939999,2.1,0,-19.25957,0.9546418,0.8234969,0,0,0,0,903.9764
1.959999,2.1,0,-19.24015,0.9712592,0.8308722,0,0,0,0,904.7913
1.979999,2.1,0,-19.22039,0.9880241,0.8382434,0,0,0,0,905.6057
1.999999,2.1,0,-19.20029,1.004936,0.8456098,0,0,0,0,906.4197
2.019999,2.1,0,-19.17985,1.021996,0.8529712,0,0,0,0,907.2332
2.039999,2.1,0,-19.15907,1.039202,0.8603269,0,0,0,0,908.046
2.059999,2.1,0,-19.13794,1.056556,0.8676766,0,0,0,0,908.8582
2.079999,2.1,0,-19.11646,1.074056,0.8750197,0,0,0,0,909.6698
2.099999,2.1,0,-19.09462,1.091703,0.8823558,0,0,0,0,910.4807
2.119999,2.1,0,-19.07243,1.109497,0.8896847,0,0,0,0,911.2908
2.139999,2.1,0,-19.04988,1.127437,0.8970058,0,0,0,0,912.1
2.159999,2.1,0,-19.02697,1.145524,0.9043185,0,0,0,0,912.9084
2.179999,2.1,0,-19.0037,1.163756,0.9116225,0,0,0,0,913.7159
2.199999,2.1,0,-18.98005,1.182134,0.9189174,0,0,0,0,914.5225
2.219999,2.1,0,-18.95604,1.200658,0.9262031,0,0,0,0,915.3281
2.239999,2.1,0,-18.93165,1.219328,0.9334787,0,0,0,0,916.1326
2.259999,2.1,0,-18.90689,1.238143,0.9407441,0,0,0,0,916.936
2.279999,2.1,0,-18.88175,1.257103,0.9479988,0,0,0,0,917.7383
2.299999,2.1,0,-18.85622,1.276208,0.9552426,0,0,0,0,918.5395
2.319999,2.1,0,-18.83031,1.295457,0.962475,0,0,0,0,919.3394
2.339999,2.1,0,-18.80402,1.314851,0.9696958,0,0,0,0,920.1381
2.359999,2.1,0,-18.77733,1.334389,0.9769045,0,0,0,0,920.9356
2.379999,2.1,0,-18.75025,1.354071,0.9841008,0,0,0,0,921.7318
2.399999,2.1,0,-18.72277,1.373897,0.9912845,0,0,0,0,922.5266
2.419999,2.1,0,-18.69489,1.393866,0.9984549,0,0,0,0,923.3199
2.439999,2.1,0,-18.66661,1.413978,1.005612,0,0,0,0,923.992
2.459999,2.1,0,-18.63793,1.434233,1.012755,0,0,0,0,924.3952
2.479999,2.1,0,-18.60884,1.454631,1.019885,0,0,0,0,924.6371
2.499999,2.1,0,-18.57933,1.475171,1.027,0,0,0,0,924.7823
2.519999,2.1,0,-18.54942,1.495853,1.0341,0,0,0,0,924.8694
2.539999,2.1,0,-18.51908,1.516677,1.041186,0,0,0,0,924.9216
2.559999,2.1,0,-18.48833,1.537642,1.048256,0,0,0,0,924.953
2.579999,2.1,0,-18.45715,1.558748,1.055311,0,0,0,0,924.9718
2.599999,2.1,0,-18.42555,1.579995,1.062351,0,0,0,0,924.9831
2.619999,2.1,0,-18.39353,1.601383,1.069374,0,0,0,0,924.9899
2.639999,2.1,0,-18.36107,1.62291,1.076381,0,0,0,0,924.994
2.659999,2.1,0,-18.32818,1.644578,1.083371,0,0,0,0,924.9964
2.679999,2.1,0,-18.29485,1.666384,1.090345,0,0,0,0,924.9979
2.699999,2.1,0,-18.26108,1.688331,1.097301,0,0,0,0,924.9987
2.719999,2.1,0,-18.22688,1.710415,1.104241,0,0,0,0,924.9993
2.739999,2.1,0,-18.19222,1.732639,1.111163,0,0,0,0,924.9996
2.759999,2.1,0,-18.15712,1.755,1.118067,0,0,0,0,924.9998
2.779999,2.1,0,-18.12157,1.777499,1.124953,0,0,0,0,924.9999
2.799999,2.1,0,-18.08557,1.800135,1.131821,0,0,0,0,924.9999
2.819999,2.1,0,-18.04911,1.822909,1.13867,0,0,0,0,925
2.839999,2.1,0,-18.01219,1.845819,1.145501,0,0,0,0,925
2.859999,2.1,0,-17.97482,1.868865,1.152313,0,0,0,0,925
2.879999,2.1,0,-17.93698,1.892047,1.159106,0,0,0,0,925
2.899999,2.1,0,-17.89867,1.915365,1.16588,0,0,0,0,925
2.919999,2.1,0,-17.85989,1.938817,1.172634,0,0,0,0,925
2.939999,2.1,0,-17.82064,1.962405,1.179369,0,0,0,0,925
2.959999,2.1,0,-17.78092,1.986126,1.186084,0,0,0,0,925
2.979999,2.1,0,-17.74072,2.009982,1.192779,0,0,0,0,925
2.999999,2.1,0,-17.70004,2.033971,1.199454,0,0,0,0,925
3.019999,2.1,0,-17.65888,2.058093,1.206109,0,0,0,0,925
3.039999,2.1,0,-17.61723,2.082348,1.212743,0,0,0,0,925
3.059999,2.1,0,-17.5751,2.106735,1.219357,0,0,0,0,925
3.079999,2.1,0,-17.53247,2.131254,1.22595,0,0,0,0,925
3.099999,2.1,0,-17.48936,2.155905,1.232522,0,0,0,0,925
3.119999,2.1,0,-17.44574,2.180686,1.239072,0,0,0,0,925
3.139999,2.1,0,-17.40163,2.205598,1.245602,0,0,0,0,925.1723
3.159999,2.1,0,-17.35702,2.23064,1.25211,0,0,0,0,928.9333
3.179999,2.1,0,-17.3119,2.255812,1.258596,0,0,0,0,934.8667
3.199999,2.1,0,-17.26628,2.281114,1.265061,0,0,0,0,942.1225
3.219999,2.1,0,-17.22015,2.306544,1.271504,0,0,0,0,950.1908
3.239999,2.1,0,-17.17351,2.332102,1.277926,0,0,0,0,958.7654
3.259999,2.1,0,-17.12635,2.357789,1.284325,0,0,0,0,967.6627
3.279999,2.1,0,-17.07868,2.383603,1.290702,0,0,0,0,976.7725
3.299999,2.1,0,-17.03049,2.409544,1.297056,0,0,0,0,986.0284
3.319999,2.1,0,-16.98178,2.435611,1.303389,0,0,0,0,995.3906
3.339999,2.1,0,-16.93254,2.461805,1.309698,0,0,0,0,1004.835
3.359999,2.1,0,-16.88278,2.488125,1.315986,0,0,0,0,1014.348
3.379999,2.1,0,-16.83249,2.51457,1.32225,0,0,0,0,1023.92
3.399999,2.1,0,-16.78166,2.54114,1.328492,0,0,0,0,1033.546
3.419999,2.1,0,-16.7303,2.567834,1.33471,0,0,0,0,1043.222
3.439999,2.1,0,-16.67841,2.594652,1.340906,0,0,0,0,1052.947
3.459999,2.1,0,-16.62598,2.621594,1.347078,0,0,0,0,1062.72
3.479999,2.1,0,-16.57301,2.648658,1.353228,0,0,0,0,1072.539
3.499999,2.1,0,-16.51949,2.675845,1.359354,0,0,0,0,1082.404
3.519999,2.1,0,-16.46543,2.703155,1.365456,0,0,0,0,1092.315
3.539999,2.1,0,-16.41082,2.730585,1.371535,0,0,0,0,1102.271
3.559999,2.1,0,-16.35565,2.758137,1.377591,0,0,0,0,1112.272
3.579999,2.1,0,-16.29994,2.78581,1.383623,0,0,0,0,1122.318
3.599999,2.1,0,-16.24367,2.813602,1.389631,0,0,0,0,1132.409
3.619999,2.1,0,-16.18684,2.841515,1.395616,0,0,0,0,1142.543
3.639999,2.1,0,-16.12945,2.869546,1.401576,0,0,0,0,1152.723
3.659999,2.1,0,-16.07149,2.897697,1.407513,0,0,0,0,1162.946
3.679999,2.1,0,-16.01297,2.925965,1.413426,0,0,0,0,1173.213
3.699999,2.1,0,-15.95389,2.954352,1.419315,0,0,0,0,1183.523
3.719999,2.1,0,-15.89423,2.982855,1.425179,0,0,0,0,1193.877
3.739999,2.1,0,-15.834,3.011476,1.43102,0,0,0,0,1204.275
3.759999,2.1,0,-15.77319,3.040212,1.436836,0,0,0,0,1214.715
3.779999,2.1,0,-15.71181,3.069065,1.442628,0,0,0,0,1225.199
3.799999,2.1,0,-15.64985,3.098033,1.448396,0,0,0,0,1235.725
3.819999,2.1,0,-15.58731,3.127115,1.45414,0,0,0,0,1246.294
3.839999,2.1,0,-15.52418,3.156313,1.459859,0,0,0,0,1256.905
3.859999,2.1,0,-15.46047,3.185624,1.465554,0,0,0,0,1267.559
3.879999,2.1,0,-15.39617,3.215048,1.471224,0,0,0,0,1278.254
3.899999,2.1,0,-15.33128,3.244586,1.47687,0,0,0,0,1288.992
3.919999,2.1,0,-15.26579,3.274235,1.482491,0,0,0,0,1299.771
3.939999,2.1,0,-15.19971,3.303997,1.488087,0,0,0,0,1310.592
3.959999,2.1,0,-15.13304,3.33387,1.493659,0,0,0,0,1321.454
3.979999,2.1,0,-15.06576,3.363855,1.499207,0,0,0,0,1332.357
3.999999,2.1,0,-14.99788,3.393949,1.504729,0,0,0,0,1343.302
4.019999,2.1,0,-14.9294,3.424154,1.510227,0,0,0,0,1354.287
4.039999,2.1,0,-14.86031,3.454468,1.515701,0,0,0,0,1365.313
4.059999,2.1,0,-14.79061,3.484891,1.521149,0,0,0,0,1376.379
4.079998,2.1,0,-14.7203,3.515422,1.526573,0,0,0,0,1387.485
4.099998,2.1,0,-14.64938,3.546062,1.531972,0,0,0,0,1398.632
4.119998,2.1,0,-14.57785,3.576808,1.537346,0,0,0,0,1409.818
4.139998,2.1,0,-14.50569,3.607662,1.542695,0,0,0,0,1421.045
4.159998,2.1,0,-14.43292,3.638623,1.54802,0,0,0,0,1432.31
4.179998,2.1,0,-14.35953,3.669689,1.553319,0,0,0,0,1443.615
4.199998,2.1,0,-14.28551,3.700861,1.558594,0,0,0,0,1454.96
4.219998,2.1,0,-14.21087,3.732138,1.563844,0,0,0,0,1466.343
4.239998,2.1,0,-14.1356,3.763519,1.569069,0,0,0,0,1477.765
4.259998,2.1,0,-14.0597,3.795005,1.574269,0,0,0,0,1489.226
4.279998,2.1,0,-13.98316,3.826593,1.579444,0,0,0,0,1500.725
4.299998,2.1,0,-13.906,3.858285,1.584594,0,0,0,0,1512.262
4.319998,2.1,0,-13.8282,3.890079,1.58972,0,0,0,0,1523.838
4.339998,2.1,0,-13.74976,3.921976,1.59482,0,0,0,0,1535.451
4.359998,2.1,0,-13.67068,3.953974,1.599896,0,0,0,0,1547.103
4.379999,2.1,0,-13.59096,3.986073,1.604946,0,0,0,0,1558.791
4.399999,2.1,0,-13.51059,4.018272,1.609972,0,0,0,0,1570.517
4.419999,2.1,0,-13.42958,4.050572,1.614972,0,0,0,0,1582.28
4.439999,2.1,0,-13.34792,4.082971,1.619948,0,0,0,0,1594.081
4.459999,2.1,0,-13.26561,4.115469,1.624899,0,0,0,0,1605.918
4.479999,2.1,0,-13.18265,4.148066,1.629825,0,0,0,0,1617.791
4.499999,2.1,0,-13.09903,4.18076,1.634726,0,0,0,0,1629.701
4.519999,2.1,0,-13.01476,4.213552,1.639602,0,0,0,0,1641.648
4.539999,2.1,0,-12.92983,4.246441,1.644453,0,0,0,0,1653.63
4.559999,2.1,0,-12.84425,4.279427,1.64928,0,0,0,0,1665.648
4.579998,2.1,0,-12.758,4.312508,1.654081,0,0,0,0,1677.702
4.599998,2.1,0,-12.67108,4.345685,1.658858,0,0,0,0,1689.792
4.619998,2.1,0,-12.5835,4.378958,1.66361,0,0,0,0,1701.916
4.639998,2.1,0,-12.49526,4.412324,1.668337,0,0,0,0,1714.076
4.659998,2.1,0,-12.40634,4.445785,1.673039,0,0,0,0,1726.271
4.679998,2.1,0,-12.31675,4.479339,1.677716,0,0,0,0,1738.501
4.699998,2.1,0,-12.22649,4.512987,1.682369,0,0,0,0,1750.765
4.719998,2.1,0,-12.13556,4.546727,1.686997,0,0,0,0,1763.064
4.739998,2.1,0,-12.04395,4.580559,1.6916,0,0,0,0,1775.397
4.759998,2.1,0,-11.95166,4.614482,1.696179,0,0,0,0,1787.764
4.779998,2.1,0,-11.85869,4.648497,1.700732,0,0,0,0,1800.165
4.799998,2.1,0,-11.76504,4.682602,1.705261,0,0,0,0,1812.6
4.819998,2.1,0,-11.6707,4.716798,1.709766,0,0,0,0,1825.068
4.839998,2.1,0,-11.57568,4.751083,1.714246,0,0,0,0,1837.57
4.859998,2.1,0,-11.47997,4.785457,1.718701,0,0,0,0,1850.105
4.879998,2.1,0,-11.38357,4.81992,1.723131,0,0,0,0,1862.672
4.899998,2.1,0,-11.28648,4.85447,1.727537,0,0,0,0,1875.273
4.919998,2.1,0,-11.1887,4.889109,1.731919,0,0,0,0,1887.906
4.939998,2.1,0,-11.09022,4.923834,1.736276,0,0,0,0,1900.571
4.959998,2.1,0,-10.99105,4.958646,1.740609,0,0,0,0,1913.269
4.979998,2.1,0,-10.89118,4.993545,1.744917,0,0,0,0,1925.999
4.999998,2.1,0,-10.79061,5.028529,1.749201,0,0,0,0,1938.761
5.019998,2.1,0,-10.68934,5.063598,1.75346,0,0,0,0,1951.554
5.039998,2.1,0,-10.58736,5.098752,1.757695,0,0,0,0,1964.379
5.059998,2.1,0,-10.48468,5.13399,1.761905,0,0,0,0,1977.235
5.079998,2.1,0,-10.3813,5.169312,1.766092,0,0,0,0,1990.123
5.099998,2.1,0,-10.2772,5.204717,1.770254,0,0,0,0,2003.042
5.119998,2.1,0,-10.1724,5.240204,1.774391,0,0,0,0,2015.991
5.139998,2.1,0,-10.06688,5.275774,1.778505,0,0,0,0,2028.971
5.159998,2.1,0,-9.960654,5.311426,1.782594,0,0,0,0,2041.981
5.179998,2.1,0,-9.853711,5.347159,1.786659,0,0,0,0,2055.022
5.199998,2.1,0,-9.746052,5.382973,1.7907,0,0,0,0,2068.093
5.219998,2.1,0,-9.637674,5.418868,1.794717,0,0,0,0,2081.194
5.239998,2.1,0,-9.528578,5.454842,1.79871,0,0,0,0,2094.324
5.259998,2.1,0,-9.41876,5.490895,1.802679,0,0,0,0,2107.484
5.279998,2.1,0,-9.30822,5.527028,1.806624,0,0,0,0,2120.674
5.299998,2.1,0,-9.196955,5.563239,1.810545,0,0,0,0,2133.893
5.319998,2.1,0,-9.084964,5.599527,1.814442,0,0,0,0,2147.14
5.339998,2.1,0,-8.972246,5.635894,1.818315,0,0,0,0,2160.417
5.359998,2.1,0,-8.8588,5.672337,1.822164,0,0,0,0,2173.722
5.379998,2.1,0,-8.744623,5.708857,1.82599,0,0,0,0,2187.056
5.399998,2.1,0,-8.629714,5.745453,1.829792,0,0,0,0,2200.419
5.419998,2.1,0,-8.514071,5.782124,1.83357,0,0,0,0,2213.809
5.439998,2.1,0,-8.397694,5.818871,1.837324,0,0,0,0,2227.228
5.459998,2.1,0,-8.28058,5.855691,1.841054,0,0,0,0,2240.674
5.479998,2.1,0,-8.162728,5.892587,1.844761,0,0,0,0,2254.147
5.499998,2.1,0,-8.044137,5.929555,1.848445,0,0,0,0,2267.649
5.519998,2.1,0,-7.924805,5.966598,1.852105,0,0,0,0,2281.177
5.539998,2.1,0,-7.804731,6.003712,1.855741,0,0,0,0,2294.733
5.559998,2.1,0,-7.683913,6.040899,1.859354,0,0,0,0,2308.316
5.579998,2.1,0,-7.56235,6.078158,1.862944,0,0,0,0,2321.925
5.599998,2.1,0,-7.44004,6.115488,1.86651,0,0,0,0,2335.561
5.619998,2.1,0,-7.316982,6.152889,1.870053,0,0,0,0,2349.224
5.639998,2.1,0,-7.193175,6.190361,1.873572,0,0,0,0,2362.913
5.659998,2.1,0,-7.068617,6.227902,1.877068,0,0,0,0,2376.628
5.679998,2.1,0,-6.943307,6.265513,1.880541,0,0,0,0,2390.368
5.699998,2.1,0,-6.817243,6.303193,1.883991,0,0,0,0,2404.135
5.719998,2.1,0,-6.690424,6.340941,1.887417,0,0,0,0,2417.927
5.739998,2.1,0,-6.56285,6.378757,1.890821,0,0,0,0,2431.745
5.759998,2.1,0,-6.434517,6.416642,1.894201,0,0,0,0,2445.588
5.779998,2.1,0,-6.305425,6.454593,1.897559,0,0,0,0,2459.456
5.799998,2.1,0,-6.175573,6.49261,1.900893,0,0,0,0,2473.348
5.819998,2.1,0,-6.044959,6.530694,1.904204,0,0,0,0,2487.266
5.839998,2.1,0,-5.913582,6.568844,1.907493,0,0,0,0,2501.208
5.859998,2.1,0,-5.781441,6.607059,1.910758,0,0,0,0,2515.175
5.879998,2.1,0,-5.648534,6.645339,1.914001,0,0,0,0,2529.165
5.899998,2.1,0,-5.514861,6.683684,1.917221,0,0,0,0,2543.18
5.919998,2.1,0,-5.380419,6.722092,1.920419,0,0,0,0,2557.219
5.939998,2.1,0,-5.245208,6.760564,1.923593,0,0,0,0,2571.281
5.959998,2.1,0,-5.109226,6.799099,1.926745,0,0,0,0,2585.367
5.979998,2.1,0,-4.972472,6.837697,1.929874,0,0,0,0,2599.476
5.999998,2.1,0,-4.834945,6.876356,1.932981,0,0,0,0,2613.609
6.019998,2.1,0,-4.696643,6.915077,1.936065,0,0,0,0,2627.764
6.039998,2.1,0,-4.557566,6.95386,1.939127,0,0,0,0,2641.943
6.059998,2.1,0,-4.417712,6.992703,1.942166,0,0,0,0,2606.144
6.079998,2.1,0,-4.27708,7.031607,1.945183,0,0,0,0,2132.188
6.099998,2.1,0,-4.135669,7.07057,1.948177,0,0,0,0,1850.978
6.119998,2.1,0,-3.993477,7.109593,1.95115,0,0,0,0,1685.419
6.139998,2.1,0,-3.850503,7.148675,1.954099,0,0,0,0,1589.257
6.159998,2.1,0,-3.706747,7.187816,1.957027,0,0,0,0,1534.736
6.179998,2.1,0,-3.562207,7.227014,1.959932,0,0,0,0,1555.206
6.199998,2.1,0,-3.416882,7.26627,1.962815,0,0,0,0,1570.675
6.219998,2.1,0,-3.27077,7.305583,1.965676,0,0,0,0,1583.148
6.239998,2.1,0,-3.123871,7.344954,1.968515,0,0,0,0,1593.828
6.259998,2.1,0,-2.976183,7.38438,1.971332,0,0,0,0,1603.436
6.279998,2.1,0,-2.827706,7.423863,1.974127,0,0,0,0,1612.407
6.299998,2.1,0,-2.678438,7.463401,1.976899,0,0,0,0,1620.999
6.319998,2.1,0,-2.528378,7.502994,1.97965,0,0,0,0,1629.369
6.339998,2.1,0,-2.377526,7.542642,1.982379,0,0,0,0,1637.61
6.359998,2.1,0,-2.225879,7.582344,1.985086,0,0,0,0,1645.777
6.379998,2.1,0,-2.073437,7.622099,1.987772,0,0,0,0,1653.906
6.399998,2.1,0,-1.920199,7.661908,1.990435,0,0,0,0,1662.015
6.419998,2.1,0,-1.766163,7.701769,1.993077,0,0,0,0,1670.117
6.439998,2.1,0,-1.61133,7.741683,1.995697,0,0,0,0,1678.219
6.459998,2.1,0,-1.455697,7.78165,1.998295,0,0,0,0,1686.325
6.479998,2.1,0,-1.299264,7.821667,2.000872,0,0,0,0,1694.438
6.499998,2.1,0,-1.142029,7.861736,2.003427,0,0,0,0,1702.559
6.519998,2.1,0,-0.9839919,7.901855,2.00596,0,0,0,0,1710.689
6.539998,2.1,0,-0.8251514,7.942024,2.008473,0,0,0,0,1718.829
6.559998,2.1,0,-0.6655067,7.982244,2.010963,0,0,0,0,1726.979
6.579998,2.1,0,-0.5050565,8.022512,2.013433,0,0,0,0,1735.138
6.599998,2.1,0,-0.3438,8.06283,2.015881,0,0,0,0,1743.308
6.619998,2.1,0,-0.1817361,8.103196,2.018307,0,0,0,0,1751.487
6.639997,2.1,0,-0.01886399,8.14361,2.020713,0,0,0,0,1759.677
6.659997,2.1,0,0.1448174,8.184072,2.023097,0,0,0,0,1767.876
6.679997,2.1,0,0.3093089,8.224581,2.02546,0,0,0,0,1776.085
6.699997,2.1,0,0.4746116,8.265137,2.027802,0,0,0,0,1784.304
6.719997,2.1,0,0.6407263,8.305739,2.030122,0,0,0,0,1792.532
6.739997,2.1,0,0.807654,8.346388,2.032421,0,0,0,0,1800.77
6.759997,2.1,0,0.9753956,8.387082,2.034699,0,0,0,0,1809.018
6.779998,2.1,0,1.143952,8.427821,2.036956,0,0,0,0,1817.275
6.799998,2.1,0,1.313324,8.468605,2.039192,0,0,0,0,1825.541
6.819998,2.1,0,1.483513,8.509433,2.041408,0,0,0,0,1833.817
6.839998,2.1,0,1.654519,8.550304,2.043602,0,0,0,0,1842.101
6.859998,2.1,0,1.826343,8.59122,2.045776,0,0,0,0,1850.395
6.879998,2.1,0,1.998986,8.632178,2.047928,0,0,0,0,1858.697
6.899998,2.1,0,2.17245,8.67318,2.05006,0,0,0,0,1867.009
6.919998,2.1,0,2.346735,8.714223,2.052171,0,0,0,0,1875.329
6.939998,2.1,0,2.521841,8.755308,2.054261,0,0,0,0,1883.658
6.959998,2.1,0,2.697769,8.796434,2.05633,0,0,0,0,1891.995
6.979998,2.1,0,2.874521,8.837602,2.05838,0,0,0,0,1900.341
6.999998,2.1,0,3.052097,8.87881,2.060408,0,0,0,0,1908.696
7.019998,2.1,0,3.230498,8.920058,2.062415,0,0,0,0,1917.059
7.039998,2.1,0,3.409725,8.961347,2.064402,0,0,0,0,1925.43
7.059998,2.1,0,3.589778,9.002674,2.066368,0,0,0,0,1933.809
7.079998,2.1,0,3.770659,9.044041,2.068314,0,0,0,0,1942.197
7.099998,2.1,0,3.952368,9.085445,2.070239,0,0,0,0,1950.593
7.119998,2.1,0,4.134906,9.126888,2.072144,0,0,0,0,1958.996
7.139997,2.1,0,4.318273,9.168369,2.074029,0,0,0,0,1967.407
7.159997,2.1,0,4.502471,9.209888,2.075893,0,0,0,0,1975.827
7.179997,2.1,0,4.6875,9.251442,2.077737,0,0,0,0,1984.254
7.199997,2.1,0,4.87336,9.293034,2.079561,0,0,0,0,1992.688
7.219997,2.1,0,5.060053,9.334661,2.081363,0,0,0,0,2001.13
7.239997,2.1,0,5.24758,9.376324,2.083147,0,0,0,0,2009.58
7.259997,2.1,0,5.43594,9.418022,2.08491,0,0,0,0,2018.037
7.279997,2.1,0,5.625135,9.459755,2.086652,0,0,0,0,2026.501
7.299997,2.1,0,5.815166,9.501522,2.088375,0,0,0,0,2034.972
7.319997,2.1,0,6.006032,9.543324,2.090078,0,0,0,0,2043.451
7.339997,2.1,0,6.197735,9.585158,2.09176,0,0,0,0,2051.936
7.359997,2.1,0,6.390276,9.627027,2.093423,0,0,0,0,2060.428
7.379997,2.1,0,6.583654,9.668928,2.095065,0,0,0,0,2068.928
7.399997,2.1,0,6.777872,9.710862,2.096688,0,0,0,0,2077.434
7.419997,2.1,0,6.972928,9.752828,2.09829,0,0,0,0,2085.947
7.439997,2.1,0,7.168825,9.794826,2.099873,0,0,0,0,2094.466
7.459997,2.1,0,7.365561,9.836854,2.101435,0,0,0,0,2102.992
7.479997,2.1,0,7.56314,9.878914,2.102978,0,0,0,0,2111.525
7.499997,2.1,0,7.76156,9.921004,2.104501,0,0,0,0,2120.064
7.519997,2.1,0,7.960823,9.963124,2.106003,0,0,0,0,2128.609
7.539997,2.1,0,8.160928,10.00527,2.107487,0,0,0,0,2137.161
7.559998,2.1,0,8.361876,10.04745,2.108951,0,0,0,0,2145.719
7.579998,2.1,0,8.563669,10.08966,2.110394,0,0,0,0,2154.282
7.599998,2.1,0,8.766307,10.1319,2.111819,0,0,0,0,2162.852
7.619998,2.1,0,8.96979,10.17416,2.113224,0,0,0,0,2171.427
7.639997,2.1,0,9.174119,10.21645,2.114609,0,0,0,0,2180.009
7.659997,2.1,0,9.379294,10.25877,2.115974,0,0,0,0,2188.596
7.679997,2.1,0,9.585317,10.30112,2.117321,0,0,0,0,2197.189
7.699997,2.1,0,9.792187,10.34349,2.118647,0,0,0,0,2205.787
7.719997,2.1,0,9.999905,10.38589,2.119955,0,0,0,0,2214.391
7.739997,2.1,0,10.20847,10.42832,2.121242,0,0,0,0,2223
7.759997,2.1,0,10.41789,10.47077,2.12251,0,0,0,0,2231.615
7.779997,2.1,0,10.62815,10.51324,2.123759,0,0,0,0,2240.235
7.799997,2.1,0,10.83927,10.55574,2.124989,0,0,0,0,2248.861
7.819997,2.1,0,11.05123,10.59826,2.126199,0,0,0,0,2257.491
7.839997,2.1,0,11.26405,10.64081,2.127389,0,0,0,0,2266.126
7.859997,2.1,0,11.47772,10.68338,2.128561,0,0,0,0,2274.767
7.879997,2.1,0,11.69224,10.72598,2.129712,0,0,0,0,2283.412
7.899997,2.1,0,11.90761,10.76859,2.130846,0,0,0,0,2292.062
7.919997,2.1,0,12.12383,10.81123,2.131959,0,0,0,0,2300.717
7.939997,2.1,0,12.34091,10.85389,2.133054,0,0,0,0,2309.376
7.959997,2.1,0,12.55884,10.89658,2.13413,0,0,0,0,2318.04
7.979997,2.1,0,12.77763,10.93928,2.135186,0,0,0,0,2326.708
7.999997,2.1,0,12.99727,10.98201,2.136224,0,0,0,0,2335.381
8.019998,2.1,0,13.21776,11.02475,2.137242,0,0,0,0,2344.058
8.039997,2.1,0,13.43911,11.06751,2.138241,0,0,0,0,2352.74
8.059998,2.1,0,13.66132,11.1103,2.13922,0,0,0,0,2361.425
8.079997,2.1,0,13.88438,11.1531,2.140182,0,0,0,0,2370.115
8.099998,2.1,0,14.1083,11.19593,2.141124,0,0,0,0,2378.809
8.119997,2.1,0,14.33307,11.23877,2.142047,0,0,0,0,2387.506
8.139997,2.1,0,14.55871,11.28163,2.142951,0,0,0,0,2396.208
8.159997,2.1,0,14.7852,11.3245,2.143836,0,0,0,0,2404.913
8.179997,2.1,0,15.01254,11.3674,2.144703,0,0,0,0,2413.622
8.199997,2.1,0,15.24075,11.41031,2.14555,0,0,0,0,2422.335
8.219997,2.1,0,15.46982,11.45323,2.146379,0,0,0,0,2431.051
8.239997,2.1,0,15.69974,11.49618,2.147189,0,0,0,0,2439.771
8.259997,2.1,0,15.93052,11.53914,2.14798,0,0,0,0,2448.494
8.279997,2.1,0,16.16216,11.58211,2.148753,0,0,0,0,2457.22
8.299997,2.1,0,16.39466,11.6251,2.149506,0,0,0,0,2465.95
8.319997,2.1,0,16.62803,11.66811,2.150242,0,0,0,0,2474.683
8.339997,2.1,0,16.86225,11.71113,2.150958,0,0,0,0,2483.419
8.359997,2.1,0,17.09733,11.75416,2.151656,0,0,0,0,2492.158
8.379997,2.1,0,17.33328,11.79721,2.152335,0,0,0,0,2500.9
8.399997,2.1,0,17.57008,11.84027,2.152995,0,0,0,0,2509.645
8.419997,2.1,0,17.80775,11.88334,2.153637,0,0,0,0,2518.393
8.439997,2.1,0,18.04628,11.92642,2.15426,0,0,0,0,2527.143
8.459997,2.1,0,18.28567,11.96952,2.154865,0,0,0,0,2535.896
8.479997,2.1,0,18.52592,12.01263,2.155451,0,0,0,0,2544.652
8.499997,2.1,0,18.76704,12.05575,2.156019,0,0,0,0,2553.41
8.519997,2.1,0,19.00901,12.09888,2.156569,0,0,0,0,2562.17
8.539997,2.1,0,19.25185,12.14203,2.157099,0,0,0,0,2570.933
8.559997,2.1,0,19.49556,12.18518,2.157611,0,0,0,0,2579.698
8.579997,2.1,0,19.74012,12.22834,2.158106,0,0,0,0,2588.466
8.599997,2.1,0,19.98555,12.27151,2.158581,0,0,0,0,2597.235
8.619997,2.1,0,20.23185,12.31469,2.159038,0,0,0,0,2606.007
8.639997,2.1,0,20.47901,12.35788,2.159478,0,0,0,0,2614.78
8.659997,2.1,0,20.72703,12.40108,2.159898,0,0,0,0,2623.555
8.679996,2.1,0,20.97591,12.44429,2.160301,0,0,0,0,2632.333
8.699997,2.1,0,21.22566,12.4875,2.160686,0,0,0,0,2641.112
8.719996,2.1,0,21.47628,12.53072,2.161052,0,0,0,0,2649.892
8.739997,2.1,0,21.72776,12.57395,2.1614,0,0,0,0,2608.675
8.759997,2.1,0,21.9801,12.61718,2.16173,0,0,0,0,2290.628
8.779997,2.1,0,22.23331,12.66043,2.162041,0,0,0,0,2102.294
8.799997,2.1,0,22.48738,12.70367,2.162335,0,0,0,0,1991.788
8.819997,2.1,0,22.74232,12.74692,2.16261,0,0,0,0,1927.98
8.839997,2.1,0,22.99813,12.79018,2.162868,0,0,0,0,1892.19
8.859997,2.1,0,23.25479,12.83344,2.163106,0,0,0,0,1923.212
8.879997,2.1,0,23.51233,12.87671,2.163328,0,0,0,0,1944.321
8.899997,2.1,0,23.77073,12.91998,2.163531,0,0,0,0,1959.482
8.919997,2.1,0,24.02999,12.96325,2.163716,0,0,0,0,1971.076
8.939997,2.1,0,24.29012,13.00653,2.163884,0,0,0,0,1980.528
8.959997,2.1,0,24.55112,13.04981,2.164033,0,0,0,0,1988.697
8.979997,2.1,0,24.81298,13.0931,2.164165,0,0,0,0,1996.095
8.999997,2.1,0,25.07571,13.13638,2.164277,0,0,0,0,2003.031
9.019997,2.1,0,25.3393,13.17967,2.164373,0,0,0,0,2009.689
9.039997,2.1,0,25.60376,13.22296,2.164451,0,0,0,0,2016.182
9.059997,2.1,0,25.86909,13.26625,2.164511,0,0,0,0,2022.575
9.079997,2.1,0,26.13528,13.30954,2.164554,0,0,0,0,2028.908
9.099997,2.1,0,26.40234,13.35283,2.164577,0,0,0,0,2035.206
9.119997,2.1,0,26.67026,13.39612,2.164584,0,0,0,0,2041.482
9.139997,2.1,0,26.93904,13.43941,2.164573,0,0,0,0,2047.745
9.159997,2.1,0,27.2087,13.48271,2.164544,0,0,0,0,2054.001
9.179996,2.1,0,27.47922,13.526,2.164497,0,0,0,0,2060.252
9.199997,2.1,0,27.7506,13.56928,2.164433,0,0,0,0,2066.5
9.219996,2.1,0,28.02285,13.61257,2.164351,0,0,0,0,2072.746
9.239997,2.1,0,28.29597,13.65586,2.164251,0,0,0,0,2078.991
9.259996,2.1,0,28.56995,13.69914,2.164134,0,0,0,0,2085.235
9.279997,2.1,0,28.8448,13.74242,2.163999,0,0,0,0,2091.479
9.299996,2.1,0,29.12052,13.7857,2.163847,0,0,0,0,2097.722
9.319997,2.1,0,29.39709,13.82897,2.163677,0,0,0,0,2103.965
9.339996,2.1,0,29.67454,13.87224,2.163489,0,0,0,0,2110.207
9.359997,2.1,0,29.95285,13.9155,2.163284,0,0,0,0,2116.449
9.379996,2.1,0,30.23203,13.95877,2.163061,0,0,0,0,2122.69
9.399997,2.1,0,30.51207,14.00202,2.162821,0,0,0,0,2128.93
9.419996,2.1,0,30.79297,14.04527,2.162563,0,0,0,0,2135.17
9.439997,2.1,0,31.07474,14.08852,2.162288,0,0,0,0,2141.409
9.459996,2.1,0,31.35738,14.13176,2.161997,0,0,0,0,2147.648
9.479997,2.1,0,31.64088,14.17499,2.161687,0,0,0,0,2153.885
9.499996,2.1,0,31.92524,14.21822,2.16136,0,0,0,0,2160.122
9.519997,2.1,0,32.21047,14.26144,2.161016,0,0,0,0,2166.358
9.539996,2.1,0,32.49656,14.30465,2.160654,0,0,0,0,2172.594
9.559997,2.1,0,32.78352,14.34786,2.160276,0,0,0,0,2178.828
9.579997,2.1,0,33.07134,14.39106,2.15988,0,0,0,0,2185.061
9.599997,2.1,0,33.36003,14.43425,2.159467,0,0,0,0,2191.293
9.619997,2.1,0,33.64957,14.47743,2.159037,0,0,0,0,2197.524
9.639997,2.1,0,33.93999,14.5206,2.158589,0,0,0,0,2203.753
9.659997,2.1,0,34.23126,14.56376,2.158125,0,0,0,0,2209.982
9.679996,2.1,0,34.5234,14.60691,2.157643,0,0,0,0,2216.209
9.699997,2.1,0,34.8164,14.65006,2.157144,0,0,0,0,2222.435
9.719996,2.1,0,35.11026,14.69319,2.156628,0,0,0,0,2228.66
9.739997,2.1,0,35.40499,14.73631,2.156095,0,0,0,0,2234.883
9.759996,2.1,0,35.70058,14.77942,2.155545,0,0,0,0,2241.105
9.779997,2.1,0,35.99703,14.82252,2.154977,0,0,0,0,2247.325
9.799996,2.1,0,36.29435,14.86561,2.154394,0,0,0,0,2253.544
9.819997,2.1,0,36.59252,14.90868,2.153793,0,0,0,0,2259.761
9.839996,2.1,0,36.89155,14.95175,2.153176,0,0,0,0,2265.976
9.859997,2.1,0,37.19145,14.9948,2.152542,0,0,0,0,2272.19
9.879996,2.1,0,37.49221,15.03784,2.151891,0,0,0,0,2278.402
9.899997,2.1,0,37.79382,15.08086,2.151222,0,0,0,0,2284.612
9.919996,2.1,0,38.0963,15.12387,2.150537,0,0,0,0,2290.82
9.939997,2.1,0,38.39964,15.16687,2.149835,0,0,0,0,2297.026
9.959996,2.1,0,38.70383,15.20985,2.149117,0,0,0,0,2303.23
9.979997,2.1,0,39.00889,15.25282,2.148381,0,0,0,0,2309.433
9.999996,2.1,0,39.31481,15.29577,2.147629,0,0,0,0,2315.633
10.02,2.1,0,39.62158,15.33871,2.14686,0,0,0,0,2321.832
10.04,2.1,0,39.92921,15.38163,2.146074,0,0,0,0,2328.028
10.06,2.1,0,40.23771,15.42453,2.145272,0,0,0,0,2334.221
10.08,2.1,0,40.54705,15.46742,2.144453,0,0,0,0,2340.413
10.1,2.1,0,40.85726,15.51029,2.143618,0,0,0,0,2346.603
10.12,2.1,0,41.16832,15.55315,2.142766,0,0,0,0,2352.79
10.14,2.1,0,41.48024,15.59599,2.141897,0,0,0,0,2358.974
10.16,2.1,0,41.79302,15.63881,2.141012,0,0,0,0,2365.156
10.18,2.1,0,42.10665,15.68161,2.140111,0,0,0,0,2371.336
10.2,2.1,0,42.42114,15.72439,2.139193,0,0,0,0,2377.513
10.22,2.1,0,42.73648,15.76716,2.138259,0,0,0,0,2383.688
10.24,2.1,0,43.05268,15.80991,2.137308,0,0,0,0,2389.86
10.26,2.1,0,43.36973,15.85263,2.136341,0,0,0,0,2396.029
10.28,2.1,0,43.68763,15.89534,2.135357,0,0,0,0,2402.196
10.3,2.1,0,44.00639,15.93803,2.134358,0,0,0,0,2408.36
10.32,2.1,0,44.32601,15.98069,2.133341,0,0,0,0,2414.521
10.34,2.1,0,44.64647,16.02334,2.132309,0,0,0,0,2420.679
10.36,2.1,0,44.96779,16.06597,2.131261,0,0,0,0,2426.834
10.38,2.1,0,45.28996,16.10857,2.130196,0,0,0,0,2432.987
10.4,2.1,0,45.61299,16.15115,2.129115,0,0,0,0,2439.136
10.42,2.1,0,45.93686,16.19371,2.128018,0,0,0,0,2445.282
10.44,2.1,0,46.26159,16.23625,2.126905,0,0,0,0,2451.426
10.46,2.1,0,46.58717,16.27876,2.125776,0,0,0,0,2457.566
10.48,2.1,0,46.91359,16.32126,2.124631,0,0,0,0,2463.702
10.5,2.1,0,47.24086,16.36373,2.12347,0,0,0,0,2469.836
10.52,2.1,0,47.56899,16.40617,2.122293,0,0,0,0,2475.966
10.54,2.1,0,47.89796,16.44859,2.1211,0,0,0,0,2482.093
10.56,2.1,0,48.22778,16.49099,2.119891,0,0,0,0,2488.217
10.58,2.1,0,48.55844,16.53337,2.118666,0,0,0,0,2494.337
10.6,2.1,0,48.88996,16.57571,2.117425,0,0,0,0,2500.454
10.62,2.1,0,49.22232,16.61804,2.116168,0,0,0,0,2506.567
10.64,2.1,0,49.55552,16.66034,2.114896,0,0,0,0,2512.677
10.66,2.1,0,49.88958,16.70261,2.113608,0,0,0,0,2518.783
10.68,2.1,0,50.22447,16.74485,2.112304,0,0,0,0,2524.885
10.7,2.1,0,50.56021,16.78707,2.110985,0,0,0,0,2530.984
10.72,2.1,0,50.8968,16.82927,2.10965,0,0,0,0,2537.079
10.74,2.1,0,51.23423,16.87143,2.1083,0,0,0,0,2543.17
10.76,2.1,0,51.5725,16.91357,2.106933,0,0,0,0,2549.258
10.78,2.1,0,51.91162,16.95568,2.105551,0,0,0,0,2555.341
10.8,2.1,0,52.25157,16.99776,2.104155,0,0,0,0,2561.421
10.82,2.1,0,52.59237,17.03982,2.102741,0,0,0,0,2567.496
10.84,2.1,0,52.93401,17.08185,2.101312,0,0,0,0,2573.568
10.86,2.1,0,53.27648,17.12384,2.099869,0,0,0,0,2579.636
10.88,2.1,0,53.6198,17.16581,2.098409,0,0,0,0,2585.699
10.9,2.1,0,53.96395,17.20775,2.096935,0,0,0,0,2591.759
10.92,2.1,0,54.30894,17.24966,2.095446,0,0,0,0,2597.814
10.94,2.1,0,54.65477,17.29154,2.093941,0,0,0,0,2603.865
10.96,2.1,0,55.00144,17.33339,2.092421,0,0,0,0,2609.911
10.98,2.1,0,55.34895,17.37521,2.090885,0,0,0,0,2615.954
11,2.1,0,55.69728,17.41699,2.089335,0,0,0,0,2621.992
11.02,2.1,0,56.04646,17.45875,2.08777,0,0,0,0,2628.025
11.04,2.1,0,56.39647,17.50047,2.08619,0,0,0,0,2634.054
11.06,2.1,0,56.74731,17.54216,2.084594,0,0,0,0,2640.079
11.08,2.1,0,57.09899,17.58382,2.082983,0,0,0,0,2646.099
11.1,2.1,0,57.4515,17.62545,2.081357,0,0,0,0,2652.115
11.12,2.1,0,57.80484,17.66705,2.079716,0,0,0,0,2658.125
11.14,2.1,0,58.15901,17.70861,2.078061,0,0,0,0,2664.132
11.16,2.1,0,58.51401,17.75014,2.076391,0,0,0,0,2670.133
11.18,2.1,0,58.86984,17.79163,2.074705,0,0,0,0,2676.13
11.2,2.1,0,59.22651,17.83309,2.073004,0,0,0,0,2682.122
11.22,2.1,0,59.584,17.87452,2.07129,0,0,0,0,2688.109
11.24,2.1,0,59.94231,17.91591,2.069561,0,0,0,0,2694.091
11.26,2.1,0,60.30146,17.95726,2.067816,0,0,0,0,2700.069
11.28,2.1,0,60.66143,17.99858,2.066058,0,0,0,0,2706.041
11.3,2.1,0,61.02223,18.03987,2.064285,0,0,0,0,2712.008
11.32,2.1,0,61.38385,18.08112,2.062497,0,0,0,0,2717.971
11.34,2.1,0,61.7463,18.12234,2.060695,0,0,0,0,2723.928
11.36,2.1,0,62.10957,18.16351,2.058879,0,0,0,0,2729.88
11.38,2.1,0,62.47366,18.20465,2.057048,0,0,0,0,2735.827
11.4,2.1,0,62.83857,18.24576,2.055202,0,0,0,0,2741.769
11.42,2.1,0,63.20431,18.28683,2.053344,0,0,0,0,2747.705
11.44,2.1,0,63.57087,18.32785,2.05147,0,0,0,0,2753.636
11.46,2.1,0,63.93825,18.36884,2.049582,0,0,0,0,2759.562
11.48,2.1,0,64.30644,18.4098,2.047679,0,0,0,0,2765.482
11.5,2.1,0,64.67545,18.45071,2.045764,0,0,0,0,2771.397
11.52,2.1,0,65.04529,18.49159,2.043834,0,0,0,0,2777.306
11.54,2.1,0,65.41594,18.53243,2.041889,0,0,0,0,2783.21
11.56,2.1,0,65.78741,18.57323,2.039931,0,0,0,0,2789.109
11.58,2.1,0,66.15968,18.61399,2.037958,0,0,0,0,2795.001
11.6,2.1,0,66.53278,18.65471,2.035972,0,0,0,0,2800.889
11.62,2.1,0,66.90668,18.69538,2.033971,0,0,0,0,2806.77
11.64,2.1,0,67.2814,18.73602,2.031957,0,0,0,0,2812.646
11.66,2.1,0,67.65694,18.77662,2.029929,0,0,0,0,2818.516
11.68,2.1,0,68.03328,18.81718,2.027888,0,0,0,0,2824.38
11.7,2.1,0,68.41043,18.8577,2.025832,0,0,0,0,2830.239
11.72,2.1,0,68.78839,18.89817,2.023764,0,0,0,0,2836.091
11.74,2.1,0,69.16716,18.93861,2.021681,0,0,0,0,2841.938
11.76,2.1,0,69.54674,18.979,2.019585,0,0,0,0,2847.779
11.78,2.1,0,69.92712,19.01935,2.017475,0,0,0,0,2853.614
11.8,2.1,0,70.30832,19.05965,2.015352,0,0,0,0,2859.442
11.82,2.1,0,70.69032,19.09992,2.013216,0,0,0,0,2865.265
11.84,2.1,0,71.07312,19.14014,2.011066,0,0,0,0,2871.081
11.86,2.1,0,71.45673,19.18032,2.008903,0,0,0,0,2876.892
11.88,2.1,0,71.84113,19.22045,2.006726,0,0,0,0,2882.696
11.9,2.1,0,72.22634,19.26054,2.004537,0,0,0,0,2888.494
11.92,2.1,0,72.61235,19.30059,2.002335,0,0,0,0,2894.286
11.94,2.1,0,72.99916,19.34059,2.000119,0,0,0,0,2900.071
11.96,2.1,0,73.38677,19.38055,1.99789,0,0,0,0,2905.85
11.98,2.1,0,73.77518,19.42046,1.995648,0,0,0,0,2911.623
12,2.1,0,74.16439,19.46033,1.993393,0,0,0,0,2917.389
12.02,2.1,0,74.55439,19.50015,1.991125,0,0,0,0,2873.149
12.04,2.1,0,74.94519,19.53993,1.988846,0,0,0,0,2598.984
12.06,2.1,0,75.33678,19.57966,1.986551,0,0,0,0,2436.27
12.08,2.1,0,75.72917,19.61934,1.984246,0,0,0,0,2340.425
12.1,2.1,0,76.12235,19.65898,1.981927,0,0,0,0,2284.698
12.12,2.1,0,76.51633,19.69858,1.979596,0,0,0,0,2253.041
12.14,2.1,0,76.91109,19.73812,1.977251,0,0,0,0,2285.824
12.16,2.1,0,77.30664,19.77762,1.974894,0,0,0,0,2307.268
12.18,2.1,0,77.70298,19.81707,1.972525,0,0,0,0,2321.907
12.2,2.1,0,78.10011,19.85647,1.970145,0,0,0,0,2332.46
12.22,2.1,0,78.49803,19.89582,1.967751,0,0,0,0,2340.561
12.24,2.1,0,78.89674,19.93513,1.965346,0,0,0,0,2347.188
12.26,2.1,0,79.29623,19.97439,1.962927,0,0,0,0,2352.927
12.28,2.1,0,79.6965,20.0136,1.960496,0,0,0,0,2358.133
12.3,2.1,0,80.09755,20.05276,1.958053,0,0,0,0,2363.016
12.32,2.1,0,80.49939,20.09187,1.955598,0,0,0,0,2367.703
12.34,2.1,0,80.90201,20.13094,1.95313,0,0,0,0,2372.271
12.36,2.1,0,81.3054,20.16995,1.950652,0,0,0,0,2376.764
12.38,2.1,0,81.70958,20.20891,1.94816,0,0,0,0,2381.211
12.4,2.1,0,82.11453,20.24783,1.945657,0,0,0,0,2385.627
12.42,2.1,0,82.52026,20.28669,1.943142,0,0,0,0,2390.024
12.44,2.1,0,82.92677,20.3255,1.940615,0,0,0,0,2394.406
12.46,2.1,0,83.33406,20.36426,1.938078,0,0,0,0,2398.776
12.48,2.1,0,83.74212,20.40297,1.935528,0,0,0,0,2403.138
12.5,2.1,0,84.15095,20.44163,1.932967,0,0,0,0,2407.493
12.52,2.1,0,84.56055,20.48024,1.930394,0,0,0,0,2411.84
12.54,2.1,0,84.97093,20.5188,1.927808,0,0,0,0,2416.181
12.56,2.1,0,85.38208,20.5573,1.925213,0,0,0,0,2420.516
12.58,2.1,0,85.794,20.59575,1.922605,0,0,0,0,2424.845
12.6,2.1,0,86.20668,20.63415,1.919986,0,0,0,0,2429.168
12.62,2.1,0,86.62013,20.6725,1.917356,0,0,0,0,2433.485
12.64,2.1,0,87.03435,20.71079,1.914715,0,0,0,0,2437.796
12.66,2.1,0,87.44933,20.74903,1.912063,0,0,0,0,2442.101
12.68,2.1,0,87.86507,20.78722,1.909401,0,0,0,0,2446.4
12.7,2.1,0,88.28157,20.82536,1.906725,0,0,0,0,2450.694
12.72,2.1,0,88.69884,20.86344,1.904042,0,0,0,0,2454.981
12.74,2.1,0,89.11687,20.90146,1.901346,0,0,0,0,2459.262
12.76,2.1,0,89.53565,20.93944,1.898638,0,0,0,0,2463.538
12.78,2.1,0,89.9552,20.97736,1.895921,0,0,0,0,2467.807
12.8,2.1,0,90.3755,21.01522,1.893193,0,0,0,0,2472.07
12.82,2.1,0,90.79656,21.05303,1.890453,0,0,0,0,2476.327
12.84,2.1,0,91.21838,21.09078,1.887703,0,0,0,0,2480.578
12.86,2.1,0,91.64095,21.12848,1.884942,0,0,0,0,2484.823
12.88,2.1,0,92.06427,21.16613,1.882172,0,0,0,0,2489.062
12.9,2.1,0,92.48834,21.20371,1.87939,0,0,0,0,2493.294
12.92,2.1,0,92.91317,21.24125,1.876598,0,0,0,0,2497.521
12.94,2.1,0,93.33875,21.27872,1.873796,0,0,0,0,2501.741
12.96,2.1,0,93.76507,21.31614,1.870984,0,0,0,0,2505.955
12.98,2.1,0,94.19214,21.35351,1.868162,0,0,0,0,2510.162
13,2.1,0,94.61996,21.39081,1.865329,0,0,0,0,2514.363
13.02,2.1,0,95.04852,21.42806,1.862487,0,0,0,0,2518.558
13.04,2.1,0,95.47782,21.46526,1.859635,0,0,0,0,2522.747
13.06,2.1,0,95.90787,21.50239,1.856771,0,0,0,0,2526.929
13.08,2.1,0,96.33865,21.53947,1.853899,0,0,0,0,2531.105
13.1,2.1,0,96.77018,21.57649,1.851017,0,0,0,0,2535.274
13.12,2.1,0,97.20245,21.61345,1.848126,0,0,0,0,2539.438
13.14,2.1,0,97.63545,21.65036,1.845225,0,0,0,0,2543.594
13.16,2.1,0,98.0692,21.6872,1.842314,0,0,0,0,2547.744
13.18,2.1,0,98.50368,21.72399,1.839394,0,0,0,0,2551.888
13.2,2.1,0,98.93889,21.76072,1.836465,0,0,0,0,2556.025
13.22,2.1,0,99.37484,21.79739,1.833525,0,0,0,0,2560.155
13.24,2.1,0,99.81152,21.834,1.830577,0,0,0,0,2564.279
13.26,2.1,0,100.2489,21.87056,1.827618,0,0,0,0,2568.396
13.27999,2.1,0,100.6871,21.90705,1.824651,0,0,0,0,2572.507
13.3,2.1,0,101.1259,21.94348,1.821675,0,0,0,0,2576.611
13.31999,2.1,0,101.5655,21.97986,1.818689,0,0,0,0,2580.709
13.34,2.1,0,102.0059,22.01617,1.815696,0,0,0,0,2584.8
13.35999,2.1,0,102.4469,22.05242,1.812692,0,0,0,0,2588.884
13.38,2.1,0,102.8887,22.08862,1.80968,0,0,0,0,2592.961
13.39999,2.1,0,103.3312,22.12475,1.806659,0,0,0,0,2597.032
13.42,2.1,0,103.7744,22.16082,1.803629,0,0,0,0,2601.096
13.43999,2.1,0,104.2183,22.19683,1.800592,0,0,0,0,2605.153
13.46,2.1,0,104.663,22.23279,1.797545,0,0,0,0,2609.203
13.47999,2.1,0,105.1084,22.26868,1.79449,0,0,0,0,2613.247
13.5,2.1,0,105.5545,22.3045,1.791425,0,0,0,0,2617.284
13.51999,2.1,0,106.0013,22.34027,1.788354,0,0,0,0,2621.313
13.54,2.1,0,106.4488,22.37598,1.785273,0,0,0,0,2625.336
13.56,2.1,0,106.897,22.41162,1.782184,0,0,0,0,2629.353
13.58,2.1,0,107.346,22.4472,1.779087,0,0,0,0,2633.362
13.6,2.1,0,107.7956,22.48272,1.775981,0,0,0,0,2637.364
13.62,2.1,0,108.246,22.51818,1.772867,0,0,0,0,2641.36
13.64,2.1,0,108.6971,22.55358,1.769746,0,0,0,0,2645.348
13.66,2.1,0,109.1488,22.58891,1.766617,0,0,0,0,2649.33
13.68,2.1,0,109.6013,22.62418,1.76348,0,0,0,0,2653.304
13.7,2.1,0,110.0545,22.65938,1.760335,0,0,0,0,2657.271
13.72,2.1,0,110.5084,22.69452,1.757184,0,0,0,0,2661.232
13.74,2.1,0,110.963,22.7296,1.754025,0,0,0,0,2665.185
13.76,2.1,0,111.4183,22.76462,1.750856,0,0,0,0,2669.131
13.77999,2.1,0,111.8743,22.79958,1.747681,0,0,0,0,2673.071
13.8,2.1,0,112.3309,22.83447,1.744497,0,0,0,0,2677.003
13.81999,2.1,0,112.7883,22.86929,1.741308,0,0,0,0,2680.928
13.84,2.1,0,113.2464,22.90405,1.738111,0,0,0,0,2684.845
13.85999,2.1,0,113.7052,22.93875,1.734907,0,0,0,0,2688.756
13.88,2.1,0,114.1647,22.97338,1.731693,0,0,0,0,2692.66
13.89999,2.1,0,114.6248,23.00795,1.728475,0,0,0,0,2696.556
13.92,2.1,0,115.0857,23.04246,1.725249,0,0,0,0,2700.445
13.93999,2.1,0,115.5472,23.0769,1.722016,0,0,0,0,2704.327
13.96,2.1,0,116.0094,23.11128,1.718776,0,0,0,0,2708.202
13.97999,2.1,0,116.4723,23.14559,1.715527,0,0,0,0,2712.07
14,2.1,0,116.9359,23.17983,1.712273,0,0,0,0,2715.93
14.01999,2.1,0,117.4002,23.21401,1.709013,0,0,0,0,2719.783
14.04,2.1,0,117.8652,23.24813,1.705746,0,0,0,0,2723.628
14.05999,2.1,0,118.3308,23.28218,1.702473,0,0,0,0,2727.467
14.08,2.1,0,118.7972,23.31616,1.699192,0,0,0,0,2731.298
14.09999,2.1,0,119.2642,23.35008,1.695906,0,0,0,0,2735.122
14.12,2.1,0,119.7318,23.38393,1.692613,0,0,0,0,2738.938
14.13999,2.1,0,120.2002,23.41772,1.689314,0,0,0,0,2742.747
14.16,2.1,0,120.6692,23.45144,1.686008,0,0,0,0,2746.548
14.17999,2.1,0,121.1389,23.48509,1.682697,0,0,0,0,2750.342
14.2,2.1,0,121.6093,23.51868,1.679379,0,0,0,0,2754.129
14.21999,2.1,0,122.0804,23.5522,1.676054,0,0,0,0,2757.908
14.24,2.1,0,122.5521,23.58566,1.672724,0,0,0,0,2761.68
14.25999,2.1,0,123.0244,23.61904,1.669389,0,0,0,0,2765.445
14.27999,2.1,0,123.4975,23.65236,1.666047,0,0,0,0,2769.202
14.29999,2.1,0,123.9712,23.68562,1.6627,0,0,0,0,2772.951
14.31999,2.1,0,124.4456,23.71881,1.659348,0,0,0,0,2776.694
14.34,2.1,0,124.9206,23.75193,1.655989,0,0,0,0,2780.428
14.35999,2.1,0,125.3963,23.78498,1.652626,0,0,0,0,2784.155
14.38,2.1,0,125.8727,23.81796,1.649257,0,0,0,0,2787.875
14.39999,2.1,0,126.3497,23.85088,1.645882,0,0,0,0,2791.587
14.42,2.1,0,126.8274,23.88373,1.642503,0,0,0,0,2795.291
14.43999,2.1,0,127.3057,23.91651,1.639118,0,0,0,0,2798.988
14.46,2.1,0,127.7847,23.94923,1.635728,0,0,0,0,2802.677
14.47999,2.1,0,128.2643,23.98187,1.632332,0,0,0,0,2806.359
14.5,2.1,0,128.7446,24.01445,1.628932,0,0,0,0,2810.033
14.51999,2.1,0,129.2255,24.04696,1.625527,0,0,0,0,2813.699
14.54,2.1,0,129.7071,24.07941,1.622115,0,0,0,0,2817.358
14.55999,2.1,0,130.1894,24.11178,1.6187,0,0,0,0,2821.009
14.58,2.1,0,130.6722,24.14408,1.615281,0,0,0,0,2824.653
14.59999,2.1,0,131.1558,24.17632,1.611857,0,0,0,0,2828.289
14.62,2.1,0,131.6399,24.20849,1.608427,0,0,0,0,2831.917
14.63999,2.1,0,132.1248,24.24059,1.604992,0,0,0,0,2835.537
14.66,2.1,0,132.6102,24.27262,1.601553,0,0,0,0,2839.15
14.67999,2.1,0,133.0963,24.30458,1.598111,0,0,0,0,2842.755
14.7,2.1,0,133.583,24.33648,1.594665,0,0,0,0,2846.353
14.71999,2.1,0,134.0704,24.3683,1.591214,0,0,0,0,2849.942
14.74,2.1,0,134.5584,24.40006,1.587759,0,0,0,0,2853.524
14.75999,2.1,0,135.047,24.43174,1.584298,0,0,0,0,2857.099
14.77999,2.1,0,135.5363,24.46336,1.580835,0,0,0,0,2860.665
14.79999,2.1,0,136.0262,24.49491,1.577366,0,0,0,0,2864.224
14.81999,2.1,0,136.5167,24.52638,1.573895,0,0,0,0,2867.775
14.83999,2.1,0,137.0079,24.55779,1.57042,0,0,0,0,2871.318
14.85999,2.1,0,137.4996,24.58913,1.566941,0,0,0,0,2874.854
14.87999,2.1,0,137.9921,24.6204,1.563458,0,0,0,0,2878.381
14.89999,2.1,0,138.4851,24.6516,1.559971,0,0,0,0,2881.901
14.91999,2.1,0,138.9787,24.68273,1.556481,0,0,0,0,2885.413
14.93999,2.1,0,139.473,24.71379,1.552988,0,0,0,0,2888.917
14.95999,2.1,0,139.9679,24.74478,1.549491,0,0,0,0,2892.413
14.97999,2.1,0,140.4634,24.7757,1.54599,0,0,0,0,2895.902
14.99999,2.1,0,140.9595,24.80655,1.542486,0,0,0,0,2899.383
15.01999,2.1,0,141.4563,24.83733,1.538979,0,0,0,0,2902.855
15.03999,2.1,0,141.9536,24.86804,1.535469,0,0,0,0,2906.32
15.05999,2.1,0,142.4516,24.89868,1.531955,0,0,0,0,2909.777
15.07999,2.1,0,142.9502,24.92925,1.528438,0,0,0,0,2913.227
15.09999,2.1,0,143.4494,24.95975,1.524918,0,0,0,0,2916.668
15.12,2.1,0,143.9492,24.99017,1.521395,0,0,0,0,2920.102
15.13999,2.1,0,144.4496,25.02053,1.51787,0,0,0,0,2923.527
15.16,2.1,0,144.9506,25.05082,1.514343,0,0,0,0,2926.945
15.17999,2.1,0,145.4522,25.08103,1.510811,0,0,0,0,2930.354
15.2,2.1,0,145.9545,25.11118,1.507278,0,0,0,0,2933.756
15.21999,2.1,0,146.4573,25.14125,1.503742,0,0,0,0,2937.15
15.24,2.1,0,146.9607,25.17126,1.500203,0,0,0,0,2940.536
15.25999,2.1,0,147.4647,25.20119,1.496662,0,0,0,0,2943.915
15.27999,2.1,0,147.9694,25.23105,1.493119,0,0,0,0,2947.285
15.29999,2.1,0,148.4746,25.26085,1.489573,0,0,0,0,2950.647
15.31999,2.1,0,148.9804,25.29057,1.486026,0,0,0,0,2954.001
15.33999,2.1,0,149.4868,25.32022,1.482476,0,0,0,0,2957.347
15.35999,2.1,0,149.9938,25.34979,1.478924,0,0,0,0,2960.686
15.37999,2.1,0,150.5014,25.3793,1.47537,0,0,0,0,2964.016
15.39999,2.1,0,151.0096,25.40874,1.471814,0,0,0,0,2967.338
15.41999,2.1,0,151.5183,25.4381,1.468256,0,0,0,0,2970.653
15.43999,2.1,0,152.0277,25.4674,1.464696,0,0,0,0,2973.959
15.45999,2.1,0,152.5376,25.49662,1.461134,0,0,0,0,2977.258
15.47999,2.1,0,153.0481,25.52577,1.457571,0,0,0,0,2980.548
15.49999,2.1,0,153.5592,25.55485,1.454006,0,0,0,0,2983.831
15.51999,2.1,0,154.0709,25.58386,1.45044,0,0,0,0,2987.105
15.53999,2.1,0,154.5831,25.6128,1.446872,0,0,0,0,2990.372
15.55999,2.1,0,155.096,25.64166,1.443302,0,0,0,0,2993.63
15.57999,2.1,0,155.6094,25.67046,1.439731,0,0,0,0,2996.881
15.59999,2.1,0,156.1234,25.69918,1.436159,0,0,0,0,3000.123
15.61999,2.1,0,156.6379,25.72783,1.432586,0,0,0,0,3003.358
15.63999,2.1,0,157.153,25.75641,1.429012,0,0,0,0,3006.584
15.65999,2.1,0,157.6687,25.78492,1.425436,0,0,0,0,3009.803
15.67999,2.1,0,158.185,25.81336,1.421859,0,0,0,0,3013.013
15.69999,2.1,0,158.7018,25.84172,1.418281,0,0,0,0,3016.216
15.71999,2.1,0,159.2192,25.87002,1.414703,0,0,0,0,3019.41
15.73999,2.1,0,159.7372,25.89824,1.411124,0,0,0,0,3022.596
15.75999,2.1,0,160.2557,25.92639,1.407543,0,0,0,0,3025.775
15.77999,2.1,0,160.7748,25.95447,1.403962,0,0,0,0,3028.945
15.79999,2.1,0,161.2944,25.98248,1.40038,0,0,0,0,3032.107
15.81999,2.1,0,161.8147,26.01041,1.396798,0,0,0,0,3035.262
15.83999,2.1,0,162.3354,26.03828,1.393216,0,0,0,0,3038.408
15.85999,2.1,0,162.8567,26.06607,1.389631,0,0,0,0,3041.546
15.87999,2.1,0,163.3786,26.09379,1.386048,0,0,0,0,3044.676
15.89999,2.1,0,163.901,26.12144,1.382463,0,0,0,0,3047.798
15.91999,2.1,0,164.424,26.14902,1.378878,0,0,0,0,3050.912
15.93999,2.1,0,164.9476,26.17653,1.375293,0,0,0,0,3054.018
15.95999,2.1,0,165.4716,26.20396,1.371708,0,0,0,0,3057.116
15.97999,2.1,0,165.9963,26.23132,1.368123,0,0,0,0,3060.206
15.99999,2.1,0,166.5214,26.25861,1.364537,0,0,0,0,3063.288
16.01999,2.1,0,167.0471,26.28583,1.360952,0,0,0,0,3066.362
16.04,2.1,0,167.5734,26.31298,1.357367,0,0,0,0,3069.428
16.05999,2.1,0,168.1002,26.34005,1.353782,0,0,0,0,3072.485
16.07999,2.1,0,168.6275,26.36706,1.350198,0,0,0,0,3075.535
16.09999,2.1,0,169.1554,26.39399,1.346613,0,0,0,0,3078.577
16.12,2.1,0,169.6838,26.42085,1.343029,0,0,0,0,3081.61
16.13999,2.1,0,170.2128,26.44764,1.339445,0,0,0,0,3084.636
16.15999,2.1,0,170.7423,26.47436,1.335861,0,0,0,0,3087.654
16.17999,2.1,0,171.2723,26.501,1.332278,0,0,0,0,3090.663
16.2,2.1,0,171.8028,26.52758,1.328695,0,0,0,0,3093.665
16.21999,2.1,0,172.3339,26.55408,1.325114,0,0,0,0,3096.658
16.23999,2.1,0,172.8655,26.58051,1.321532,0,0,0,0,3099.643
16.25999,2.1,0,173.3977,26.60687,1.317951,0,0,0,0,3102.621
16.27999,2.1,0,173.9303,26.63316,1.314371,0,0,0,0,3105.59
16.29999,2.1,0,174.4635,26.65937,1.310791,0,0,0,0,3108.551
16.31999,2.1,0,174.9972,26.68552,1.307213,0,0,0,0,3111.504
16.33999,2.1,0,175.5314,26.71159,1.303636,0,0,0,0,3114.45
16.35999,2.1,0,176.0662,26.73759,1.300059,0,0,0,0,3117.387
16.37999,2.1,0,176.6015,26.76352,1.296484,0,0,0,0,3120.316
16.39999,2.1,0,177.1372,26.78938,1.292909,0,0,0,0,3123.237
16.41999,2.1,0,177.6735,26.81517,1.289336,0,0,0,0,3126.15
16.43999,2.1,0,178.2104,26.84088,1.285764,0,0,0,0,3129.055
16.45999,2.1,0,178.7477,26.86653,1.282193,0,0,0,0,3131.952
16.47999,2.1,0,179.2855,26.8921,1.278623,0,0,0,0,3134.841
16.49999,2.1,0,179.8239,26.9176,1.275055,0,0,0,0,3137.722
16.51999,2.1,0,180.3627,26.94303,1.271488,0,0,0,0,3140.595
16.53999,2.1,0,180.9021,26.96839,1.267923,0,0,0,0,3143.46
16.55999,2.1,0,181.442,26.99368,1.264359,0,0,0,0,3146.317
16.57999,2.1,0,181.9823,27.01889,1.260797,0,0,0,0,3149.166
16.59999,2.1,0,182.5232,27.04403,1.257237,0,0,0,0,3152.007
16.61999,2.1,0,183.0646,27.06911,1.253678,0,0,0,0,3154.84
16.63999,2.1,0,183.6065,27.09411,1.250121,0,0,0,0,3157.665
16.65999,2.1,0,184.1489,27.11904,1.246566,0,0,0,0,3160.482
16.67999,2.1,0,184.6917,27.1439,1.243013,0,0,0,0,3163.291
16.69999,2.1,0,185.2351,27.16869,1.239462,0,0,0,0,3166.092
16.71999,2.1,0,185.779,27.19341,1.235911,0,0,0,0,3168.885
16.73999,2.1,0,186.3233,27.21806,1.232365,0,0,0,0,3171.671
16.75999,2.1,0,186.8682,27.24263,1.22882,0,0,0,0,3174.448
16.77999,2.1,0,187.4135,27.26714,1.225277,0,0,0,0,3177.217
16.79999,2.1,0,187.9594,27.29157,1.221736,0,0,0,0,3179.978
16.81999,2.1,0,188.5057,27.31594,1.218196,0,0,0,0,3182.731
16.83999,2.1,0,189.0525,27.34023,1.214659,0,0,0,0,3185.477
16.85999,2.1,0,189.5998,27.36445,1.211125,0,0,0,0,3188.214
16.87999,2.1,0,190.1476,27.38861,1.207592,0,0,0,0,3190.944
16.89999,2.1,0,190.6958,27.41269,1.204062,0,0,0,0,3193.665
16.91999,2.1,0,191.2446,27.4367,1.200536,0,0,0,0,3196.379
16.93999,2.1,0,191.7938,27.46064,1.19701,0,0,0,0,3199.084
16.95999,2.1,0,192.3434,27.48451,1.193488,0,0,0,0,3201.782
16.97999,2.1,0,192.8936,27.50831,1.189969,0,0,0,0,3204.472
16.99999,2.1,0,193.4443,27.53204,1.186452,0,0,0,0,3207.154
17.01999,2.1,0,193.9954,27.5557,1.182938,0,0,0,0,3209.828
17.03999,2.1,0,194.547,27.57929,1.179427,0,0,0,0,3212.494
17.05999,2.1,0,195.099,27.6028,1.175918,0,0,0,0,3215.153
17.07999,2.1,0,195.6516,27.62625,1.172413,0,0,0,0,3217.803
17.09999,2.1,0,196.2045,27.64963,1.168909,0,0,0,0,3220.446
17.11999,2.1,0,196.758,27.67294,1.165409,0,0,0,0,3223.08
17.13999,2.1,0,197.3119,27.69618,1.161913,0,0,0,0,3225.707
17.15999,2.1,0,197.8663,27.71935,1.158418,0,0,0,0,3228.326
17.17999,2.1,0,198.4212,27.74244,1.154927,0,0,0,0,3230.937
17.19999,2.1,0,198.9765,27.76547,1.15144,0,0,0,0,3233.54
17.21999,2.1,0,199.5322,27.78843,1.147954,0,0,0,0,3236.135
17.23999,2.1,0,200.0885,27.81132,1.144473,0,0,0,0,3188.723
17.25999,2.1,0,200.6452,27.83414,1.140995,0,0,0,0,2934.295
17.27999,2.1,0,201.2023,27.85689,1.137519,0,0,0,0,2782.476
17.29999,2.1,0,201.7599,27.87957,1.134048,0,0,0,0,2692.22
17.31999,2.1,0,202.3179,27.90219,1.130582,0,0,0,0,2638.899
17.33999,2.1,0,202.8764,27.92473,1.127116,0,0,0,0,2607.737
17.35999,2.1,0,203.4354,27.9472,1.123655,0,0,0,0,2639.867
17.37999,2.1,0,203.9948,27.9696,1.120197,0,0,0,0,2659.97
17.39999,2.1,0,204.5546,27.99194,1.116745,0,0,0,0,2672.855
17.41999,2.1,0,205.1149,28.01421,1.113294,0,0,0,0,2681.405
17.43999,2.1,0,205.6756,28.0364,1.109847,0,0,0,0,2687.353
17.45999,2.1,0,206.2368,28.05853,1.106404,0,0,0,0,2691.737
17.47999,2.1,0,206.7984,28.08059,1.102966,0,0,0,0,2695.179
17.49999,2.1,0,207.3605,28.10258,1.09953,0,0,0,0,2698.055
17.51999,2.1,0,207.9229,28.1245,1.096098,0,0,0,0,2700.587
17.53999,2.1,0,208.4859,28.14635,1.092671,0,0,0,0,2702.912
17.55999,2.1,0,209.0492,28.16814,1.089248,0,0,0,0,2705.109
17.57999,2.1,0,209.613,28.18986,1.085828,0,0,0,0,2707.227
17.59999,2.1,0,210.1773,28.2115,1.08241,0,0,0,0,2709.295
17.61999,2.1,0,210.7419,28.23308,1.078998,0,0,0,0,2711.33
17.63999,2.1,0,211.307,28.25459,1.075591,0,0,0,0,2713.344
17.65999,2.1,0,211.8725,28.27604,1.072186,0,0,0,0,2715.342
17.67999,2.1,0,212.4385,28.29741,1.068787,0,0,0,0,2717.328
17.69999,2.1,0,213.0049,28.31872,1.065391,0,0,0,0,2719.305
17.71999,2.1,0,213.5717,28.33996,1.062,0,0,0,0,2721.273
17.73999,2.1,0,214.1389,28.36113,1.058612,0,0,0,0,2723.233
17.75999,2.1,0,214.7065,28.38224,1.055231,0,0,0,0,2725.187
17.77999,2.1,0,215.2746,28.40327,1.051852,0,0,0,0,2727.134
17.79999,2.1,0,215.8431,28.42424,1.048479,0,0,0,0,2729.075
17.81999,2.1,0,216.412,28.44515,1.045108,0,0,0,0,2731.009
17.83999,2.1,0,216.9813,28.46598,1.041743,0,0,0,0,2732.937
17.85999,2.1,0,217.551,28.48675,1.038382,0,0,0,0,2734.858
17.87999,2.1,0,218.1212,28.50745,1.035026,0,0,0,0,2736.774
17.89999,2.1,0,218.6917,28.52808,1.031674,0,0,0,0,2738.683
17.91999,2.1,0,219.2627,28.54865,1.028327,0,0,0,0,2740.586
17.93999,2.1,0,219.8341,28.56915,1.024984,0,0,0,0,2742.483
17.95999,2.1,0,220.4059,28.58958,1.021646,0,0,0,0,2744.374
17.97999,2.1,0,220.9781,28.60995,1.018312,0,0,0,0,2746.259
17.99999,2.1,0,221.5507,28.63025,1.014983,0,0,0,0,2748.137
18.01999,2.1,0,222.1237,28.65048,1.011659,0,0,0,0,2750.01
18.03999,2.1,0,222.6971,28.67065,1.008339,0,0,0,0,2751.876
18.05999,2.1,0,223.2709,28.69075,1.005026,0,0,0,0,2753.736
18.07999,2.1,0,223.8452,28.71078,1.001716,0,0,0,0,2755.59
18.09999,2.1,0,224.4198,28.73075,0.9984108,0,0,0,0,2757.438
18.11999,2.1,0,224.9948,28.75065,0.9951115,0,0,0,0,2759.28
18.13999,2.1,0,225.5702,28.77049,0.9918175,0,0,0,0,2761.116
18.15999,2.1,0,226.146,28.79026,0.9885278,0,0,0,0,2762.946
18.17999,2.1,0,226.7222,28.80996,0.9852439,0,0,0,0,2764.769
18.19999,2.1,0,227.2988,28.8296,0.9819639,0,0,0,0,2766.587
18.21999,2.1,0,227.8758,28.84918,0.9786886,0,0,0,0,2768.398
18.23999,2.1,0,228.4532,28.86868,0.9754195,0,0,0,0,2770.204
18.25999,2.1,0,229.0309,28.88813,0.9721555,0,0,0,0,2772.004
18.27999,2.1,0,229.6091,28.90751,0.9688965,0,0,0,0,2773.797
18.29999,2.1,0,230.1876,28.92682,0.965643,0,0,0,0,2775.585
18.31999,2.1,0,230.7665,28.94607,0.9623953,0,0,0,0,2777.366
18.33999,2.1,0,231.3458,28.96525,0.9591524,0,0,0,0,2779.142
18.35999,2.1,0,231.9255,28.98437,0.9559143,0,0,0,0,2780.912
18.37999,2.1,0,232.5056,29.00342,0.9526827,0,0,0,0,2782.675
18.39999,2.1,0,233.086,29.02241,0.9494553,0,0,0,0,2784.433
18.41999,2.1,0,233.6668,29.04133,0.9462329,0,0,0,0,2786.185
18.43999,2.1,0,234.248,29.06019,0.9430165,0,0,0,0,2787.931
18.45999,2.1,0,234.8296,29.07899,0.9398044,0,0,0,0,2789.671
18.47999,2.1,0,235.4116,29.09772,0.9365982,0,0,0,0,2791.405
18.49999,2.1,0,235.9939,29.11639,0.9333974,0,0,0,0,2793.133
18.51999,2.1,0,236.5766,29.13499,0.9302031,0,0,0,0,2794.855
18.53999,2.1,0,237.1597,29.15353,0.9270133,0,0,0,0,2796.572
18.55999,2.1,0,237.7431,29.17201,0.9238302,0,0,0,0,2798.282
18.57999,2.1,0,238.3269,29.19042,0.920652,0,0,0,0,2799.987
18.59999,2.1,0,238.9111,29.20877,0.9174803,0,0,0,0,2801.686
18.61999,2.1,0,239.4956,29.22706,0.9143139,0,0,0,0,2803.378
18.63999,2.1,0,240.0805,29.24528,0.9111522,0,0,0,0,2805.065
18.65999,2.1,0,240.6658,29.26344,0.9079971,0,0,0,0,2806.747
18.67999,2.1,0,241.2514,29.28154,0.9048482,0,0,0,0,2808.422
18.69999,2.1,0,241.8374,29.29957,0.9017027,0,0,0,0,2810.092
18.71999,2.1,0,242.4238,29.31754,0.898564,0,0,0,0,2811.756
18.73999,2.1,0,243.0105,29.33545,0.8954322,0,0,0,0,2813.414
18.75999,2.1,0,243.5975,29.3533,0.8923049,0,0,0,0,2815.067
18.77999,2.1,0,244.185,29.37108,0.8891848,0,0,0,0,2816.713
18.79999,2.1,0,244.7727,29.3888,0.8860688,0,0,0,0,2818.354
18.81999,2.1,0,245.3609,29.40646,0.882961,0,0,0,0,2819.989
18.83999,2.1,0,245.9494,29.42406,0.8798562,0,0,0,0,2821.619
18.85999,2.1,0,246.5382,29.44159,0.8767584,0,0,0,0,2823.242
18.87999,2.1,0,247.1274,29.45907,0.8736671,0,0,0,0,2824.86
18.89999,2.1,0,247.7169,29.47648,0.8705814,0,0,0,0,2826.473
18.91999,2.1,0,248.3068,29.49383,0.8675006,0,0,0,0,2828.079
18.93999,2.1,0,248.897,29.51112,0.864428,0,0,0,0,2829.68
18.95999,2.1,0,249.4876,29.52834,0.8613603,0,0,0,0,2831.275
18.97999,2.1,0,250.0785,29.54551,0.8582987,0,0,0,0,2832.865
18.99999,2.1,0,250.6697,29.56261,0.8552424,0,0,0,0,2834.449
19.01999,2.1,0,251.2613,29.57966,0.8521921,0,0,0,0,2836.028
19.03999,2.1,0,251.8533,29.59664,0.8491497,0,0,0,0,2837.6
19.05999,2.1,0,252.4455,29.61356,0.8461129,0,0,0,0,2839.167
19.07999,2.1,0,253.0381,29.63042,0.843082,0,0,0,0,2840.729
19.09999,2.1,0,253.6311,29.64723,0.8400583,0,0,0,0,2842.285
19.11999,2.1,0,254.2243,29.66397,0.8370401,0,0,0,0,2843.836
19.13999,2.1,0,254.818,29.68065,0.8340281,0,0,0,0,2845.381
19.15999,2.1,0,255.4119,29.69727,0.8310215,0,0,0,0,2846.92
19.17999,2.1,0,256.0062,29.71383,0.8280208,0,0,0,0,2848.454
19.19999,2.1,0,256.6008,29.73033,0.8250271,0,0,0,0,2849.982
19.21999,2.1,0,257.1957,29.74677,0.8220399,0,0,0,0,2851.505
19.23999,2.1,0,257.791,29.76315,0.8190583,0,0,0,0,2853.022
19.25999,2.1,0,258.3866,29.77947,0.8160837,0,0,0,0,2854.534
19.27999,2.1,0,258.9825,29.79573,0.8131157,0,0,0,0,2856.04
19.29999,2.1,0,259.5788,29.81194,0.8101537,0,0,0,0,2857.541
19.31999,2.1,0,260.1753,29.82808,0.8071974,0,0,0,0,2859.036
19.33999,2.1,0,260.7722,29.84416,0.8042477,0,0,0,0,2860.526
19.35999,2.1,0,261.3694,29.86019,0.801305,0,0,0,0,2862.01
19.37999,2.1,0,261.9669,29.87616,0.7983676,0,0,0,0,2863.489
19.39999,2.1,0,262.5648,29.89207,0.7954375,0,0,0,0,2864.963
19.41999,2.1,0,263.1629,29.90792,0.7925125,0,0,0,0,2866.431
19.43999,2.1,0,263.7614,29.92371,0.7895961,0,0,0,0,2867.894
19.45999,2.1,0,264.3602,29.93944,0.7866834,0,0,0,0,2869.352
19.47999,2.1,0,264.9593,29.95512,0.7837793,0,0,0,0,2870.804
19.49999,2.1,0,265.5587,29.97074,0.7808813,0,0,0,0,2872.251
19.51999,2.1,0,266.1584,29.9863,0.77799,0,0,0,0,2873.692
19.53999,2.1,0,266.7585,30.0018,0.7751043,0,0,0,0,2875.128
19.55999,2.1,0,267.3588,30.01724,0.7722253,0,0,0,0,2876.559
19.57999,2.1,0,267.9595,30.03263,0.7693539,0,0,0,0,2877.985
19.59999,2.1,0,268.5604,30.04796,0.7664894,0,0,0,0,2879.405
19.61999,2.1,0,269.1617,30.06323,0.7636313,0,0,0,0,2880.82
19.63999,2.1,0,269.7632,30.07845,0.7607799,0,0,0,0,2882.23
19.65999,2.1,0,270.3651,30.09361,0.7579347,0,0,0,0,2883.634
19.67999,2.1,0,270.9673,30.10871,0.755095,0,0,0,0,2885.033
19.69999,2.1,0,271.5698,30.12375,0.7522634,0,0,0,0,2886.427
19.71999,2.1,0,272.1725,30.13874,0.7494379,0,0,0,0,2887.816
19.73999,2.1,0,272.7756,30.15367,0.746619,0,0,0,0,2889.199
19.75999,2.1,0,273.379,30.16855,0.7438067,0,0,0,0,2890.578
19.77999,2.1,0,273.9827,30.18337,0.7410021,0,0,0,0,2891.951
19.79999,2.1,0,274.5866,30.19813,0.7382037,0,0,0,0,2893.319
19.81999,2.1,0,275.1909,30.21284,0.7354106,0,0,0,0,2894.682
19.83999,2.1,0,275.7954,30.22749,0.7326251,0,0,0,0,2896.039
19.85999,2.1,0,276.4003,30.24209,0.7298458,0,0,0,0,2897.392
19.87999,2.1,0,277.0054,30.25663,0.7270746,0,0,0,0,2898.74
19.89999,2.1,0,277.6108,30.27112,0.7243091,0,0,0,0,2900.082
19.91999,2.1,0,278.2165,30.28555,0.7215516,0,0,0,0,2901.419
19.93999,2.1,0,278.8225,30.29992,0.7188001,0,0,0,0,2902.751
19.95999,2.1,0,279.4288,30.31425,0.716055,0,0,0,0,2904.078
19.97999,2.1,0,280.0354,30.32851,0.7133163,0,0,0,0,2905.4
19.99999,2.1,0,280.6422,30.34272,0.7105853,0,0,0,0,2906.717
20.01999,2.1,0,281.2494,30.35688,0.7078602,0,0,0,0,2908.029
20.03999,2.1,0,281.8568,30.37098,0.7051428,0,0,0,0,2909.336
20.05999,2.1,0,282.4645,30.38503,0.7024315,0,0,0,0,2910.638
20.07999,2.1,0,283.0724,30.39903,0.6997264,0,0,0,0,2911.935
20.09999,2.1,0,283.6807,30.41297,0.6970301,0,0,0,0,2913.227
20.11999,2.1,0,284.2892,30.42686,0.6943395,0,0,0,0,2914.514
20.13999,2.1,0,284.8981,30.44069,0.691655,0,0,0,0,2915.796
20.15999,2.1,0,285.5072,30.45447,0.6889767,0,0,0,0,2917.073
20.17999,2.1,0,286.1165,30.46819,0.6863072,0,0,0,0,2918.345
20.19999,2.1,0,286.7262,30.48187,0.6836435,0,0,0,0,2919.613
20.21999,2.1,0,287.3361,30.49549,0.6809847,0,0,0,0,2920.875
20.23999,2.1,0,287.9463,30.50905,0.6783349,0,0,0,0,2922.132
20.25999,2.1,0,288.5567,30.52257,0.675692,0,0,0,0,2923.385
20.27999,2.1,0,289.1674,30.53603,0.6730563,0,0,0,0,2924.633
20.29999,2.1,0,289.7784,30.54944,0.670427,0,0,0,0,2925.875
20.31999,2.1,0,290.3897,30.56279,0.6678047,0,0,0,0,2927.114
20.33999,2.1,0,291.0012,30.5761,0.6651893,0,0,0,0,2928.347
20.35999,2.1,0,291.613,30.58935,0.6625803,0,0,0,0,2929.575
20.37999,2.1,0,292.2251,30.60255,0.6599787,0,0,0,0,2930.799
20.39999,2.1,0,292.8374,30.6157,0.6573839,0,0,0,0,2932.017
20.41999,2.1,0,293.45,30.62879,0.6547966,0,0,0,0,2933.231
20.43999,2.1,0,294.0628,30.64184,0.6522158,0,0,0,0,2934.44
20.45999,2.1,0,294.6759,30.65483,0.6496423,0,0,0,0,2935.645
20.47999,2.1,0,295.2892,30.66777,0.6470745,0,0,0,0,2936.844
20.49999,2.1,0,295.9028,30.68066,0.6445155,0,0,0,0,2938.039
20.51999,2.1,0,296.5167,30.6935,0.6419617,0,0,0,0,2939.229
20.53999,2.1,0,297.1308,30.70629,0.6394166,0,0,0,0,2940.415
20.55999,2.1,0,297.7452,30.71902,0.6368755,0,0,0,0,2941.596
20.57999,2.1,0,298.3598,30.73171,0.6343436,0,0,0,0,2942.772
20.59999,2.1,0,298.9747,30.74435,0.6318181,0,0,0,0,2943.943
20.61999,2.1,0,299.5899,30.75694,0.6292987,0,0,0,0,2945.11
20.63999,2.1,0,300.2053,30.76947,0.6267864,0,0,0,0,2946.272
20.65999,2.1,0,300.8209,30.78196,0.6242824,0,0,0,0,2947.43
20.67999,2.1,0,301.4368,30.79439,0.6217862,0,0,0,0,2948.583
20.69999,2.1,0,302.0529,30.80678,0.6192943,0,0,0,0,2949.731
20.71999,2.1,0,302.6693,30.81911,0.6168097,0,0,0,0,2950.875
20.73999,2.1,0,303.2859,30.8314,0.614333,0,0,0,0,2952.014
20.75999,2.1,0,303.9028,30.84364,0.6118621,0,0,0,0,2953.148
20.77999,2.1,0,304.52,30.85583,0.6093981,0,0,0,0,2954.279
20.79999,2.1,0,305.1373,30.86797,0.6069419,0,0,0,0,2955.404
20.81999,2.1,0,305.7549,30.88006,0.6044938,0,0,0,0,2956.525
20.83999,2.1,0,306.3728,30.8921,0.6020488,0,0,0,0,2957.642
20.85999,2.1,0,306.9908,30.90409,0.5996143,0,0,0,0,2958.753
20.87999,2.1,0,307.6092,30.91603,0.5971872,0,0,0,0,2959.861
20.89999,2.1,0,308.2277,30.92793,0.5947652,0,0,0,0,2960.964
20.91999,2.1,0,308.8465,30.93978,0.5923506,0,0,0,0,2962.063
20.93999,2.1,0,309.4655,30.95157,0.5899422,0,0,0,0,2963.156
20.95999,2.1,0,310.0848,30.96333,0.5875427,0,0,0,0,2964.246
20.97999,2.1,0,310.7043,30.97503,0.585148,0,0,0,0,2965.331
20.99999,2.1,0,311.324,30.98668,0.5827627,0,0,0,0,2966.412
21.01999,2.1,0,311.944,30.99829,0.5803834,0,0,0,0,2967.489
21.03999,2.1,0,312.5642,31.00985,0.5780098,0,0,0,0,2968.561
21.05999,2.1,0,313.1846,31.02137,0.5756435,0,0,0,0,2969.628
21.07999,2.1,0,313.8053,31.03283,0.5732839,0,0,0,0,2970.691
21.09999,2.1,0,314.4262,31.04425,0.5709332,0,0,0,0,2971.75
21.11999,2.1,0,315.0473,31.05562,0.5685875,0,0,0,0,2972.805
21.13999,2.1,0,315.6686,31.06695,0.5662497,0,0,0,0,2973.855
21.15999,2.1,0,316.2902,31.07823,0.5639171,0,0,0,0,2974.901
21.17999,2.1,0,316.912,31.08946,0.5615934,0,0,0,0,2975.943
21.19999,2.1,0,317.534,31.10064,0.5592756,0,0,0,0,2976.98
21.21999,2.1,0,318.1562,31.11178,0.5569648,0,0,0,0,2978.013
21.23999,2.1,0,318.7787,31.12288,0.5546617,0,0,0,0,2979.042
21.25999,2.1,0,319.4014,31.13392,0.552366,0,0,0,0,2980.066
21.27999,2.1,0,320.0243,31.14492,0.5500758,0,0,0,0,2981.087
21.29999,2.1,0,320.6474,31.15588,0.5477935,0,0,0,0,2982.103
21.31999,2.1,0,321.2707,31.16679,0.5455186,0,0,0,0,2983.115
21.33999,2.1,0,321.8943,31.17765,0.5432494,0,0,0,0,2984.123
21.35999,2.1,0,322.518,31.18847,0.5409866,0,0,0,0,2985.126
21.37999,2.1,0,323.142,31.19925,0.5387303,0,0,0,0,2986.125
21.39999,2.1,0,323.7662,31.20998,0.5364816,0,0,0,0,2987.12
21.41999,2.1,0,324.3907,31.22066,0.5342405,0,0,0,0,2988.111
21.43999,2.1,0,325.0153,31.2313,0.5320057,0,0,0,0,2989.098
21.45999,2.1,0,325.6401,31.2419,0.5297784,0,0,0,0,2990.081
21.47999,2.1,0,326.2652,31.25245,0.5275574,0,0,0,0,2991.06
21.49999,2.1,0,326.8904,31.26296,0.5253431,0,0,0,0,2992.034
21.51999,2.1,0,327.5159,31.27342,0.5231365,0,0,0,0,2993.005
21.53999,2.1,0,328.1416,31.28384,0.5209376,0,0,0,0,2993.971
21.55999,2.1,0,328.7675,31.29421,0.5187451,0,0,0,0,2994.934
21.57999,2.1,0,329.3936,31.30454,0.5165589,0,0,0,0,2995.892
21.59999,2.1,0,330.0198,31.31483,0.5143768,0,0,0,0,2996.846
21.61999,2.1,0,330.6463,31.32508,0.5122052,0,0,0,0,2997.796
21.63999,2.1,0,331.273,31.33528,0.5100392,0,0,0,0,2998.743
21.65999,2.1,0,331.9,31.34543,0.5078796,0,0,0,0,2999.685
21.67999,2.1,0,332.5271,31.35555,0.5057275,0,0,0,0,3000.623
21.69999,2.1,0,333.1544,31.36562,0.5035815,0,0,0,0,3001.558
21.71999,2.1,0,333.7819,31.37565,0.5014424,0,0,0,0,3002.488
21.73999,2.1,0,334.4096,31.38564,0.499312,0,0,0,0,3003.414
21.75999,2.1,0,335.0375,31.39558,0.4971848,0,0,0,0,3004.337
21.77999,2.1,0,335.6656,31.40548,0.4950684,0,0,0,0,3005.255
21.79999,2.1,0,336.2939,31.41534,0.4929565,0,0,0,0,3006.17
21.81999,2.1,0,336.9224,31.42516,0.4908519,0,0,0,0,3007.081
21.83999,2.1,0,337.5511,31.43493,0.4887525,0,0,0,0,3007.988
21.85999,2.1,0,338.18,31.44466,0.4866622,0,0,0,0,3008.891
21.87999,2.1,0,338.8091,31.45436,0.4845774,0,0,0,0,3009.79
21.89999,2.1,0,339.4384,31.464,0.4824993,0,0,0,0,3010.685
21.91999,2.1,0,340.0679,31.47361,0.4804286,0,0,0,0,3011.576
21.93999,2.1,0,340.6975,31.48318,0.478364,0,0,0,0,3012.464
21.95999,2.1,0,341.3274,31.49271,0.4763062,0,0,0,0,3013.348
21.97999,2.1,0,341.9574,31.50219,0.4742573,0,0,0,0,3014.228
21.99999,2.1,0,342.5876,31.51163,0.472212,0,0,0,0,3015.104
22.01999,2.1,0,343.2181,31.52104,0.4701761,0,0,0,0,3015.977
22.03999,2.1,0,343.8487,31.5304,0.4681441,0,0,0,0,3016.845
22.05999,2.1,0,344.4795,31.53972,0.4661204,0,0,0,0,3017.71
22.07999,2.1,0,345.1105,31.54901,0.4641021,0,0,0,0,3018.572
22.09999,2.1,0,345.7416,31.55825,0.4620914,0,0,0,0,3019.429
22.11999,2.1,0,346.373,31.56745,0.4600882,0,0,0,0,3020.283
22.13999,2.1,0,347.0045,31.57661,0.4580907,0,0,0,0,3021.133
22.15999,2.1,0,347.6362,31.58573,0.4560995,0,0,0,0,3021.979
22.17999,2.1,0,348.2681,31.59481,0.4541166,0,0,0,0,3022.822
22.19999,2.1,0,348.9002,31.60386,0.4521393,0,0,0,0,3023.661
22.21999,2.1,0,349.5325,31.61286,0.4501681,0,0,0,0,3024.497
22.23999,2.1,0,350.1649,31.62182,0.4482034,0,0,0,0,3025.329
22.25999,2.1,0,350.7975,31.63075,0.4462449,0,0,0,0,3026.157
22.27999,2.1,0,351.4303,31.63964,0.4442943,0,0,0,0,3026.981
22.29999,2.1,0,352.0633,31.64848,0.4423498,0,0,0,0,3027.802
22.31999,2.1,0,352.6964,31.65729,0.4404115,0,0,0,0,3028.62
22.33999,2.1,0,353.3298,31.66606,0.4384802,0,0,0,0,3029.434
22.35999,2.1,0,353.9633,31.67479,0.436555,0,0,0,0,3030.244
22.37999,2.1,0,354.5969,31.68349,0.4346381,0,0,0,0,3031.051
22.39999,2.1,0,355.2308,31.69214,0.432726,0,0,0,0,3031.854
22.41999,2.1,0,355.8648,31.70075,0.4308219,0,0,0,0,3032.654
22.43999,2.1,0,356.499,31.70933,0.4289241,0,0,0,0,3033.45
22.45999,2.1,0,357.1333,31.71787,0.4270318,0,0,0,0,3034.242
22.47999,2.1,0,357.7679,31.72638,0.4251447,0,0,0,0,3035.031
22.49999,2.1,0,358.4026,31.73484,0.4232662,0,0,0,0,3035.817
22.51999,2.1,0,359.0374,31.74327,0.421394,0,0,0,0,3036.599
22.53999,2.1,0,359.6725,31.75166,0.4195268,0,0,0,0,3037.378
22.55999,2.1,0,360.3076,31.76002,0.417667,0,0,0,0,3038.153
22.57999,2.1,0,360.943,31.76833,0.4158141,0,0,0,0,3038.925
22.59999,2.1,0,361.5786,31.77661,0.4139677,0,0,0,0,3039.694
22.61999,2.1,0,362.2143,31.78485,0.4121266,0,0,0,0,3040.459
22.63999,2.1,0,362.8501,31.79306,0.4102926,0,0,0,0,3041.22
22.65999,2.1,0,363.4861,31.80123,0.4084655,0,0,0,0,3041.979
22.67999,2.1,0,364.1223,31.80936,0.4066454,0,0,0,0,3042.733
22.69999,2.1,0,364.7587,31.81746,0.4048307,0,0,0,0,3043.485
22.71999,2.1,0,365.3952,31.82552,0.4030232,0,0,0,0,3044.233
22.73999,2.1,0,366.0319,31.83354,0.4012229,0,0,0,0,3044.978
22.75999,2.1,0,366.6687,31.84153,0.3994279,0,0,0,0,3045.719
22.77999,2.1,0,367.3057,31.84948,0.3976389,0,0,0,0,3046.458
22.79999,2.1,0,367.9428,31.8574,0.3958559,0,0,0,0,3047.192
22.81999,2.1,0,368.5801,31.86528,0.39408,0,0,0,0,3047.924
22.83999,2.1,0,369.2176,31.87313,0.3923112,0,0,0,0,3048.652
22.85999,2.1,0,369.8552,31.88094,0.3905467,0,0,0,0,3049.377
22.87999,2.1,0,370.493,31.88872,0.3887898,0,0,0,0,3050.099
22.89999,2.1,0,371.1309,31.89646,0.3870372,0,0,0,0,3050.818
22.91999,2.1,0,371.769,31.90416,0.3852938,0,0,0,0,3051.533
22.93999,2.1,0,372.4073,31.91183,0.3835542,0,0,0,0,3052.245
22.95999,2.1,0,373.0457,31.91947,0.3818209,0,0,0,0,3052.954
22.97999,2.1,0,373.6842,31.92707,0.3800937,0,0,0,0,3053.66
22.99999,2.1,0,374.3229,31.93464,0.3783731,0,0,0,0,3054.363
23.01999,2.1,0,374.9618,31.94217,0.376658,0,0,0,0,3055.062
23.03999,2.1,0,375.6008,31.94967,0.3749491,0,0,0,0,3055.758
23.05999,2.1,0,376.2399,31.95714,0.3732468,0,0,0,0,3056.451
23.07999,2.1,0,376.8792,31.96457,0.3715518,0,0,0,0,3057.141
23.09999,2.1,0,377.5186,31.97197,0.3698631,0,0,0,0,3057.828
23.11999,2.1,0,378.1582,31.97933,0.36818,0,0,0,0,3058.511
23.13999,2.1,0,378.7979,31.98666,0.366504,0,0,0,0,3059.192
23.15999,2.1,0,379.4378,31.99396,0.3648317,0,0,0,0,3059.87
23.17999,2.1,0,380.0779,32.00122,0.3631672,0,0,0,0,3060.544
23.19999,2.1,0,380.718,32.00845,0.361507,0,0,0,0,3061.215
23.21999,2.1,0,381.3583,32.01565,0.3598562,0,0,0,0,3061.884
23.23999,2.1,0,381.9988,32.02282,0.3582088,0,0,0,0,3062.549
23.25999,2.1,0,382.6394,32.02995,0.3565692,0,0,0,0,3063.211
23.27999,2.1,0,383.2801,32.03704,0.3549359,0,0,0,0,3063.87
23.29999,2.1,0,383.921,32.04411,0.3533082,0,0,0,0,3064.526
23.31999,2.1,0,384.562,32.05114,0.3516863,0,0,0,0,3065.179
23.33999,2.1,0,385.2032,32.05814,0.3500704,0,0,0,0,3065.829
23.35999,2.1,0,385.8445,32.06511,0.3484603,0,0,0,0,3066.476
23.37999,2.1,0,386.4859,32.07205,0.3468562,0,0,0,0,3067.12
23.39999,2.1,0,387.1275,32.07896,0.3452553,0,0,0,0,3067.761
23.41999,2.1,0,387.7692,32.08583,0.3436633,0,0,0,0,3068.399
23.43999,2.1,0,388.4111,32.09267,0.3420761,0,0,0,0,3069.035
23.45999,2.1,0,389.0531,32.09948,0.3404971,0,0,0,0,3069.667
23.47999,2.1,0,389.6952,32.10626,0.3389215,0,0,0,0,3070.296
23.49999,2.1,0,390.3375,32.11301,0.3373538,0,0,0,0,3070.923
23.51999,2.1,0,390.9799,32.11972,0.3357896,0,0,0,0,3071.547
23.53999,2.1,0,391.6224,32.12641,0.3342314,0,0,0,0,3072.167
23.55999,2.1,0,392.265,32.13306,0.3326827,0,0,0,0,3072.785
23.57999,2.1,0,392.9078,32.13968,0.3311373,0,0,0,0,3073.4
23.59999,2.1,0,393.5508,32.14627,0.3295979,0,0,0,0,3074.012
23.61999,2.1,0,394.1938,32.15284,0.3280641,0,0,0,0,3074.622
23.63999,2.1,0,394.837,32.15937,0.3265359,0,0,0,0,3075.228
23.65999,2.1,0,395.4803,32.16587,0.3250151,0,0,0,0,3075.832
23.67999,2.1,0,396.1237,32.17234,0.3234998,0,0,0,0,3076.433
23.69999,2.1,0,396.7673,32.17878,0.3219897,0,0,0,0,3077.031
23.71999,2.1,0,397.411,32.18518,0.3204843,0,0,0,0,3077.626
23.73999,2.1,0,398.0549,32.19156,0.3189857,0,0,0,0,3078.218
23.75999,2.1,0,398.6988,32.19791,0.3174947,0,0,0,0,3078.808
23.77999,2.1,0,399.3429,32.20424,0.3160064,0,0,0,0,3079.395
23.79999,2.1,0,399.9871,32.21053,0.3145242,0,0,0,0,3079.979
23.81999,2.1,0,400.6314,32.21679,0.3130495,0,0,0,0,3080.561
23.83999,2.1,0,401.2759,32.22302,0.3115787,0,0,0,0,3081.139
23.85999,2.1,0,401.9205,32.22922,0.3101113,0,0,0,0,3081.715
23.87999,2.1,0,402.5652,32.23539,0.3086534,0,0,0,0,3082.289
23.89999,2.1,0,403.2101,32.24154,0.3072001,0,0,0,0,3082.859
23.91999,2.1,0,403.855,32.24765,0.3057525,0,0,0,0,3083.427
23.93999,2.1,0,404.5001,32.25374,0.3043102,0,0,0,0,3083.993
23.95999,2.1,0,405.1453,32.2598,0.3028733,0,0,0,0,3084.555
23.97999,2.1,0,405.7906,32.26582,0.301442,0,0,0,0,3085.115
23.99999,2.1,0,406.4361,32.27182,0.3000179,0,0,0,0,3085.672
24.01999,2.1,0,407.0816,32.2778,0.298597,0,0,0,0,3086.227
24.03999,2.1,0,407.7273,32.28374,0.2971815,0,0,0,0,3086.779
24.05999,2.1,0,408.3731,32.28966,0.2957733,0,0,0,0,3087.329
24.07999,2.1,0,409.019,32.29554,0.2943698,0,0,0,0,3087.875
24.09999,2.1,0,409.665,32.3014,0.2929722,0,0,0,0,3088.42
24.11999,2.1,0,410.3112,32.30724,0.2915797,0,0,0,0,3088.961
24.13999,2.1,0,410.9574,32.31304,0.2901925,0,0,0,0,3089.5
24.15999,2.1,0,411.6038,32.31881,0.2888126,0,0,0,0,3090.037
24.17999,2.1,0,412.2503,32.32456,0.287437,0,0,0,0,3090.571
24.19999,2.1,0,412.8969,32.33028,0.2860672,0,0,0,0,3091.103
24.21999,2.1,0,413.5436,32.33598,0.2847022,0,0,0,0,3091.631
24.23999,2.1,0,414.1904,32.34165,0.2833426,0,0,0,0,3092.158
24.25999,2.1,0,414.8374,32.34729,0.281986,0,0,0,0,3092.682
24.27999,2.1,0,415.4844,32.3529,0.2806379,0,0,0,0,3093.203
24.29999,2.1,0,416.1316,32.35848,0.2792942,0,0,0,0,3093.722
24.31999,2.1,0,416.7789,32.36404,0.2779572,0,0,0,0,3094.239
24.33999,2.1,0,417.4263,32.36957,0.2766253,0,0,0,0,3094.752
24.35999,2.1,0,418.0738,32.37508,0.2752984,0,0,0,0,3095.264
24.37999,2.1,0,418.7214,32.38055,0.2739785,0,0,0,0,3095.773
24.39999,2.1,0,419.3691,32.38601,0.2726617,0,0,0,0,3096.279
24.41999,2.1,0,420.0169,32.39144,0.2713496,0,0,0,0,3096.783
24.43999,2.1,0,420.6649,32.39684,0.2700429,0,0,0,0,3097.285
24.45999,2.1,0,421.3129,32.40221,0.2687412,0,0,0,0,3097.785
24.47999,2.1,0,421.9611,32.40756,0.2674463,0,0,0,0,3098.281
24.49999,2.1,0,422.6093,32.41288,0.2661547,0,0,0,0,3098.776
24.51999,2.1,0,423.2577,32.41818,0.2648703,0,0,0,0,3099.268
24.53999,2.1,0,423.9062,32.42345,0.2635886,0,0,0,0,3099.758
24.55999,2.1,0,424.5547,32.4287,0.2623137,0,0,0,0,3100.245
24.57999,2.1,0,425.2034,32.43392,0.261044,0,0,0,0,3100.73
24.59999,2.1,0,425.8522,32.43912,0.2597771,0,0,0,0,3101.213
24.61999,2.1,0,426.5011,32.44429,0.258517,0,0,0,0,3101.694
24.63999,2.1,0,427.1501,32.44943,0.2572643,0,0,0,0,3102.172
24.65999,2.1,0,427.7991,32.45455,0.2560135,0,0,0,0,3102.647
24.67999,2.1,0,428.4483,32.45965,0.2547704,0,0,0,0,3103.121
24.69999,2.1,0,429.0976,32.46472,0.2535295,0,0,0,0,3103.592
24.71999,2.1,0,429.747,32.46976,0.252294,0,0,0,0,3104.061
24.73999,2.1,0,430.3965,32.47478,0.2510655,0,0,0,0,3104.527
24.75999,2.1,0,431.0461,32.47978,0.2498412,0,0,0,0,3104.991
24.77999,2.1,0,431.6958,32.48475,0.2486199,0,0,0,0,3105.453
24.79999,2.1,0,432.3456,32.4897,0.2474079,0,0,0,0,3105.913
24.81999,2.1,0,432.9955,32.49463,0.2461994,0,0,0,0,3106.371
24.83999,2.1,0,433.6455,32.49952,0.2449926,0,0,0,0,3106.826
24.85999,2.1,0,434.2956,32.5044,0.243795,0,0,0,0,3107.279
24.87999,2.1,0,434.9457,32.50925,0.2425994,0,0,0,0,3107.73
24.89999,2.1,0,435.596,32.51408,0.2414109,0,0,0,0,3108.178
24.91999,2.1,0,436.2464,32.51888,0.2402245,0,0,0,0,3108.625
24.93999,2.1,0,436.8969,32.52366,0.2390459,0,0,0,0,3109.069
24.95999,2.1,0,437.5475,32.52842,0.2378712,0,0,0,0,3109.511
24.97999,2.1,0,438.1981,32.53315,0.2367013,0,0,0,0,3109.951
24.99999,2.1,0,438.8489,32.53786,0.2355358,0,0,0,0,3110.389
25.01999,2.1,0,439.4997,32.54255,0.2343754,0,0,0,0,3110.824
25.03999,2.1,0,440.1507,32.54722,0.233219,0,0,0,0,3111.258
25.05999,2.1,0,440.8017,32.55186,0.2320692,0,0,0,0,3111.689
25.07999,2.1,0,441.4528,32.55648,0.2309219,0,0,0,0,3112.118
25.09999,2.1,0,442.104,32.56108,0.2297816,0,0,0,0,3112.546
25.11999,2.1,0,442.7553,32.56565,0.2286437,0,0,0,0,3112.971
25.13999,2.1,0,443.4067,32.5702,0.2275112,0,0,0,0,3113.394
25.15999,2.1,0,444.0582,32.57473,0.2263847,0,0,0,0,3113.814
25.17999,2.1,0,444.7098,32.57924,0.225264,0,0,0,0,3114.233
25.19999,2.1,0,445.3615,32.58372,0.2241446,0,0,0,0,3114.65
25.21999,2.1,0,446.0132,32.58818,0.2230323,0,0,0,0,3115.064
25.23999,2.1,0,446.6651,32.59262,0.2219258,0,0,0,0,3115.477
25.25999,2.1,0,447.317,32.59703,0.2208181,0,0,0,0,3115.887
25.27999,2.1,0,447.9691,32.60143,0.2197181,0,0,0,0,3116.296
25.29999,2.1,0,448.6212,32.6058,0.2186234,0,0,0,0,3116.702
25.31999,2.1,0,449.2734,32.61015,0.2175353,0,0,0,0,3117.106
25.33999,2.1,0,449.9257,32.61448,0.2164489,0,0,0,0,3117.509
25.35999,2.1,0,450.5781,32.61879,0.2153676,0,0,0,0,3117.909
25.37999,2.1,0,451.2305,32.62308,0.2142923,0,0,0,0,3118.308
25.39999,2.1,0,451.8831,32.62734,0.2132181,0,0,0,0,3118.704
25.41999,2.1,0,452.5357,32.63158,0.2121509,0,0,0,0,3119.099
25.43999,2.1,0,453.1884,32.63581,0.2110907,0,0,0,0,3119.491
25.45999,2.1,0,453.8412,32.64001,0.2100314,0,0,0,0,3119.882
25.47999,2.1,0,454.4941,32.64419,0.2089789,0,0,0,0,3120.27
25.49999,2.1,0,455.1471,32.64835,0.20793,0,0,0,0,3120.656
25.51999,2.1,0,455.8001,32.65248,0.206886,0,0,0,0,3121.041
25.53999,2.1,0,456.4532,32.6566,0.2058461,0,0,0,0,3121.424
25.55999,2.1,0,457.1065,32.6607,0.2048125,0,0,0,0,3121.805
25.57999,2.1,0,457.7598,32.66477,0.2037791,0,0,0,0,3122.184
25.59999,2.1,0,458.4131,32.66883,0.2027549,0,0,0,0,3122.561
25.61999,2.1,0,459.0666,32.67286,0.2017338,0,0,0,0,3122.936
25.63999,2.1,0,459.7201,32.67688,0.200715,0,0,0,0,3123.309
25.65999,2.1,0,460.3737,32.68087,0.1997035,0,0,0,0,3123.68
25.67999,2.1,0,461.0274,32.68484,0.1986953,0,0,0,0,3124.049
25.69999,2.1,0,461.6812,32.6888,0.1976894,0,0,0,0,3124.417
25.71999,2.1,0,462.3351,32.69273,0.1966905,0,0,0,0,3124.782
25.73999,2.1,0,462.989,32.69664,0.1956969,0,0,0,0,3125.146
25.75999,2.1,0,463.643,32.70054,0.1947037,0,0,0,0,3125.508
25.77999,2.1,0,464.2971,32.70441,0.1937154,0,0,0,0,3125.868
25.79999,2.1,0,464.9513,32.70827,0.1927316,0,0,0,0,3126.227
25.81999,2.1,0,465.6055,32.7121,0.1917538,0,0,0,0,3126.583
25.83999,2.1,0,466.2598,32.71592,0.1907813,0,0,0,0,3126.938
25.85999,2.1,0,466.9142,32.71971,0.1898094,0,0,0,0,3127.291
25.87999,2.1,0,467.5687,32.72349,0.1888442,0,0,0,0,3127.642
25.89999,2.1,0,468.2232,32.72725,0.1878812,0,0,0,0,3127.991
25.91999,2.1,0,468.8779,32.73098,0.186924,0,0,0,0,3128.339
25.93999,2.1,0,469.5326,32.7347,0.1859704,0,0,0,0,3128.684
25.95999,2.1,0,470.1873,32.7384,0.1850197,0,0,0,0,3129.028
25.97999,2.1,0,470.8422,32.74208,0.1840767,0,0,0,0,3129.371
25.99999,2.1,0,471.4971,32.74575,0.1831337,0,0,0,0,3129.711
26.01999,2.1,0,472.1521,32.74939,0.1821972,0,0,0,0,3130.05
26.03999,2.1,0,472.8071,32.75301,0.1812634,0,0,0,0,3130.387
26.05999,2.1,0,473.4622,32.75662,0.1803353,0,0,0,0,3130.722
26.07999,2.1,0,474.1175,32.76021,0.1794142,0,0,0,0,3131.056
26.09999,2.1,0,474.7727,32.76378,0.178491,0,0,0,0,3131.387
26.11999,2.1,0,475.4281,32.76733,0.1775748,0,0,0,0,3131.718
26.13999,2.1,0,476.0835,32.77086,0.1766625,0,0,0,0,3132.046
26.15999,2.1,0,476.739,32.77438,0.1757542,0,0,0,0,3132.373
26.17999,2.1,0,477.3945,32.77787,0.1748503,0,0,0,0,3132.698
26.19999,2.1,0,478.0502,32.78135,0.1739497,0,0,0,0,3133.022
26.21999,2.1,0,478.7059,32.78481,0.1730531,0,0,0,0,3133.344
26.23999,2.1,0,479.3616,32.78826,0.1721608,0,0,0,0,3133.664
26.25999,2.1,0,480.0175,32.79168,0.1712717,0,0,0,0,3133.982
26.27999,2.1,0,480.6734,32.79509,0.1703875,0,0,0,0,3134.299
26.29999,2.1,0,481.3293,32.79848,0.1695071,0,0,0,0,3134.614
26.31999,2.1,0,481.9854,32.80185,0.1686288,0,0,0,0,3134.928
26.33999,2.1,0,482.6415,32.80521,0.1677582,0,0,0,0,3135.24
26.35999,2.1,0,483.2976,32.80855,0.1668866,0,0,0,0,3135.55
26.37999,2.1,0,483.9539,32.81187,0.166024,0,0,0,0,3135.859
26.39999,2.1,0,484.6102,32.81517,0.1651612,0,0,0,0,3136.166
26.41999,2.1,0,485.2666,32.81845,0.1643045,0,0,0,0,3136.472
26.43999,2.1,0,485.923,32.82172,0.1634495,0,0,0,0,3136.776
26.45999,2.1,0,486.5795,32.82497,0.1626007,0,0,0,0,3137.078
26.47999,2.1,0,487.2361,32.82821,0.1617556,0,0,0,0,3137.379
26.49999,2.1,0,487.8927,32.83143,0.1609138,0,0,0,0,3137.678
26.51999,2.1,0,488.5493,32.83463,0.1600741,0,0,0,0,3137.976
26.53999,2.1,0,489.2061,32.83781,0.1592422,0,0,0,0,3138.272
26.55999,2.1,0,489.8629,32.84098,0.1584083,0,0,0,0,3138.566
26.57999,2.1,0,490.5198,32.84414,0.1575808,0,0,0,0,3138.86
26.59999,2.1,0,491.1768,32.84727,0.1567569,0,0,0,0,3139.151
26.61999,2.1,0,491.8338,32.85039,0.1559383,0,0,0,0,3139.441
26.63999,2.1,0,492.4909,32.85349,0.1551197,0,0,0,0,3139.73
26.65999,2.1,0,493.148,32.85658,0.1543094,0,0,0,0,3140.017
26.67999,2.1,0,493.8052,32.85965,0.1535002,0,0,0,0,3140.302
26.69999,2.1,0,494.4625,32.86271,0.1526967,0,0,0,0,3140.586
26.71999,2.1,0,495.1198,32.86574,0.1518926,0,0,0,0,3140.869
26.73999,2.1,0,495.7772,32.86876,0.1510974,0,0,0,0,3141.15
26.75999,2.1,0,496.4346,32.87177,0.1503031,0,0,0,0,3141.43
26.77999,2.1,0,497.0921,32.87476,0.1495145,0,0,0,0,3141.708
26.79999,2.1,0,497.7497,32.87774,0.1487274,0,0,0,0,3141.984
26.81999,2.1,0,498.4073,32.8807,0.1479409,0,0,0,0,3142.26
26.83999,2.1,0,499.065,32.88364,0.1471606,0,0,0,0,3142.533
26.85999,2.1,0,499.7227,32.88657,0.1463817,0,0,0,0,3142.806
26.87999,2.1,0,500.3805,32.88948,0.1456107,0,0,0,0,3143.077
26.89999,2.1,0,501.0383,32.89237,0.1448424,0,0,0,0,3143.346
26.91999,2.1,0,501.6962,32.89525,0.1440795,0,0,0,0,3143.614
26.93999,2.1,0,502.3542,32.89812,0.1433184,0,0,0,0,3143.881
26.95999,2.1,0,503.0122,32.90097,0.1425629,0,0,0,0,3144.146
26.97999,2.1,0,503.6703,32.9038,0.1418069,0,0,0,0,3144.409
26.99999,2.1,0,504.3284,32.90662,0.1410542,0,0,0,0,3144.672
27.01999,2.1,0,504.9866,32.90943,0.1403044,0,0,0,0,3144.933
27.03999,2.1,0,505.6449,32.91222,0.1395568,0,0,0,0,3145.192
27.05999,2.1,0,506.3032,32.915,0.1388162,0,0,0,0,3145.451
27.07999,2.1,0,506.9615,32.91776,0.1380768,0,0,0,0,3145.708
27.09999,2.1,0,507.6199,32.92051,0.1373431,0,0,0,0,3145.963
27.11999,2.1,0,508.2784,32.92324,0.1366109,0,0,0,0,3146.217
27.13999,2.1,0,508.9369,32.92596,0.1358811,0,0,0,0,3146.47
27.15999,2.1,0,509.5955,32.92866,0.1351587,0,0,0,0,3146.721
27.17999,2.1,0,510.2541,32.93135,0.1344353,0,0,0,0,3146.971
27.19999,2.1,0,510.9128,32.93402,0.1337198,0,0,0,0,3147.22
27.21999,2.1,0,511.5715,32.93668,0.1330052,0,0,0,0,3147.468
27.23999,2.1,0,512.2303,32.93933,0.1322947,0,0,0,0,3147.714
27.25999,2.1,0,512.8892,32.94196,0.1315859,0,0,0,0,3147.959
27.27999,2.1,0,513.548,32.94458,0.1308822,0,0,0,0,3148.202
27.29999,2.1,0,514.207,32.94719,0.1301837,0,0,0,0,3148.445
27.31999,2.1,0,514.866,32.94978,0.1294844,0,0,0,0,3148.686
27.33999,2.1,0,515.525,32.95235,0.128788,0,0,0,0,3148.925
27.35999,2.1,0,516.1841,32.95491,0.1280969,0,0,0,0,3149.164
27.37999,2.1,0,516.8433,32.95746,0.1274053,0,0,0,0,3149.401
27.39999,2.1,0,517.5024,32.96,0.1267246,0,0,0,0,3149.636
27.41999,2.1,0,518.1617,32.96252,0.1260446,0,0,0,0,3149.871
27.43999,2.1,0,518.821,32.96502,0.1253648,0,0,0,0,3150.104
27.45999,2.1,0,519.4803,32.96752,0.1246907,0,0,0,0,3150.336
27.47999,2.1,0,520.1398,32.97,0.1240158,0,0,0,0,3150.567
27.49999,2.1,0,520.7992,32.97247,0.1233444,0,0,0,0,3150.796
27.51999,2.1,0,521.4587,32.97492,0.1226807,0,0,0,0,3151.025
27.53999,2.1,0,522.1182,32.97736,0.122018,0,0,0,0,3151.252
27.55999,2.1,0,522.7778,32.97979,0.1213586,0,0,0,0,3151.478
27.57999,2.1,0,523.4375,32.9822,0.1207011,0,0,0,0,3151.702
27.59999,2.1,0,524.0972,32.9846,0.1200458,0,0,0,0,3151.926
27.61999,2.1,0,524.7569,32.98699,0.1193987,0,0,0,0,3152.148
27.63999,2.1,0,525.4167,32.98936,0.1187508,0,0,0,0,3152.369
27.65999,2.1,0,526.0765,32.99173,0.1181034,0,0,0,0,3152.589
27.67999,2.1,0,526.7364,32.99408,0.1174638,0,0,0,0,3152.807
27.69999,2.1,0,527.3963,32.99641,0.1168258,0,0,0,0,3153.025
27.71999,2.1,0,528.0563,32.99874,0.116188,0,0,0,0,3153.241
27.73999,2.1,0,528.7163,33.00105,0.1155581,0,0,0,0,3153.456
27.75999,2.1,0,529.3764,33.00335,0.114927,0,0,0,0,3153.67
27.77999,2.1,0,530.0365,33.00563,0.1142965,0,0,0,0,3153.883
27.79999,2.1,0,530.6967,33.00791,0.1136767,0,0,0,0,3154.094
27.81999,2.1,0,531.3569,33.01017,0.1130552,0,0,0,0,3154.305
27.83999,2.1,0,532.0172,33.01242,0.1124344,0,0,0,0,3154.514
27.85999,2.1,0,532.6774,33.01465,0.1118212,0,0,0,0,3154.722
27.87999,2.1,0,533.3378,33.01688,0.1112098,0,0,0,0,3154.929
27.89999,2.1,0,533.9982,33.01909,0.1106009,0,0,0,0,3155.135
27.91999,2.1,0,534.6586,33.02129,0.1099947,0,0,0,0,3155.339
27.93999,2.1,0,535.319,33.02348,0.1093912,0,0,0,0,3155.543
27.95999,2.1,0,535.9796,33.02565,0.1087899,0,0,0,0,3155.746
27.97999,2.1,0,536.6401,33.02782,0.1081936,0,0,0,0,3155.947
27.99999,2.1,0,537.3007,33.02997,0.1075986,0,0,0,0,3156.147
28.01999,2.1,0,537.9614,33.03211,0.1070068,0,0,0,0,3156.346
28.03999,2.1,0,538.6221,33.03424,0.1064203,0,0,0,0,3156.544
28.05999,2.1,0,539.2828,33.03635,0.1058327,0,0,0,0,3156.741
28.07999,2.1,0,539.9435,33.03846,0.1052489,0,0,0,0,3156.937
28.09999,2.1,0,540.6044,33.04055,0.1046699,0,0,0,0,3157.132
28.11999,2.1,0,541.2652,33.04264,0.1040899,0,0,0,0,3157.326
28.13999,2.1,0,541.9261,33.04471,0.1035157,0,0,0,0,3157.519
28.15999,2.1,0,542.587,33.04677,0.1029437,0,0,0,0,3157.71
28.17999,2.1,0,543.248,33.04882,0.102374,0,0,0,0,3157.901
28.19999,2.1,0,543.909,33.05085,0.101807,0,0,0,0,3158.091
28.21999,2.1,0,544.5701,33.05288,0.1012451,0,0,0,0,3158.279
28.23999,2.1,0,545.2311,33.05489,0.1006823,0,0,0,0,3158.467
28.25999,2.1,0,545.8923,33.0569,0.100125,0,0,0,0,3158.653
28.27999,2.1,0,546.5535,33.05889,0.09956899,0,0,0,0,3158.839
28.29999,2.1,0,547.2147,33.06087,0.09901617,0,0,0,0,3159.023
28.31999,2.1,0,547.8759,33.06284,0.09846786,0,0,0,0,3159.206
28.33999,2.1,0,548.5372,33.06479,0.09791961,0,0,0,0,3159.388
28.35999,2.1,0,549.1985,33.06674,0.09737664,0,0,0,0,3159.57
28.37999,2.1,0,549.8599,33.06868,0.09683333,0,0,0,0,3159.75
28.39999,2.1,0,550.5214,33.07061,0.09629269,0,0,0,0,3159.929
28.41999,2.1,0,551.1828,33.07252,0.09575362,0,0,0,0,3160.107
28.43999,2.1,0,551.8443,33.07442,0.09522078,0,0,0,0,3160.285
28.45999,2.1,0,552.5058,33.07632,0.09468896,0,0,0,0,3160.461
28.47999,2.1,0,553.1674,33.0782,0.09416211,0,0,0,0,3160.636
28.49999,2.1,0,553.829,33.08007,0.09363597,0,0,0,0,3160.811
28.51999,2.1,0,554.4906,33.08194,0.09311157,0,0,0,0,3160.984
28.53999,2.1,0,555.1523,33.08379,0.09259036,0,0,0,0,3161.156
28.55999,2.1,0,555.814,33.08563,0.09207096,0,0,0,0,3161.328
28.57999,2.1,0,556.4757,33.08746,0.09155732,0,0,0,0,3161.498
28.59999,2.1,0,557.1375,33.08928,0.09104255,0,0,0,0,3161.667
28.61999,2.1,0,557.7993,33.09109,0.09053031,0,0,0,0,3161.836
28.63999,2.1,0,558.4612,33.09289,0.09002069,0,0,0,0,3162.004
28.65999,2.1,0,559.123,33.09468,0.08951574,0,0,0,0,3162.171
28.67999,2.1,0,559.785,33.09646,0.08901352,0,0,0,0,3162.336
28.69999,2.1,0,560.447,33.09823,0.08851084,0,0,0,0,3162.501
28.71999,2.1,0,561.1089,33.09999,0.08801049,0,0,0,0,3162.665
28.73999,2.1,0,561.771,33.10174,0.08751597,0,0,0,0,3162.828
28.75999,2.1,0,562.433,33.10348,0.08702046,0,0,0,0,3162.99
28.77999,2.1,0,563.0952,33.10521,0.08653018,0,0,0,0,3163.151
28.79999,2.1,0,563.7573,33.10693,0.08603887,0,0,0,0,3163.311
28.81999,2.1,0,564.4194,33.10865,0.08555414,0,0,0,0,3163.47
28.83999,2.1,0,565.0817,33.11035,0.0850684,0,0,0,0,3163.629
28.85999,2.1,0,565.7439,33.11204,0.08458507,0,0,0,0,3163.786
28.87999,2.1,0,566.4062,33.11372,0.08410646,0,0,0,0,3163.943
28.89999,2.1,0,567.0685,33.11539,0.08362822,0,0,0,0,3164.099
28.91999,2.1,0,567.7308,33.11705,0.0831549,0,0,0,0,3164.254
28.93999,2.1,0,568.3932,33.11871,0.08268084,0,0,0,0,3164.407
28.95999,2.1,0,569.0556,33.12035,0.08221193,0,0,0,0,3164.56
28.97999,2.1,0,569.718,33.12199,0.08174531,0,0,0,0,3164.713
28.99999,2.1,0,570.3805,33.12361,0.08127875,0,0,0,0,3164.864
29.01999,2.1,0,571.043,33.12523,0.08081482,0,0,0,0,3165.014
29.03999,2.1,0,571.7055,33.12683,0.08035353,0,0,0,0,3165.164
29.05999,2.1,0,572.3681,33.12843,0.07989717,0,0,0,0,3165.313
29.07999,2.1,0,573.0307,33.13002,0.0794394,0,0,0,0,3165.461
29.09999,2.1,0,573.6934,33.1316,0.07898725,0,0,0,0,3165.608
29.11999,2.1,0,574.356,33.13317,0.07853198,0,0,0,0,3165.754
29.13999,2.1,0,575.0187,33.13473,0.07808046,0,0,0,0,3165.9
29.15999,2.1,0,575.6815,33.13628,0.07763341,0,0,0,0,3166.044
29.17999,2.1,0,576.3442,33.13783,0.07718837,0,0,0,0,3166.188
29.19999,2.1,0,577.007,33.13936,0.076743,0,0,0,0,3166.331
29.21999,2.1,0,577.6699,33.14089,0.07630272,0,0,0,0,3166.473
29.23999,2.1,0,578.3327,33.14241,0.07586509,0,0,0,0,3166.614
29.25999,2.1,0,578.9956,33.14391,0.07542939,0,0,0,0,3166.755
29.27999,2.1,0,579.6585,33.14541,0.07499576,0,0,0,0,3166.894
29.29999,2.1,0,580.3215,33.1469,0.07456258,0,0,0,0,3167.033
29.31999,2.1,0,580.9844,33.14839,0.07412958,0,0,0,0,3167.171
29.33999,2.1,0,581.6475,33.14986,0.07370229,0,0,0,0,3167.308
29.35999,2.1,0,582.3105,33.15133,0.07327611,0,0,0,0,3167.445
29.37999,2.1,0,582.9735,33.15278,0.07285254,0,0,0,0,3167.581
29.39999,2.1,0,583.6366,33.15423,0.07243161,0,0,0,0,3167.715
29.41999,2.1,0,584.2997,33.15567,0.07201019,0,0,0,0,3167.85
29.43999,2.1,0,584.9628,33.1571,0.07159463,0,0,0,0,3167.983
29.45999,2.1,0,585.626,33.15853,0.07118051,0,0,0,0,3168.115
29.47999,2.1,0,586.2892,33.15994,0.0707689,0,0,0,0,3168.247
29.49999,2.1,0,586.9524,33.16135,0.0703569,0,0,0,0,3168.378
29.51999,2.1,0,587.6157,33.16275,0.06994767,0,0,0,0,3168.509
29.53999,2.1,0,588.2789,33.16414,0.06954105,0,0,0,0,3168.638
29.55999,2.1,0,588.9423,33.16552,0.06913641,0,0,0,0,3168.767
29.57999,2.1,0,589.6056,33.1669,0.06873383,0,0,0,0,3168.895
29.59999,2.1,0,590.269,33.16826,0.06833391,0,0,0,0,3169.022
29.61999,2.1,0,590.9324,33.16962,0.06793327,0,0,0,0,3169.149
29.63999,2.1,0,591.5958,33.17097,0.06753881,0,0,0,0,3169.274
29.65999,2.1,0,592.2592,33.17231,0.06714579,0,0,0,0,3169.399
29.67999,2.1,0,592.9227,33.17365,0.06675297,0,0,0,0,3169.524
29.69999,2.1,0,593.5862,33.17498,0.066363,0,0,0,0,3169.647
29.71999,2.1,0,594.2497,33.1763,0.0659723,0,0,0,0,3169.77
29.73999,2.1,0,594.9133,33.17761,0.06558778,0,0,0,0,3169.893
29.75999,2.1,0,595.5768,33.17891,0.06520166,0,0,0,0,3170.014
29.77999,2.1,0,596.2404,33.18021,0.06481884,0,0,0,0,3170.135
29.79999,2.1,0,596.9041,33.1815,0.06443849,0,0,0,0,3170.255
29.81999,2.1,0,597.5677,33.18278,0.06405746,0,0,0,0,3170.374
29.83999,2.1,0,598.2314,33.18406,0.06368259,0,0,0,0,3170.493
29.85999,2.1,0,598.8951,33.18532,0.06330614,0,0,0,0,3170.611
29.87999,2.1,0,599.5588,33.18658,0.06293298,0,0,0,0,3170.728
29.89999,2.1,0,600.2226,33.18783,0.06256119,0,0,0,0,3170.845
29.91999,2.1,0,600.8864,33.18908,0.06219202,0,0,0,0,3170.961
29.93999,2.1,0,601.5502,33.19031,0.06182547,0,0,0,0,3171.076
29.95999,2.1,0,602.214,33.19154,0.0614615,0,0,0,0,3171.19
29.97999,2.1,0,602.8779,33.19276,0.06109953,0,0,0,0,3171.304
29.99999,2.1,0,603.5417,33.19397,0.06073726,0,0,0,0,3171.417
30.01999,2.1,0,604.2056,33.19518,0.06037776,0,0,0,0,3171.53
30.03999,2.1,0,604.8696,33.19638,0.06001854,0,0,0,0,3171.641
30.05999,2.1,0,605.5335,33.19758,0.05965918,0,0,0,0,3171.753
30.07999,2.1,0,606.1975,33.19876,0.05930756,0,0,0,0,3171.863
30.09999,2.1,0,606.8615,33.19994,0.05895416,0,0,0,0,3171.973
30.11999,2.1,0,607.5255,33.20111,0.05860405,0,0,0,0,3172.083
30.13999,2.1,0,608.1896,33.20228,0.05825619,0,0,0,0,3172.191
30.15999,2.1,0,608.8536,33.20344,0.05790796,0,0,0,0,3172.299
30.17999,2.1,0,609.5177,33.20459,0.05756076,0,0,0,0,3172.406
30.19999,2.1,0,610.1818,33.20573,0.05721915,0,0,0,0,3172.513
30.21999,2.1,0,610.8459,33.20687,0.05687829,0,0,0,0,3172.619
30.23999,2.1,0,611.5101,33.208,0.05653981,0,0,0,0,3172.724
30.25999,2.1,0,612.1743,33.20913,0.05620098,0,0,0,0,3172.829
30.27999,2.1,0,612.8385,33.21024,0.05586281,0,0,0,0,3172.933
30.29999,2.1,0,613.5027,33.21135,0.05552728,0,0,0,0,3173.036
30.31999,2.1,0,614.167,33.21246,0.05519633,0,0,0,0,3173.139
30.33999,2.1,0,614.8312,33.21355,0.05486703,0,0,0,0,3173.241
30.35999,2.1,0,615.4955,33.21465,0.05453797,0,0,0,0,3173.343
30.37999,2.1,0,616.1599,33.21573,0.05420884,0,0,0,0,3173.444
30.39999,2.1,0,616.8242,33.21681,0.05388265,0,0,0,0,3173.544
30.41999,2.1,0,617.4885,33.21788,0.05355841,0,0,0,0,3173.644
30.43999,2.1,0,618.1529,33.21894,0.05323355,0,0,0,0,3173.744
30.45999,2.1,0,618.8173,33.22,0.05291483,0,0,0,0,3173.842
30.47999,2.1,0,619.4818,33.22105,0.05259489,0,0,0,0,3173.94
30.49999,2.1,0,620.1462,33.2221,0.05227582,0,0,0,0,3174.038
30.51999,2.1,0,620.8107,33.22314,0.05196151,0,0,0,0,3174.135
30.53999,2.1,0,621.4752,33.22417,0.05164616,0,0,0,0,3174.231
30.55999,2.1,0,622.1396,33.2252,0.05133139,0,0,0,0,3174.326
30.57999,2.1,0,622.8042,33.22622,0.05101953,0,0,0,0,3174.422
30.59999,2.1,0,623.4688,33.22723,0.05071217,0,0,0,0,3174.516
30.61999,2.1,0,624.1333,33.22824,0.05040391,0,0,0,0,3174.61
30.63999,2.1,0,624.7979,33.22924,0.05009888,0,0,0,0,3174.703
30.65999,2.1,0,625.4625,33.23024,0.04979093,0,0,0,0,3174.796
30.67999,2.1,0,626.1271,33.23122,0.0494881,0,0,0,0,3174.888
30.69999,2.1,0,626.7918,33.23221,0.04918725,0,0,0,0,3174.98
30.71999,2.1,0,627.4565,33.23318,0.04888373,0,0,0,0,3175.071
30.73999,2.1,0,628.1212,33.23416,0.04858636,0,0,0,0,3175.162
30.75999,2.1,0,628.7858,33.23512,0.04829038,0,0,0,0,3175.252
30.77999,2.1,0,629.4506,33.23608,0.04799728,0,0,0,0,3175.341
30.79999,2.1,0,630.1153,33.23704,0.04770133,0,0,0,0,3175.43
30.81999,2.1,0,630.78,33.23799,0.04741047,0,0,0,0,3175.518
30.83999,2.1,0,631.4448,33.23893,0.04711928,0,0,0,0,3175.606
30.85999,2.1,0,632.1096,33.23987,0.04682807,0,0,0,0,3175.694
30.87999,2.1,0,632.7744,33.2408,0.0465392,0,0,0,0,3175.781
30.89999,2.1,0,633.4393,33.24173,0.04625579,0,0,0,0,3175.867
30.91999,2.1,0,634.1041,33.24265,0.04596883,0,0,0,0,3175.953
30.93999,2.1,0,634.769,33.24356,0.04568734,0,0,0,0,3176.038
30.95999,2.1,0,635.4339,33.24447,0.04540517,0,0,0,0,3176.123
30.97999,2.1,0,636.0988,33.24537,0.04512309,0,0,0,0,3176.207
30.99999,2.1,0,636.7637,33.24627,0.04484357,0,0,0,0,3176.291
31.01999,2.1,0,637.4286,33.24716,0.04456614,0,0,0,0,3176.374
31.03999,2.1,0,638.0936,33.24805,0.04428911,0,0,0,0,3176.456
31.05999,2.1,0,638.7586,33.24893,0.04401693,0,0,0,0,3176.538
31.07999,2.1,0,639.4236,33.2498,0.04374403,0,0,0,0,3176.62
31.09999,2.1,0,640.0886,33.25067,0.04347406,0,0,0,0,3176.701
31.11999,2.1,0,640.7537,33.25154,0.04320358,0,0,0,0,3176.781
31.13999,2.1,0,641.4187,33.2524,0.04293349,0,0,0,0,3176.862
31.15999,2.1,0,642.0837,33.25325,0.04266634,0,0,0,0,3176.941
31.17999,2.1,0,642.7488,33.2541,0.0424011,0,0,0,0,3177.02
31.19999,2.1,0,643.4139,33.25494,0.04213526,0,0,0,0,3177.099
31.21999,2.1,0,644.079,33.25578,0.04187324,0,0,0,0,3177.177
31.23999,2.1,0,644.7442,33.25661,0.04161286,0,0,0,0,3177.255
31.25999,2.1,0,645.4094,33.25744,0.0413517,0,0,0,0,3177.332
31.27999,2.1,0,646.0745,33.25826,0.04109331,0,0,0,0,3177.408
31.29999,2.1,0,646.7397,33.25908,0.0408372,0,0,0,0,3177.485
31.31999,2.1,0,647.4049,33.25989,0.04058142,0,0,0,0,3177.56
31.33999,2.1,0,648.0701,33.26069,0.04032487,0,0,0,0,3177.635
31.35999,2.1,0,648.7354,33.26149,0.04007119,0,0,0,0,3177.71
31.37999,2.1,0,649.4006,33.26229,0.03981968,0,0,0,0,3177.784
31.39999,2.1,0,650.0659,33.26308,0.03957127,0,0,0,0,3177.858
31.41999,2.1,0,650.7311,33.26387,0.03932175,0,0,0,0,3177.931
31.43999,2.1,0,651.3964,33.26465,0.03907508,0,0,0,0,3178.004
31.45999,2.1,0,652.0617,33.26543,0.03882833,0,0,0,0,3178.077
31.47999,2.1,0,652.7271,33.2662,0.0385842,0,0,0,0,3178.149
31.49999,2.1,0,653.3924,33.26696,0.03833909,0,0,0,0,3178.22
31.51999,2.1,0,654.0577,33.26773,0.03809716,0,0,0,0,3178.291
31.53999,2.1,0,654.7231,33.26848,0.03785505,0,0,0,0,3178.362
31.55999,2.1,0,655.3885,33.26923,0.03761598,0,0,0,0,3178.432
31.57999,2.1,0,656.0539,33.26998,0.03737576,0,0,0,0,3178.501
31.59999,2.1,0,656.7193,33.27073,0.03713915,0,0,0,0,3178.571
31.61999,2.1,0,657.3847,33.27146,0.03690427,0,0,0,0,3178.64
31.63999,2.1,0,658.0502,33.27219,0.03667187,0,0,0,0,3178.708
31.65999,2.1,0,658.7156,33.27292,0.03643867,0,0,0,0,3178.776
31.67999,2.1,0,659.3811,33.27365,0.03620569,0,0,0,0,3178.843
31.69999,2.1,0,660.0466,33.27437,0.03597535,0,0,0,0,3178.91
31.71999,2.1,0,660.7121,33.27508,0.03574497,0,0,0,0,3178.977
31.73999,2.1,0,661.3776,33.27579,0.03551649,0,0,0,0,3179.043
31.75999,2.1,0,662.0432,33.2765,0.03528785,0,0,0,0,3179.109
31.77999,2.1,0,662.7087,33.2772,0.03505995,0,0,0,0,3179.175
31.79999,2.1,0,663.3742,33.2779,0.03483755,0,0,0,0,3179.24
31.81999,2.1,0,664.0398,33.27859,0.03461435,0,0,0,0,3179.304
31.83999,2.1,0,664.7054,33.27927,0.03439322,0,0,0,0,3179.368
31.85999,2.1,0,665.371,33.27996,0.03417189,0,0,0,0,3179.432
31.87999,2.1,0,666.0366,33.28064,0.03395327,0,0,0,0,3179.495
31.89999,2.1,0,666.7022,33.28131,0.03373458,0,0,0,0,3179.558
31.91999,2.1,0,667.3679,33.28198,0.03351547,0,0,0,0,3179.621
31.93999,2.1,0,668.0335,33.28265,0.03329713,0,0,0,0,3179.683
31.95999,2.1,0,668.6992,33.28331,0.03308102,0,0,0,0,3179.745
31.97999,2.1,0,669.3648,33.28397,0.03286731,0,0,0,0,3179.806
31.99999,2.1,0,670.0305,33.28462,0.03265588,0,0,0,0,3179.867
32.01999,2.1,0,670.6962,33.28527,0.03244139,0,0,0,0,3179.927
32.03999,2.1,0,671.3619,33.28591,0.0322328,0,0,0,0,3179.988
32.05999,2.1,0,672.0276,33.28655,0.03202338,0,0,0,0,3180.047
32.07999,2.1,0,672.6934,33.28719,0.03181674,0,0,0,0,3180.107
32.09999,2.1,0,673.3592,33.28782,0.03160698,0,0,0,0,3180.166
32.11999,2.1,0,674.025,33.28845,0.0314003,0,0,0,0,3180.224
32.13999,2.1,0,674.6907,33.28908,0.0311935,0,0,0,0,3180.283
32.15999,2.1,0,675.3565,33.2897,0.03098912,0,0,0,0,3180.341
32.17999,2.1,0,676.0223,33.29031,0.03078906,0,0,0,0,3180.398
32.19999,2.1,0,676.6882,33.29092,0.03058572,0,0,0,0,3180.455
32.21999,2.1,0,677.354,33.29153,0.03038545,0,0,0,0,3180.512
32.23999,2.1,0,678.0198,33.29213,0.03018509,0,0,0,0,3180.568
32.25999,2.1,0,678.6857,33.29273,0.02998713,0,0,0,0,3180.624
32.27999,2.1,0,679.3516,33.29332,0.02979226,0,0,0,0,3180.679
32.29999,2.1,0,680.0175,33.29391,0.02959615,0,0,0,0,3180.734
32.31999,2.1,0,680.6833,33.2945,0.0294006,0,0,0,0,3180.789
32.33999,2.1,0,681.3492,33.29509,0.02920759,0,0,0,0,3180.844
32.35999,2.1,0,682.0151,33.29567,0.02901431,0,0,0,0,3180.898
32.37999,2.1,0,682.6811,33.29624,0.02882375,0,0,0,0,3180.951
32.39999,2.1,0,683.347,33.29681,0.02863204,0,0,0,0,3181.005
32.41999,2.1,0,684.013,33.29738,0.02844087,0,0,0,0,3181.058
32.43999,2.1,0,684.679,33.29795,0.02825261,0,0,0,0,3181.111
32.45999,2.1,0,685.3449,33.29851,0.02806422,0,0,0,0,3181.163
32.47999,2.1,0,686.0109,33.29906,0.02787823,0,0,0,0,3181.215
32.49999,2.1,0,686.6769,33.29962,0.0276923,0,0,0,0,3181.267
32.51999,2.1,0,687.3429,33.30017,0.02750592,0,0,0,0,3181.318
32.53999,2.1,0,688.0089,33.30071,0.02732494,0,0,0,0,3181.369
32.55999,2.1,0,688.6749,33.30125,0.02714322,0,0,0,0,3181.419
32.57999,2.1,0,689.3409,33.30179,0.02696403,0,0,0,0,3181.47
32.59999,2.1,0,690.007,33.30233,0.02678485,0,0,0,0,3181.52
32.61999,2.1,0,690.6731,33.30286,0.02660524,0,0,0,0,3181.569
32.63999,2.1,0,691.3392,33.30339,0.026428,0,0,0,0,3181.618
32.65999,2.1,0,692.0052,33.30391,0.02624846,0,0,0,0,3181.667
32.67999,2.1,0,692.6713,33.30444,0.02607186,0,0,0,0,3181.716
32.69999,2.1,0,693.3374,33.30495,0.02589494,0,0,0,0,3181.764
32.71999,2.1,0,694.0035,33.30547,0.02572075,0,0,0,0,3181.813
32.73999,2.1,0,694.6697,33.30598,0.02554539,0,0,0,0,3181.86
32.75999,2.1,0,695.3358,33.30649,0.02537059,0,0,0,0,3181.908
32.77999,2.1,0,696.002,33.30699,0.02519833,0,0,0,0,3181.955
32.79999,2.1,0,696.6681,33.30749,0.02502604,0,0,0,0,3182.002
32.81999,2.1,0,697.3342,33.30799,0.02485614,0,0,0,0,3182.048
32.83999,2.1,0,698.0004,33.30848,0.02469129,0,0,0,0,3182.094
32.85999,2.1,0,698.6666,33.30897,0.02452269,0,0,0,0,3182.14
32.87999,2.1,0,699.3328,33.30946,0.02435495,0,0,0,0,3182.185
32.89999,2.1,0,699.999,33.30994,0.02418741,0,0,0,0,3182.23
32.91999,2.1,0,700.6652,33.31042,0.02402248,0,0,0,0,3182.275
32.93999,2.1,0,701.3314,33.3109,0.02385946,0,0,0,0,3182.32
32.95999,2.1,0,701.9976,33.31137,0.02369631,0,0,0,0,3182.364
32.97999,2.1,0,702.6639,33.31184,0.02353586,0,0,0,0,3182.408
32.99999,2.1,0,703.3301,33.31231,0.02337424,0,0,0,0,3182.452
33.01999,2.1,0,703.9964,33.31278,0.02321085,0,0,0,0,3182.495
33.03999,2.1,0,704.6627,33.31324,0.0230507,0,0,0,0,3182.538
33.05999,2.1,0,705.3289,33.3137,0.02289232,0,0,0,0,3182.581
33.07999,2.1,0,705.9952,33.31415,0.02273408,0,0,0,0,3182.624
33.09999,2.1,0,706.6615,33.3146,0.0225782,0,0,0,0,3182.666
33.11999,2.1,0,707.3278,33.31505,0.02241932,0,0,0,0,3182.708
33.13999,2.1,0,707.9941,33.3155,0.02226115,0,0,0,0,3182.749
33.15999,2.1,0,708.6605,33.31594,0.02210822,0,0,0,0,3182.791
33.17999,2.1,0,709.3268,33.31638,0.02195456,0,0,0,0,3182.832
33.19999,2.1,0,709.9931,33.31681,0.02180367,0,0,0,0,3182.872
33.21999,2.1,0,710.6594,33.31725,0.02165443,0,0,0,0,3182.913
33.23999,2.1,0,711.3258,33.31768,0.02150306,0,0,0,0,3182.953
33.25999,2.1,0,711.9922,33.31811,0.02135155,0,0,0,0,3182.993
33.27999,2.1,0,712.6586,33.31853,0.02120236,0,0,0,0,3183.032
33.29999,2.1,0,713.325,33.31895,0.02105323,0,0,0,0,3183.072
33.31999,2.1,0,713.9913,33.31937,0.02090669,0,0,0,0,3183.111
33.33999,2.1,0,714.6577,33.31979,0.02075975,0,0,0,0,3183.15
33.35999,2.1,0,715.3241,33.3202,0.02061324,0,0,0,0,3183.188
33.37999,2.1,0,715.9905,33.32061,0.02046906,0,0,0,0,3183.227
33.39999,2.1,0,716.6569,33.32101,0.02032688,0,0,0,0,3183.264
33.41999,2.1,0,717.3234,33.32142,0.02017942,0,0,0,0,3183.302
33.43999,2.1,0,717.9898,33.32182,0.02003532,0,0,0,0,3183.34
33.45999,2.1,0,718.6563,33.32222,0.01989303,0,0,0,0,3183.377
33.47999,2.1,0,719.3227,33.32261,0.01975283,0,0,0,0,3183.414
33.49999,2.1,0,719.9891,33.32301,0.01961038,0,0,0,0,3183.45
33.51999,2.1,0,720.6556,33.32339,0.01947062,0,0,0,0,3183.487
33.53999,2.1,0,721.3221,33.32378,0.01933587,0,0,0,0,3183.523
33.55999,2.1,0,721.9886,33.32417,0.01919737,0,0,0,0,3183.559
33.57999,2.1,0,722.6551,33.32455,0.01905974,0,0,0,0,3183.594
33.59999,2.1,0,723.3216,33.32492,0.01892426,0,0,0,0,3183.63
33.61999,2.1,0,723.9881,33.3253,0.01878887,0,0,0,0,3183.665
33.63999,2.1,0,724.6546,33.32568,0.01865375,0,0,0,0,3183.7
33.65999,2.1,0,725.3211,33.32605,0.01852087,0,0,0,0,3183.735
33.67999,2.1,0,725.9876,33.32641,0.01838784,0,0,0,0,3183.769
33.69999,2.1,0,726.6542,33.32678,0.01825749,0,0,0,0,3183.803
33.71999,2.1,0,727.3207,33.32714,0.01812364,0,0,0,0,3183.837
33.73999,2.1,0,727.9873,33.3275,0.01799265,0,0,0,0,3183.871
33.75999,2.1,0,728.6539,33.32786,0.01786199,0,0,0,0,3183.904
33.77999,2.1,0,729.3204,33.32821,0.01773151,0,0,0,0,3183.937
33.79999,2.1,0,729.987,33.32856,0.01760331,0,0,0,0,3183.97
33.81999,2.1,0,730.6536,33.32891,0.01747516,0,0,0,0,3184.003
33.83999,2.1,0,731.3201,33.32926,0.01734729,0,0,0,0,3184.035
33.85999,2.1,0,731.9867,33.32961,0.01722143,0,0,0,0,3184.067
33.87999,2.1,0,732.6533,33.32995,0.01709769,0,0,0,0,3184.099
33.89999,2.1,0,733.3199,33.33029,0.01696861,0,0,0,0,3184.131
33.91999,2.1,0,733.9866,33.33062,0.01684293,0,0,0,0,3184.163
33.93999,2.1,0,734.6532,33.33096,0.01671905,0,0,0,0,3184.194
33.95999,2.1,0,735.3198,33.33129,0.01659492,0,0,0,0,3184.225
33.97999,2.1,0,735.9865,33.33162,0.01647425,0,0,0,0,3184.256
33.99999,2.1,0,736.6531,33.33195,0.01635533,0,0,0,0,3184.286
34.01999,2.1,0,737.3197,33.33227,0.01623595,0,0,0,0,3184.317
34.03999,2.1,0,737.9863,33.3326,0.01611901,0,0,0,0,3184.347
34.05999,2.1,0,738.653,33.33292,0.01599975,0,0,0,0,3184.377
34.07999,2.1,0,739.3197,33.33323,0.0158804,0,0,0,0,3184.406
34.09999,2.1,0,739.9864,33.33355,0.01576335,0,0,0,0,3184.436
34.11999,2.1,0,740.6531,33.33386,0.01564403,0,0,0,0,3184.465
34.13999,2.1,0,741.3198,33.33417,0.01552764,0,0,0,0,3184.494
34.15999,2.1,0,741.9865,33.33448,0.01541313,0,0,0,0,3184.523
34.17999,2.1,0,742.6531,33.33479,0.01529835,0,0,0,0,3184.552
34.19999,2.1,0,743.3198,33.33509,0.01518399,0,0,0,0,3184.58
34.21999,2.1,0,743.9865,33.33539,0.01506963,0,0,0,0,3184.608
34.23999,2.1,0,744.6532,33.33569,0.01495759,0,0,0,0,3184.636
34.25999,2.1,0,745.3199,33.33599,0.01484757,0,0,0,0,3184.664
34.27999,2.1,0,745.9867,33.33628,0.01473224,0,0,0,0,3184.692
34.29999,2.1,0,746.6534,33.33657,0.0146203,0,0,0,0,3184.719
34.31999,2.1,0,747.3202,33.33686,0.01450783,0,0,0,0,3184.746
34.33999,2.1,0,747.9869,33.33715,0.01439777,0,0,0,0,3184.773
34.35999,2.1,0,748.6537,33.33744,0.01428775,0,0,0,0,3184.8
34.37999,2.1,0,749.3204,33.33772,0.014178,0,0,0,0,3184.826
34.39999,2.1,0,749.9872,33.338,0.01407027,0,0,0,0,3184.853
34.41999,2.1,0,750.6539,33.33828,0.01396231,0,0,0,0,3184.879
34.43999,2.1,0,751.3207,33.33856,0.01385671,0,0,0,0,3184.905
34.45999,2.1,0,751.9874,33.33883,0.01374881,0,0,0,0,3184.93
34.47999,2.1,0,752.6542,33.33911,0.01364386,0,0,0,0,3184.956
34.49999,2.1,0,753.321,33.33938,0.01353846,0,0,0,0,3184.981
34.51999,2.1,0,753.9879,33.33965,0.01343508,0,0,0,0,3185.006
34.53999,2.1,0,754.6547,33.33991,0.01333185,0,0,0,0,3185.031
34.55999,2.1,0,755.3215,33.34018,0.01322886,0,0,0,0,3185.056
34.57999,2.1,0,755.9883,33.34044,0.01312815,0,0,0,0,3185.081
34.59999,2.1,0,756.6551,33.3407,0.0130271,0,0,0,0,3185.105
34.61999,2.1,0,757.3219,33.34096,0.01292625,0,0,0,0,3185.129
34.63999,2.1,0,757.9887,33.34121,0.0128257,0,0,0,0,3185.153
34.65999,2.1,0,758.6555,33.34147,0.01272777,0,0,0,0,3185.177
34.67999,2.1,0,759.3223,33.34172,0.01262941,0,0,0,0,3185.201
34.69999,2.1,0,759.9891,33.34197,0.01253346,0,0,0,0,3185.224
34.71999,2.1,0,760.656,33.34222,0.0124352,0,0,0,0,3185.248
34.73999,2.1,0,761.3229,33.34247,0.01233683,0,0,0,0,3185.271
34.75999,2.1,0,761.9897,33.34271,0.01223846,0,0,0,0,3185.293
34.77999,2.1,0,762.6566,33.34296,0.01214241,0,0,0,0,3185.316
34.79999,2.1,0,763.3235,33.3432,0.01204603,0,0,0,0,3185.339
34.81999,2.1,0,763.9904,33.34344,0.01195007,0,0,0,0,3185.361
34.83999,2.1,0,764.6572,33.34367,0.0118541,0,0,0,0,3185.384
34.85999,2.1,0,765.3241,33.34391,0.01176049,0,0,0,0,3185.406
34.87999,2.1,0,765.991,33.34414,0.01166653,0,0,0,0,3185.427
34.89999,2.1,0,766.6578,33.34438,0.01157495,0,0,0,0,3185.449
34.91999,2.1,0,767.3247,33.3446,0.01148108,0,0,0,0,3185.471
34.93999,2.1,0,767.9916,33.34483,0.01139015,0,0,0,0,3185.492
34.95999,2.1,0,768.6585,33.34506,0.01129876,0,0,0,0,3185.513
34.97999,2.1,0,769.3254,33.34528,0.01120672,0,0,0,0,3185.534
34.99999,2.1,0,769.9924,33.3455,0.01111478,0,0,0,0,3185.555
35.01999,2.1,0,770.6593,33.34573,0.01102321,0,0,0,0,3185.576
35.03999,2.1,0,771.3262,33.34594,0.01093186,0,0,0,0,3185.596
35.05999,2.1,0,771.9932,33.34616,0.01084277,0,0,0,0,3185.616
35.07999,2.1,0,772.6601,33.34637,0.01075313,0,0,0,0,3185.636
35.09999,2.1,0,773.327,33.34659,0.01066595,0,0,0,0,3185.656
35.11999,2.1,0,773.994,33.3468,0.01057841,0,0,0,0,3185.676
35.13999,2.1,0,774.6609,33.34701,0.01049131,0,0,0,0,3185.696
35.15999,2.1,0,775.3278,33.34722,0.01040442,0,0,0,0,3185.715
35.17999,2.1,0,775.9948,33.34742,0.01031746,0,0,0,0,3185.735
35.19999,2.1,0,776.6617,33.34763,0.0102359,0,0,0,0,3185.754
35.21999,2.1,0,777.3286,33.34783,0.0101532,0,0,0,0,3185.773
35.23999,2.1,0,777.9955,33.34803,0.0100711,0,0,0,0,3185.792
35.25999,2.1,0,778.6625,33.34823,0.00998918,0,0,0,0,3185.811
35.27999,2.1,0,779.3295,33.34843,0.00990648,0,0,0,0,3185.829
35.29999,2.1,0,779.9965,33.34863,0.009823899,0,0,0,0,3185.848
35.31999,2.1,0,780.6635,33.34882,0.009741065,0,0,0,0,3185.866
35.33999,2.1,0,781.3305,33.34902,0.009660654,0,0,0,0,3185.884
35.35999,2.1,0,781.9975,33.34921,0.009577933,0,0,0,0,3185.902
35.37999,2.1,0,782.6645,33.3494,0.00949816,0,0,0,0,3185.92
35.39999,2.1,0,783.3315,33.34959,0.009417924,0,0,0,0,3185.938
35.41999,2.1,0,783.9985,33.34977,0.009340093,0,0,0,0,3185.955
35.43999,2.1,0,784.6655,33.34996,0.009261916,0,0,0,0,3185.972
35.45999,2.1,0,785.3325,33.35014,0.009181836,0,0,0,0,3185.99
35.47999,2.1,0,785.9995,33.35033,0.009104643,0,0,0,0,3186.007
35.49999,2.1,0,786.6664,33.35051,0.009026995,0,0,0,0,3186.024
35.51999,2.1,0,787.3334,33.35069,0.008951753,0,0,0,0,3186.041
35.53999,2.1,0,788.0004,33.35086,0.008876164,0,0,0,0,3186.057
35.55999,2.1,0,788.6674,33.35104,0.008800624,0,0,0,0,3186.074
35.57999,2.1,0,789.3345,33.35122,0.00872546,0,0,0,0,3186.09
35.59999,2.1,0,790.0015,33.35139,0.008647234,0,0,0,0,3186.106
35.61999,2.1,0,790.6686,33.35156,0.008571795,0,0,0,0,3186.123
35.63999,2.1,0,791.3356,33.35173,0.008495953,0,0,0,0,3186.138
35.65999,2.1,0,792.0027,33.3519,0.008420161,0,0,0,0,3186.154
35.67999,2.1,0,792.6697,33.35207,0.008346706,0,0,0,0,3186.17
35.69999,2.1,0,793.3368,33.35223,0.00827096,0,0,0,0,3186.186
35.71999,2.1,0,794.0038,33.35239,0.008198159,0,0,0,0,3186.201
35.73999,2.1,0,794.6709,33.35256,0.008124895,0,0,0,0,3186.216
35.75999,2.1,0,795.338,33.35272,0.008051702,0,0,0,0,3186.231
35.77999,2.1,0,796.005,33.35288,0.007980832,0,0,0,0,3186.246
35.79999,2.1,0,796.6721,33.35303,0.007909629,0,0,0,0,3186.261
35.81999,2.1,0,797.3391,33.35319,0.007840798,0,0,0,0,3186.276
35.83999,2.1,0,798.0062,33.35335,0.007769682,0,0,0,0,3186.29
35.85999,2.1,0,798.6732,33.3535,0.007699176,0,0,0,0,3186.305
35.87999,2.1,0,799.3403,33.35365,0.007630875,0,0,0,0,3186.319
35.89999,2.1,0,800.0073,33.35381,0.007562029,0,0,0,0,3186.333
35.91999,2.1,0,800.6744,33.35395,0.007493311,0,0,0,0,3186.347
35.93999,2.1,0,801.3414,33.3541,0.007427267,0,0,0,0,3186.361
35.95999,2.1,0,802.0085,33.35425,0.007360779,0,0,0,0,3186.375
35.97999,2.1,0,802.6757,33.3544,0.007289368,0,0,0,0,3186.389
35.99999,2.1,0,803.3428,33.35454,0.007221277,0,0,0,0,3186.402
36.01999,2.1,0,804.0099,33.35469,0.007152668,0,0,0,0,3186.416
36.03999,2.1,0,804.677,33.35483,0.007084139,0,0,0,0,3186.429
36.05999,2.1,0,805.3441,33.35497,0.007017924,0,0,0,0,3186.442
36.07999,2.1,0,806.0112,33.35511,0.006951386,0,0,0,0,3186.456
36.09999,2.1,0,806.6783,33.35524,0.006887228,0,0,0,0,3186.469
36.11999,2.1,0,807.3455,33.35538,0.006822726,0,0,0,0,3186.481
36.13999,2.1,0,808.0126,33.35551,0.006756322,0,0,0,0,3186.494
36.15999,2.1,0,808.6797,33.35565,0.006692799,0,0,0,0,3186.507
36.17999,2.1,0,809.3468,33.35578,0.00662883,0,0,0,0,3186.519
36.19999,2.1,0,810.0139,33.35591,0.006564928,0,0,0,0,3186.531
36.21999,2.1,0,810.681,33.35604,0.006503351,0,0,0,0,3186.543
36.23999,2.1,0,811.3481,33.35617,0.006444256,0,0,0,0,3186.556
36.25999,2.1,0,812.0153,33.3563,0.006384481,0,0,0,0,3186.568
36.27999,2.1,0,812.6824,33.35642,0.006327194,0,0,0,0,3186.579
36.29999,2.1,0,813.3495,33.35655,0.006267586,0,0,0,0,3186.591
36.31999,2.1,0,814.0166,33.35667,0.006208586,0,0,0,0,3186.603
36.33999,2.1,0,814.6837,33.3568,0.006149468,0,0,0,0,3186.615
36.35999,2.1,0,815.3508,33.35692,0.006092705,0,0,0,0,3186.626
36.37999,2.1,0,816.0179,33.35704,0.006035603,0,0,0,0,3186.637
36.39999,2.1,0,816.6851,33.35716,0.005978541,0,0,0,0,3186.648
36.41999,2.1,0,817.3522,33.35728,0.005923817,0,0,0,0,3186.66
36.43999,2.1,0,818.0194,33.3574,0.005865704,0,0,0,0,3186.671
36.45999,2.1,0,818.6866,33.35751,0.005806126,0,0,0,0,3186.682
36.47999,2.1,0,819.3538,33.35762,0.005749365,0,0,0,0,3186.692
36.49999,2.1,0,820.0209,33.35774,0.005692168,0,0,0,0,3186.703
36.51999,2.1,0,820.6881,33.35785,0.005635038,0,0,0,0,3186.714
36.53999,2.1,0,821.3553,33.35796,0.005577889,0,0,0,0,3186.724
36.55999,2.1,0,822.0225,33.35807,0.005523088,0,0,0,0,3186.734
36.57999,2.1,0,822.6896,33.35818,0.005467947,0,0,0,0,3186.745
36.59999,2.1,0,823.3568,33.35829,0.005412855,0,0,0,0,3186.755
36.61999,2.1,0,824.024,33.3584,0.005357894,0,0,0,0,3186.765
36.63999,2.1,0,824.6912,33.35851,0.005303256,0,0,0,0,3186.775
36.65999,2.1,0,825.3583,33.35861,0.005248521,0,0,0,0,3186.785
36.67999,2.1,0,826.0255,33.35872,0.0051938,0,0,0,0,3186.795
36.69999,2.1,0,826.6927,33.35882,0.005141422,0,0,0,0,3186.804
36.71999,2.1,0,827.3599,33.35892,0.005088694,0,0,0,0,3186.814
36.73999,2.1,0,828.027,33.35902,0.005036027,0,0,0,0,3186.824
36.75999,2.1,0,828.6942,33.35912,0.004985684,0,0,0,0,3186.833
36.77999,2.1,0,829.3614,33.35922,0.004934998,0,0,0,0,3186.842
36.79999,2.1,0,830.0286,33.35932,0.004882419,0,0,0,0,3186.852
36.81999,2.1,0,830.6957,33.35941,0.004830391,0,0,0,0,3186.861
36.83999,2.1,0,831.3629,33.35951,0.004780569,0,0,0,0,3186.87
36.85999,2.1,0,832.0301,33.3596,0.004730445,0,0,0,0,3186.878
36.87999,2.1,0,832.6973,33.3597,0.004680362,0,0,0,0,3186.887
36.89999,2.1,0,833.3644,33.35979,0.004630265,0,0,0,0,3186.896
36.91999,2.1,0,834.0316,33.35988,0.004582515,0,0,0,0,3186.905
36.93999,2.1,0,834.6988,33.35997,0.004534425,0,0,0,0,3186.913
36.95999,2.1,0,835.366,33.36007,0.004486375,0,0,0,0,3186.922
36.97999,2.1,0,836.0331,33.36015,0.00443833,0,0,0,0,3186.93
36.99999,2.1,0,836.7003,33.36024,0.004390656,0,0,0,0,3186.939
37.01999,2.1,0,837.3676,33.36033,0.004342984,0,0,0,0,3186.947
37.03999,2.1,0,838.0348,33.36042,0.004292269,0,0,0,0,3186.955
37.05999,2.1,0,838.702,33.3605,0.004241982,0,0,0,0,3186.963
37.07999,2.1,0,839.3693,33.36058,0.004193978,0,0,0,0,3186.971
37.09999,2.1,0,840.0365,33.36067,0.004145636,0,0,0,0,3186.979
37.11999,2.1,0,840.7037,33.36075,0.004097352,0,0,0,0,3186.987
37.13999,2.1,0,841.371,33.36083,0.004051385,0,0,0,0,3186.994
37.15999,2.1,0,842.0382,33.36091,0.004005093,0,0,0,0,3187.002
37.17999,2.1,0,842.7054,33.36099,0.003958847,0,0,0,0,3187.009
37.19999,2.1,0,843.3727,33.36107,0.003910633,0,0,0,0,3187.017
37.21999,2.1,0,844.0399,33.36115,0.003862993,0,0,0,0,3187.024
37.23999,2.1,0,844.7072,33.36122,0.003817554,0,0,0,0,3187.031
37.25999,2.1,0,845.3744,33.3613,0.003771814,0,0,0,0,3187.038
37.27999,2.1,0,846.0416,33.36137,0.003726106,0,0,0,0,3187.045
37.29999,2.1,0,846.7089,33.36145,0.003680404,0,0,0,0,3187.052
37.31999,2.1,0,847.3761,33.36152,0.003637026,0,0,0,0,3187.059
37.33998,2.1,0,848.0433,33.36159,0.003593322,0,0,0,0,3187.066
37.35999,2.1,0,848.7106,33.36166,0.003549665,0,0,0,0,3187.073
37.37999,2.1,0,849.3778,33.36173,0.003505992,0,0,0,0,3187.08
37.39999,2.1,0,850.045,33.3618,0.003464666,0,0,0,0,3187.086
37.41999,2.1,0,850.7123,33.36187,0.003421039,0,0,0,0,3187.093
37.43999,2.1,0,851.3795,33.36194,0.003378033,0,0,0,0,3187.099
37.45999,2.1,0,852.0468,33.362,0.003334888,0,0,0,0,3187.105
37.47999,2.1,0,852.714,33.36207,0.003294113,0,0,0,0,3187.112
37.49999,2.1,0,853.3812,33.36213,0.00325276,0,0,0,0,3187.118
37.51999,2.1,0,854.0485,33.3622,0.003211533,0,0,0,0,3187.124
37.53999,2.1,0,854.7157,33.36226,0.003170282,0,0,0,0,3187.13
37.55999,2.1,0,855.3829,33.36232,0.003129046,0,0,0,0,3187.136
37.57999,2.1,0,856.0502,33.36238,0.003090129,0,0,0,0,3187.142
37.59999,2.1,0,856.7174,33.36245,0.003050889,0,0,0,0,3187.147
37.61999,2.1,0,857.3846,33.36251,0.003011686,0,0,0,0,3187.153
37.63999,2.1,0,858.0519,33.36257,0.002970534,0,0,0,0,3187.159
37.65999,2.1,0,858.7191,33.36263,0.002929933,0,0,0,0,3187.164
37.67999,2.1,0,859.3864,33.36268,0.002891558,0,0,0,0,3187.17
37.69999,2.1,0,860.0536,33.36274,0.002852857,0,0,0,0,3187.175
37.71999,2.1,0,860.7208,33.3628,0.002814212,0,0,0,0,3187.18
37.73999,2.1,0,861.3881,33.36285,0.002775549,0,0,0,0,3187.186
37.75999,2.1,0,862.0553,33.36291,0.0027369,0,0,0,0,3187.191
37.77999,2.1,0,862.7225,33.36296,0.002700572,0,0,0,0,3187.196
37.79999,2.1,0,863.3898,33.36301,0.00266392,0,0,0,0,3187.201
37.81999,2.1,0,864.057,33.36307,0.002627305,0,0,0,0,3187.206
37.83998,2.1,0,864.7242,33.36312,0.002590695,0,0,0,0,3187.211
37.85999,2.1,0,865.3915,33.36317,0.002554074,0,0,0,0,3187.216
37.87999,2.1,0,866.0587,33.36322,0.002519799,0,0,0,0,3187.221
37.89999,2.1,0,866.726,33.36327,0.002483223,0,0,0,0,3187.226
37.91999,2.1,0,867.3932,33.36332,0.002447269,0,0,0,0,3187.23
37.93999,2.1,0,868.0605,33.36337,0.002411175,0,0,0,0,3187.235
37.95999,2.1,0,868.7278,33.36341,0.002372065,0,0,0,0,3187.24
37.97999,2.1,0,869.3951,33.36346,0.002335713,0,0,0,0,3187.244
37.99998,2.1,0,870.0624,33.36351,0.00229934,0,0,0,0,3187.248
38.01999,2.1,0,870.7297,33.36355,0.002262907,0,0,0,0,3187.252
38.03999,2.1,0,871.397,33.3636,0.002226493,0,0,0,0,3187.257
38.05999,2.1,0,872.0643,33.36364,0.002189848,0,0,0,0,3187.261
38.07999,2.1,0,872.7316,33.36368,0.002155612,0,0,0,0,3187.265
38.09999,2.1,0,873.3989,33.36372,0.002121032,0,0,0,0,3187.269
38.11999,2.1,0,874.0662,33.36377,0.002086493,0,0,0,0,3187.273
38.13999,2.1,0,874.7335,33.36381,0.002051958,0,0,0,0,3187.277
38.15998,2.1,0,875.4008,33.36385,0.002017412,0,0,0,0,3187.281
38.17999,2.1,0,876.0681,33.36389,0.001982869,0,0,0,0,3187.284
38.19999,2.1,0,876.7354,33.36393,0.001950669,0,0,0,0,3187.288
38.21999,2.1,0,877.4026,33.36396,0.001918122,0,0,0,0,3187.292
38.23999,2.1,0,878.0699,33.364,0.001883681,0,0,0,0,3187.295
38.25999,2.1,0,878.7372,33.36404,0.001849783,0,0,0,0,3187.299
38.27999,2.1,0,879.4045,33.36408,0.001815402,0,0,0,0,3187.302
38.29999,2.1,0,880.0718,33.36411,0.001781524,0,0,0,0,3187.306
38.31999,2.1,0,880.7391,33.36415,0.001749837,0,0,0,0,3187.309
38.33998,2.1,0,881.4064,33.36418,0.001717853,0,0,0,0,3187.313
38.35999,2.1,0,882.0737,33.36422,0.0016859,0,0,0,0,3187.316
38.37999,2.1,0,882.741,33.36425,0.001653945,0,0,0,0,3187.319
38.39999,2.1,0,883.4083,33.36428,0.001621999,0,0,0,0,3187.322
38.41999,2.1,0,884.0756,33.36432,0.001590041,0,0,0,0,3187.325
38.43999,2.1,0,884.7429,33.36435,0.00156043,0,0,0,0,3187.328
38.45999,2.1,0,885.4102,33.36438,0.00153047,0,0,0,0,3187.331
38.47999,2.1,0,886.0775,33.36441,0.001500563,0,0,0,0,3187.334
38.49998,2.1,0,886.7448,33.36444,0.001470656,0,0,0,0,3187.337
38.51999,2.1,0,887.4121,33.36447,0.001440739,0,0,0,0,3187.34
38.53999,2.1,0,888.0794,33.36449,0.001410834,0,0,0,0,3187.343
38.55999,2.1,0,888.7467,33.36452,0.001383252,0,0,0,0,3187.346
38.57999,2.1,0,889.414,33.36455,0.001355336,0,0,0,0,3187.348
38.59999,2.1,0,890.0813,33.36457,0.001327477,0,0,0,0,3187.351
38.61999,2.1,0,890.7486,33.3646,0.0012996,0,0,0,0,3187.353
38.63999,2.1,0,891.4159,33.36463,0.001269782,0,0,0,0,3187.355
38.65998,2.1,0,892.0832,33.36465,0.001240514,0,0,0,0,3187.358
38.67999,2.1,0,892.7505,33.36468,0.001211128,0,0,0,0,3187.36
38.69999,2.1,0,893.4178,33.3647,0.001184108,0,0,0,0,3187.363
38.71999,2.1,0,894.0851,33.36472,0.001156502,0,0,0,0,3187.365
38.73999,2.1,0,894.7524,33.36475,0.001129033,0,0,0,0,3187.367
38.75999,2.1,0,895.4197,33.36477,0.001101545,0,0,0,0,3187.369
38.77999,2.1,0,896.087,33.36479,0.001074052,0,0,0,0,3187.372
38.79999,2.1,0,896.7543,33.36481,0.00104656,0,0,0,0,3187.374
38.81998,2.1,0,897.4216,33.36483,0.001021411,0,0,0,0,3187.376
38.83998,2.1,0,898.0889,33.36485,0.0009959147,0,0,0,0,3187.378
38.85999,2.1,0,898.7562,33.36487,0.00097047,0,0,0,0,3187.379
38.87999,2.1,0,899.4235,33.36489,0.0009450261,0,0,0,0,3187.381
38.89999,2.1,0,900.0908,33.36491,0.0009195724,0,0,0,0,3187.383
38.91999,2.1,0,900.7581,33.36493,0.0008941215,0,0,0,0,3187.385
38.93999,2.1,0,901.4254,33.36494,0.0008686786,0,0,0,0,3187.386
38.95999,2.1,0,902.0927,33.36496,0.0008432249,0,0,0,0,3187.388
38.97998,2.1,0,902.7599,33.36497,0.0008201086,0,0,0,0,3187.39
38.99998,2.1,0,903.4272,33.36499,0.0007966641,0,0,0,0,3187.391
39.01999,2.1,0,904.0945,33.36501,0.0007732571,0,0,0,0,3187.393
39.03999,2.1,0,904.7618,33.36502,0.000749846,0,0,0,0,3187.394
39.05999,2.1,0,905.4291,33.36504,0.0007244909,0,0,0,0,3187.396
39.07999,2.1,0,906.0964,33.36505,0.000699686,0,0,0,0,3187.397
39.09999,2.1,0,906.7637,33.36507,0.000674763,0,0,0,0,3187.399
39.11999,2.1,0,907.431,33.36508,0.0006498712,0,0,0,0,3187.4
39.13999,2.1,0,908.0983,33.36509,0.0006272988,0,0,0,0,3187.401
39.15998,2.1,0,908.7656,33.3651,0.000604394,0,0,0,0,3187.402
39.17999,2.1,0,909.4329,33.36511,0.0005815454,0,0,0,0,3187.404
39.19999,2.1,0,910.1002,33.36512,0.0005586789,0,0,0,0,3187.405
39.21999,2.1,0,910.7675,33.36514,0.0005358165,0,0,0,0,3187.406
39.23999,2.1,0,911.4348,33.36515,0.0005129532,0,0,0,0,3187.407
39.25999,2.1,0,912.1021,33.36516,0.0004900987,0,0,0,0,3187.408
39.27999,2.1,0,912.7694,33.36517,0.0004672331,0,0,0,0,3187.409
39.29999,2.1,0,913.4367,33.36517,0.000446705,0,0,0,0,3187.41
39.31998,2.1,0,914.104,33.36518,0.0004258488,0,0,0,0,3187.411
39.33998,2.1,0,914.7713,33.36519,0.0004050301,0,0,0,0,3187.411
39.35999,2.1,0,915.4386,33.3652,0.0003842072,0,0,0,0,3187.412
39.37999,2.1,0,916.1059,33.3652,0.0003633935,0,0,0,0,3187.413
39.39999,2.1,0,916.7732,33.36521,0.0003425707,0,0,0,0,3187.414
39.41999,2.1,0,917.4405,33.36522,0.0003217482,0,0,0,0,3187.414
39.43999,2.1,0,918.1078,33.36523,0.0003009345,0,0,0,0,3187.415
39.45999,2.1,0,918.7751,33.36523,0.0002801096,0,0,0,0,3187.416
39.47998,2.1,0,919.4424,33.36523,0.0002616223,0,0,0,0,3187.416
39.49998,2.1,0,920.1097,33.36524,0.0002428068,0,0,0,0,3187.417
39.51999,2.1,0,920.777,33.36524,0.0002240287,0,0,0,0,3187.417
39.53999,2.1,0,921.4443,33.36525,0.0002052467,0,0,0,0,3187.418
39.55999,2.1,0,922.1116,33.36525,0.0001862392,0,0,0,0,3187.418
39.57999,2.1,0,922.7789,33.36525,0.0001673054,0,0,0,0,3187.418
39.59999,2.1,0,923.4462,33.36526,0.0001464019,0,0,0,0,3187.419
39.61999,2.1,0,924.1135,33.36526,0.000126063,0,0,0,0,3187.419
39.63998,2.1,0,924.7808,33.36526,0.0001056109,0,0,0,0,3187.419
39.65998,2.1,0,925.4481,33.36526,8.517119E-05,0,0,0,0,3187.42
39.67999,2.1,0,926.1154,33.36526,6.706483E-05,0,0,0,0,3187.42
39.69999,2.1,0,926.7827,33.36526,4.862239E-05,0,0,0,0,3187.42
39.71999,2.1,0,927.45,33.36526,3.023692E-05,0,0,0,0,3187.42
39.73999,2.1,0,928.1172,33.36526,1.183344E-05,0,0,0,0,3187.42
39.75999,2.1,0,928.7845,33.36526,-6.566031E-06,0,0,0,0,3187.42
39.77999,2.1,0,929.4518,33.36526,-2.496629E-05,0,0,0,0,3187.42
39.79999,2.1,0,930.1191,33.36526,-4.33664E-05,0,0,0,0,3187.42
39.81998,2.1,0,930.7864,33.36526,-6.175796E-05,0,0,0,0,3187.42
39.83998,2.1,0,931.4537,33.36526,-8.016056E-05,0,0,0,0,3187.42
39.85999,2.1,0,932.121,33.36526,-9.856017E-05,0,0,0,0,3187.42
39.87999,2.1,0,932.7883,33.36526,-0.0001146258,0,0,0,0,3187.42
39.89999,2.1,0,933.4556,33.36525,-0.0001310189,0,0,0,0,3187.42
39.91999,2.1,0,934.1229,33.36525,-0.0001473747,0,0,0,0,3187.42
39.93999,2.1,0,934.7902,33.36525,-0.0001637345,0,0,0,0,3187.419
39.95999,2.1,0,935.4575,33.36524,-0.0001800938,0,0,0,0,3187.419
39.97998,2.1,0,936.1248,33.36524,-0.0001964446,0,0,0,0,3187.419
39.99998,2.1,0,936.7921,33.36523,-0.0002128065,0,0,0,0,3187.418
40.01999,2.1,0,937.4594,33.36523,-0.0002291654,0,0,0,0,3187.418
40.03999,2.1,0,938.1267,33.36523,-0.0002455249,0,0,0,0,3187.418
40.05999,2.1,0,938.794,33.36522,-0.0002618757,0,0,0,0,3187.417
40.07999,2.1,0,939.4613,33.36522,-0.0002782376,0,0,0,0,3187.417
40.09999,2.1,0,940.1286,33.36521,-0.0002945965,0,0,0,0,3187.417
40.11999,2.1,0,940.7959,33.3652,-0.0003086214,0,0,0,0,3187.416
40.13998,2.1,0,941.4632,33.3652,-0.0003229738,0,0,0,0,3187.416
40.15998,2.1,0,942.1305,33.36519,-0.0003372888,0,0,0,0,3187.415
40.17999,2.1,0,942.7978,33.36518,-0.000353561,0,0,0,0,3187.414
40.19999,2.1,0,943.4651,33.36517,-0.0003692714,0,0,0,0,3187.414
40.21999,2.1,0,944.1324,33.36517,-0.0003850943,0,0,0,0,3187.413
40.23999,2.1,0,944.7997,33.36516,-0.0004009051,0,0,0,0,3187.412
40.25999,2.1,0,945.467,33.36515,-0.0004167171,0,0,0,0,3187.411
40.27999,2.1,0,946.1343,33.36514,-0.000432529,0,0,0,0,3187.411
40.29998,2.1,0,946.8016,33.36514,-0.0004483409,0,0,0,0,3187.41
40.31998,2.1,0,947.4689,33.36513,-0.0004641442,0,0,0,0,3187.409
40.33998,2.1,0,948.1362,33.36512,-0.0004799585,0,0,0,0,3187.409
40.35999,2.1,0,948.8035,33.3651,-0.0004934353,0,0,0,0,3187.408
40.37999,2.1,0,949.4708,33.36509,-0.0005072489,0,0,0,0,3187.407
40.39999,2.1,0,950.1381,33.36508,-0.0005210054,0,0,0,0,3187.406
40.41999,2.1,0,950.8054,33.36507,-0.0005347799,0,0,0,0,3187.405
40.43999,2.1,0,951.4727,33.36506,-0.0005485503,0,0,0,0,3187.404
40.45998,2.1,0,952.14,33.36505,-0.0005592699,0,0,0,0,3187.403
40.47998,2.1,0,952.8073,33.36504,-0.0005707864,0,0,0,0,3187.402
40.49998,2.1,0,953.4745,33.36502,-0.0005821451,0,0,0,0,3187.401
40.51999,2.1,0,954.1418,33.36501,-0.0005935328,0,0,0,0,3187.4
40.53999,2.1,0,954.8091,33.365,-0.0006049154,0,0,0,0,3187.399
40.55999,2.1,0,955.4764,33.36499,-0.0006162903,0,0,0,0,3187.398
40.57999,2.1,0,956.1437,33.36498,-0.0006276761,0,0,0,0,3187.397
40.59999,2.1,0,956.811,33.36497,-0.000639059,0,0,0,0,3187.396
40.61999,2.1,0,957.4783,33.36496,-0.0006504424,0,0,0,0,3187.395
40.63998,2.1,0,958.1456,33.36494,-0.0006618172,0,0,0,0,3187.394
40.65998,2.1,0,958.8129,33.36493,-0.0006734374,0,0,0,0,3187.393
40.67999,2.1,0,959.4802,33.36491,-0.0006826353,0,0,0,0,3187.391
40.69999,2.1,0,960.1475,33.3649,-0.0006921896,0,0,0,0,3187.39
40.71999,2.1,0,960.8148,33.36488,-0.0007016915,0,0,0,0,3187.389
40.73999,2.1,0,961.4821,33.36487,-0.0007112011,0,0,0,0,3187.387
40.75999,2.1,0,962.1494,33.36485,-0.0007207009,0,0,0,0,3187.386
40.77999,2.1,0,962.8167,33.36484,-0.0007321652,0,0,0,0,3187.385
40.79998,2.1,0,963.484,33.36482,-0.000743065,0,0,0,0,3187.383
40.81998,2.1,0,964.1513,33.36481,-0.0007540866,0,0,0,0,3187.382
40.83998,2.1,0,964.8186,33.36479,-0.0007650848,0,0,0,0,3187.38
40.85999,2.1,0,965.4859,33.36478,-0.0007760872,0,0,0,0,3187.379
40.87999,2.1,0,966.1532,33.36476,-0.0007870804,0,0,0,0,3187.377
40.89999,2.1,0,966.8205,33.36475,-0.0007980847,0,0,0,0,3187.376
40.91999,2.1,0,967.4878,33.36473,-0.0008090858,0,0,0,0,3187.375
40.93999,2.1,0,968.1551,33.36472,-0.0008200879,0,0,0,0,3187.373
40.95998,2.1,0,968.8224,33.3647,-0.0008310896,0,0,0,0,3187.372
40.97998,2.1,0,969.4897,33.36469,-0.0008420915,0,0,0,0,3187.37
40.99998,2.1,0,970.157,33.36467,-0.0008530847,0,0,0,0,3187.369
41.01999,2.1,0,970.8243,33.36465,-0.0008640891,0,0,0,0,3187.368
41.03999,2.1,0,971.4916,33.36463,-0.0008727557,0,0,0,0,3187.366
41.05999,2.1,0,972.1589,33.36461,-0.0008817592,0,0,0,0,3187.365
41.07999,2.1,0,972.8262,33.36459,-0.0008907141,0,0,0,0,3187.363
41.09999,2.1,0,973.4935,33.36457,-0.0008996762,0,0,0,0,3187.361
41.11998,2.1,0,974.1608,33.36456,-0.0009086371,0,0,0,0,3187.359
41.13998,2.1,0,974.8281,33.36454,-0.0009175896,0,0,0,0,3187.358
41.15998,2.1,0,975.4954,33.36452,-0.000926553,0,0,0,0,3187.356
41.17999,2.1,0,976.1627,33.3645,-0.0009355137,0,0,0,0,3187.354
41.19999,2.1,0,976.83,33.36448,-0.0009444748,0,0,0,0,3187.353
41.21999,2.1,0,977.4973,33.36446,-0.0009534359,0,0,0,0,3187.351
41.23999,2.1,0,978.1646,33.36444,-0.0009623971,0,0,0,0,3187.349
41.25999,2.1,0,978.8318,33.36442,-0.0009713494,0,0,0,0,3187.347
41.27998,2.1,0,979.4991,33.3644,-0.0009803131,0,0,0,0,3187.345
41.29998,2.1,0,980.1664,33.36438,-0.0009892737,0,0,0,0,3187.344
41.31998,2.1,0,980.8337,33.36436,-0.0009982347,0,0,0,0,3187.342
41.33998,2.1,0,981.501,33.36435,-0.001007196,0,0,0,0,3187.34
41.35999,2.1,0,982.1683,33.36433,-0.00101811,0,0,0,0,3187.339
41.37999,2.1,0,982.8356,33.36431,-0.001028454,0,0,0,0,3187.337
41.39999,2.1,0,983.5029,33.36429,-0.001038931,0,0,0,0,3187.335
41.41999,2.1,0,984.1702,33.36427,-0.001049381,0,0,0,0,3187.333
41.43999,2.1,0,984.8375,33.36424,-0.001057501,0,0,0,0,3187.331
41.45998,2.1,0,985.5048,33.36422,-0.001065957,0,0,0,0,3187.329
41.47998,2.1,0,986.1721,33.3642,-0.001074365,0,0,0,0,3187.327
41.49998,2.1,0,986.8394,33.36417,-0.001082771,0,0,0,0,3187.325
41.51999,2.1,0,987.5067,33.36415,-0.001091186,0,0,0,0,3187.323
41.53999,2.1,0,988.174,33.36413,-0.001099599,0,0,0,0,3187.321
41.55999,2.1,0,988.8413,33.36411,-0.001108013,0,0,0,0,3187.319
41.57999,2.1,0,989.5086,33.36408,-0.001116427,0,0,0,0,3187.317
41.59999,2.1,0,990.1759,33.36406,-0.00112484,0,0,0,0,3187.315
41.61998,2.1,0,990.8432,33.36404,-0.001133254,0,0,0,0,3187.313
41.63998,2.1,0,991.5105,33.36401,-0.001141659,0,0,0,0,3187.311
41.65998,2.1,0,992.1778,33.36399,-0.001150075,0,0,0,0,3187.309
41.67999,2.1,0,992.8451,33.36397,-0.001158488,0,0,0,0,3187.306
41.69999,2.1,0,993.5124,33.36395,-0.001166902,0,0,0,0,3187.304
41.71999,2.1,0,994.1797,33.36392,-0.001175315,0,0,0,0,3187.302
41.73999,2.1,0,994.847,33.3639,-0.001183729,0,0,0,0,3187.3
41.75999,2.1,0,995.5143,33.36388,-0.001192134,0,0,0,0,3187.298
41.77998,2.1,0,996.1816,33.36385,-0.00120055,0,0,0,0,3187.296
41.79998,2.1,0,996.8489,33.36383,-0.001208963,0,0,0,0,3187.294
41.81998,2.1,0,997.5162,33.36381,-0.001217376,0,0,0,0,3187.292
41.83998,2.1,0,998.1835,33.36378,-0.00122579,0,0,0,0,3187.29
41.85999,2.1,0,998.8508,33.36376,-0.001234203,0,0,0,0,3187.288
41.87999,2.1,0,999.5181,33.36374,-0.001242609,0,0,0,0,3187.285
41.89999,2.1,0,1000.185,33.36371,-0.00124869,0,0,0,0,3187.283
41.91999,2.1,0,1000.853,33.36368,-0.001255105,0,0,0,0,3187.281
41.93998,2.1,0,1001.52,33.36366,-0.001261471,0,0,0,0,3187.278
41.95998,2.1,0,1002.187,33.36363,-0.001267845,0,0,0,0,3187.276
41.97998,2.1,0,1002.855,33.3636,-0.001274218,0,0,0,0,3187.273
41.99998,2.1,0,1003.522,33.36357,-0.001280582,0,0,0,0,3187.271
42.01999,2.1,0,1004.189,33.36355,-0.001286957,0,0,0,0,3187.269
42.03999,2.1,0,1004.856,33.36352,-0.00129333,0,0,0,0,3187.266
42.05999,2.1,0,1005.524,33.36349,-0.001305806,0,0,0,0,3187.264
42.07999,2.1,0,1006.191,33.36347,-0.001316671,0,0,0,0,3187.261
42.09998,2.1,0,1006.858,33.36344,-0.001327874,0,0,0,0,3187.259
42.11998,2.1,0,1007.526,33.36341,-0.001339012,0,0,0,0,3187.256
42.13998,2.1,0,1008.193,33.36339,-0.001350154,0,0,0,0,3187.254
42.15998,2.1,0,1008.86,33.36336,-0.001361305,0,0,0,0,3187.251
42.17999,2.1,0,1009.527,33.36333,-0.001372453,0,0,0,0,3187.249
42.19999,2.1,0,1010.195,33.36331,-0.001380549,0,0,0,0,3187.247
42.21999,2.1,0,1010.862,33.36328,-0.001389085,0,0,0,0,3187.244
42.23999,2.1,0,1011.529,33.36325,-0.001397558,0,0,0,0,3187.242
42.25999,2.1,0,1012.196,33.36323,-0.001406032,0,0,0,0,3187.239
42.27998,2.1,0,1012.864,33.3632,-0.001414515,0,0,0,0,3187.237
42.29998,2.1,0,1013.531,33.36317,-0.001422995,0,0,0,0,3187.234
42.31998,2.1,0,1014.198,33.36314,-0.00143171,0,0,0,0,3187.232
42.33998,2.1,0,1014.865,33.36311,-0.001438006,0,0,0,0,3187.229
42.35999,2.1,0,1015.533,33.36308,-0.001444658,0,0,0,0,3187.227
42.37999,2.1,0,1016.2,33.36305,-0.001451257,0,0,0,0,3187.224
42.39999,2.1,0,1016.867,33.36302,-0.001457864,0,0,0,0,3187.221
42.41999,2.1,0,1017.534,33.36299,-0.00146447,0,0,0,0,3187.219
42.43998,2.1,0,1018.202,33.36296,-0.001471068,0,0,0,0,3187.216
42.45998,2.1,0,1018.869,33.36293,-0.001477676,0,0,0,0,3187.213
42.47998,2.1,0,1019.536,33.3629,-0.001484282,0,0,0,0,3187.21
42.49998,2.1,0,1020.203,33.36287,-0.001490888,0,0,0,0,3187.207
42.51999,2.1,0,1020.87,33.36284,-0.001497494,0,0,0,0,3187.205
42.53999,2.1,0,1021.538,33.36281,-0.0015041,0,0,0,0,3187.202
42.55999,2.1,0,1022.205,33.36278,-0.001510706,0,0,0,0,3187.199
42.57999,2.1,0,1022.872,33.36275,-0.001517312,0,0,0,0,3187.196
42.59998,2.1,0,1023.539,33.36272,-0.001523918,0,0,0,0,3187.193
42.61998,2.1,0,1024.207,33.36269,-0.001530524,0,0,0,0,3187.19
42.63998,2.1,0,1024.874,33.36266,-0.00153713,0,0,0,0,3187.188
42.65998,2.1,0,1025.541,33.36263,-0.001543736,0,0,0,0,3187.185
42.67999,2.1,0,1026.208,33.36259,-0.001550334,0,0,0,0,3187.182
42.69999,2.1,0,1026.876,33.36256,-0.001556942,0,0,0,0,3187.179
42.71999,2.1,0,1027.543,33.36253,-0.001563548,0,0,0,0,3187.177
42.73999,2.1,0,1028.21,33.3625,-0.001570154,0,0,0,0,3187.174
42.75998,2.1,0,1028.877,33.36247,-0.00157676,0,0,0,0,3187.171
42.77998,2.1,0,1029.545,33.36244,-0.001583366,0,0,0,0,3187.168
42.79998,2.1,0,1030.212,33.36241,-0.001589972,0,0,0,0,3187.165
42.81998,2.1,0,1030.879,33.36238,-0.001596578,0,0,0,0,3187.163
42.83998,2.1,0,1031.546,33.36235,-0.001603184,0,0,0,0,3187.16
42.85999,2.1,0,1032.214,33.36232,-0.00160979,0,0,0,0,3187.157
42.87999,2.1,0,1032.881,33.36229,-0.001616396,0,0,0,0,3187.154
42.89999,2.1,0,1033.548,33.36226,-0.001623002,0,0,0,0,3187.151
42.91998,2.1,0,1034.215,33.36222,-0.001627274,0,0,0,0,3187.148
42.93998,2.1,0,1034.882,33.36219,-0.001631873,0,0,0,0,3187.146
42.95998,2.1,0,1035.55,33.36215,-0.001636435,0,0,0,0,3187.142
42.97998,2.1,0,1036.217,33.36212,-0.001642954,0,0,0,0,3187.139
42.99998,2.1,0,1036.884,33.36208,-0.001646958,0,0,0,0,3187.136
43.01999,2.1,0,1037.551,33.36205,-0.001653597,0,0,0,0,3187.133
43.03999,2.1,0,1038.219,33.36201,-0.001657578,0,0,0,0,3187.13
43.05999,2.1,0,1038.886,33.36198,-0.001664222,0,0,0,0,3187.127
43.07999,2.1,0,1039.553,33.36195,-0.001668201,0,0,0,0,3187.124
43.09998,2.1,0,1040.22,33.36191,-0.001674845,0,0,0,0,3187.12
43.11998,2.1,0,1040.888,33.36188,-0.001678825,0,0,0,0,3187.117
43.13998,2.1,0,1041.555,33.36184,-0.001685469,0,0,0,0,3187.114
43.15998,2.1,0,1042.222,33.36181,-0.001689449,0,0,0,0,3187.111
43.17999,2.1,0,1042.889,33.36177,-0.001694132,0,0,0,0,3187.108
43.19999,2.1,0,1043.557,33.36174,-0.001700628,0,0,0,0,3187.104
43.21999,2.1,0,1044.224,33.36171,-0.001704636,0,0,0,0,3187.101
43.23999,2.1,0,1044.891,33.36167,-0.001711275,0,0,0,0,3187.098
43.25998,2.1,0,1045.558,33.36164,-0.001715256,0,0,0,0,3187.095
43.27998,2.1,0,1046.225,33.3616,-0.001721899,0,0,0,0,3187.092
43.29998,2.1,0,1046.893,33.36157,-0.00172588,0,0,0,0,3187.089
43.31998,2.1,0,1047.56,33.36153,-0.001732524,0,0,0,0,3187.086
43.33998,2.1,0,1048.227,33.3615,-0.001736503,0,0,0,0,3187.083
43.35999,2.1,0,1048.894,33.36147,-0.001741194,0,0,0,0,3187.079
43.37999,2.1,0,1049.562,33.36143,-0.001747689,0,0,0,0,3187.076
43.39999,2.1,0,1050.229,33.3614,-0.001751697,0,0,0,0,3187.073
43.41998,2.1,0,1050.896,33.36136,-0.001758336,0,0,0,0,3187.07
43.43998,2.1,0,1051.563,33.36133,-0.001762308,0,0,0,0,3187.067
43.45998,2.1,0,1052.231,33.36129,-0.001768954,0,0,0,0,3187.063
43.47998,2.1,0,1052.898,33.36126,-0.001772934,0,0,0,0,3187.06
43.49998,2.1,0,1053.565,33.36123,-0.001779578,0,0,0,0,3187.057
43.51999,2.1,0,1054.232,33.36119,-0.001783558,0,0,0,0,3187.054
43.53999,2.1,0,1054.9,33.36116,-0.001790202,0,0,0,0,3187.051
43.55999,2.1,0,1055.567,33.36112,-0.001794181,0,0,0,0,3187.048
43.57998,2.1,0,1056.234,33.36109,-0.001798873,0,0,0,0,3187.045
43.59998,2.1,0,1056.901,33.36105,-0.001805367,0,0,0,0,3187.042
43.61998,2.1,0,1057.568,33.36102,-0.001809375,0,0,0,0,3187.038
43.63998,2.1,0,1058.236,33.36098,-0.001816014,0,0,0,0,3187.035
43.65998,2.1,0,1058.903,33.36094,-0.00181766,0,0,0,0,3187.032
43.67999,2.1,0,1059.57,33.3609,-0.001822297,0,0,0,0,3187.029
43.69999,2.1,0,1060.237,33.36087,-0.001824232,0,0,0,0,3187.025
43.71999,2.1,0,1060.905,33.36083,-0.001828836,0,0,0,0,3187.022
43.73998,2.1,0,1061.572,33.36079,-0.001830775,0,0,0,0,3187.018
43.75998,2.1,0,1062.239,33.36075,-0.001833425,0,0,0,0,3187.015
43.77998,2.1,0,1062.906,33.36071,-0.001837879,0,0,0,0,3187.011
43.79998,2.1,0,1063.574,33.36068,-0.001839847,0,0,0,0,3187.008
43.81998,2.1,0,1064.241,33.36064,-0.001844445,0,0,0,0,3187.004
43.83998,2.1,0,1064.908,33.3606,-0.001846385,0,0,0,0,3187.001
43.85999,2.1,0,1065.575,33.36056,-0.001850988,0,0,0,0,3186.997
43.87999,2.1,0,1066.243,33.36052,-0.001852927,0,0,0,0,3186.994
43.89999,2.1,0,1066.91,33.36049,-0.00185753,0,0,0,0,3186.99
43.91998,2.1,0,1067.577,33.36045,-0.00185947,0,0,0,0,3186.987
43.93998,2.1,0,1068.244,33.36041,-0.001864064,0,0,0,0,3186.983
43.95998,2.1,0,1068.911,33.36037,-0.001866006,0,0,0,0,3186.98
43.97998,2.1,0,1069.579,33.36033,-0.001868655,0,0,0,0,3186.976
43.99998,2.1,0,1070.246,33.36029,-0.001873109,0,0,0,0,3186.973
44.01999,2.1,0,1070.913,33.36026,-0.001875077,0,0,0,0,3186.969
44.03999,2.1,0,1071.58,33.36022,-0.001879675,0,0,0,0,3186.966
44.05999,2.1,0,1072.248,33.36018,-0.001881615,0,0,0,0,3186.962
44.07998,2.1,0,1072.915,33.36014,-0.001886218,0,0,0,0,3186.959
44.09998,2.1,0,1073.582,33.3601,-0.001888157,0,0,0,0,3186.955
44.11998,2.1,0,1074.249,33.36007,-0.00189276,0,0,0,0,3186.952
44.13998,2.1,0,1074.917,33.36003,-0.0018947,0,0,0,0,3186.948
44.15998,2.1,0,1075.584,33.35999,-0.001899303,0,0,0,0,3186.945
44.17999,2.1,0,1076.251,33.35995,-0.001901233,0,0,0,0,3186.941
44.19999,2.1,0,1076.918,33.35991,-0.001903886,0,0,0,0,3186.938
44.21999,2.1,0,1077.586,33.35987,-0.001908339,0,0,0,0,3186.934
44.23998,2.1,0,1078.253,33.35984,-0.001910307,0,0,0,0,3186.931
44.25998,2.1,0,1078.92,33.3598,-0.001914905,0,0,0,0,3186.927
44.27998,2.1,0,1079.587,33.35976,-0.001916845,0,0,0,0,3186.924
44.29998,2.1,0,1080.255,33.35972,-0.001921448,0,0,0,0,3186.92
44.31998,2.1,0,1080.922,33.35968,-0.001923387,0,0,0,0,3186.917
44.33998,2.1,0,1081.589,33.35965,-0.00192799,0,0,0,0,3186.913
44.35999,2.1,0,1082.256,33.35961,-0.00192993,0,0,0,0,3186.91
44.37999,2.1,0,1082.923,33.35957,-0.00193258,0,0,0,0,3186.906
44.39998,2.1,0,1083.591,33.35953,-0.001937033,0,0,0,0,3186.903
44.41998,2.1,0,1084.258,33.35949,-0.001939001,0,0,0,0,3186.899
44.43998,2.1,0,1084.925,33.35946,-0.001943591,0,0,0,0,3186.896
44.45998,2.1,0,1085.592,33.35942,-0.001945533,0,0,0,0,3186.892
44.47998,2.1,0,1086.26,33.35938,-0.001950136,0,0,0,0,3186.889
44.49998,2.1,0,1086.927,33.35934,-0.001952075,0,0,0,0,3186.885
44.51999,2.1,0,1087.594,33.3593,-0.001956678,0,0,0,0,3186.882
44.53999,2.1,0,1088.261,33.35926,-0.001958617,0,0,0,0,3186.878
44.55999,2.1,0,1088.929,33.35923,-0.001963221,0,0,0,0,3186.875
44.57998,2.1,0,1089.596,33.35919,-0.00196516,0,0,0,0,3186.871
44.59998,2.1,0,1090.263,33.35915,-0.00196781,0,0,0,0,3186.868
44.61998,2.1,0,1090.93,33.35911,-0.001972264,0,0,0,0,3186.865
44.63998,2.1,0,1091.598,33.35907,-0.001974231,0,0,0,0,3186.861
44.65998,2.1,0,1092.265,33.35904,-0.001978829,0,0,0,0,3186.857
44.67999,2.1,0,1092.932,33.359,-0.001980761,0,0,0,0,3186.854
44.69999,2.1,0,1093.599,33.35896,-0.001985366,0,0,0,0,3186.85
44.71999,2.1,0,1094.266,33.35892,-0.001987305,0,0,0,0,3186.847
44.73998,2.1,0,1094.934,33.35888,-0.001991908,0,0,0,0,3186.843
44.75998,2.1,0,1095.601,33.35884,-0.001993848,0,0,0,0,3186.84
44.77998,2.1,0,1096.268,33.35881,-0.001996498,0,0,0,0,3186.836
44.79998,2.1,0,1096.935,33.35877,-0.002000951,0,0,0,0,3186.833
44.81998,2.1,0,1097.602,33.35873,-0.001996815,0,0,0,0,3186.829
44.83998,2.1,0,1098.27,33.35869,-0.001996189,0,0,0,0,3186.826
44.85999,2.1,0,1098.937,33.35865,-0.001992778,0,0,0,0,3186.822
44.87999,2.1,0,1099.604,33.35862,-0.001992048,0,0,0,0,3186.819
44.89998,2.1,0,1100.271,33.35858,-0.001988651,0,0,0,0,3186.815
44.91998,2.1,0,1100.938,33.35854,-0.001987919,0,0,0,0,3186.812
44.93998,2.1,0,1101.605,33.3585,-0.001984515,0,0,0,0,3186.808
44.95998,2.1,0,1102.272,33.35846,-0.001983785,0,0,0,0,3186.805
44.97998,2.1,0,1102.939,33.35843,-0.001980389,0,0,0,0,3186.801
44.99998,2.1,0,1103.606,33.35839,-0.001977704,0,0,0,0,3186.798
45.01999,2.1,0,1104.274,33.35835,-0.001976822,0,0,0,0,3186.794
45.03999,2.1,0,1104.941,33.35831,-0.001973454,0,0,0,0,3186.791
45.05998,2.1,0,1105.608,33.35827,-0.001972717,0,0,0,0,3186.787
45.07998,2.1,0,1106.275,33.35823,-0.001969322,0,0,0,0,3186.784
45.09998,2.1,0,1106.942,33.3582,-0.00196859,0,0,0,0,3186.78
45.11998,2.1,0,1107.609,33.35816,-0.001965194,0,0,0,0,3186.777
45.13998,2.1,0,1108.276,33.35812,-0.001964462,0,0,0,0,3186.773
45.15998,2.1,0,1108.943,33.35808,-0.001961066,0,0,0,0,3186.77
45.17999,2.1,0,1109.61,33.35804,-0.001958372,0,0,0,0,3186.766
45.19999,2.1,0,1110.278,33.35801,-0.001957493,0,0,0,0,3186.763
45.21998,2.1,0,1110.945,33.35797,-0.001954125,0,0,0,0,3186.759
45.23998,2.1,0,1111.612,33.35793,-0.001953388,0,0,0,0,3186.756
45.25998,2.1,0,1112.279,33.35789,-0.001949993,0,0,0,0,3186.752
45.27998,2.1,0,1112.946,33.35785,-0.00194926,0,0,0,0,3186.749
45.29998,2.1,0,1113.613,33.35781,-0.001945865,0,0,0,0,3186.745
45.31998,2.1,0,1114.28,33.35778,-0.001945132,0,0,0,0,3186.742
45.33998,2.1,0,1114.947,33.35774,-0.001941736,0,0,0,0,3186.738
45.35999,2.1,0,1115.615,33.3577,-0.001941004,0,0,0,0,3186.735
45.37999,2.1,0,1116.282,33.35766,-0.001937608,0,0,0,0,3186.731
45.39998,2.1,0,1116.949,33.35762,-0.001934923,0,0,0,0,3186.728
45.41998,2.1,0,1117.616,33.35759,-0.001934042,0,0,0,0,3186.724
45.43998,2.1,0,1118.283,33.35755,-0.001930665,0,0,0,0,3186.721
45.45998,2.1,0,1118.95,33.35751,-0.001929931,0,0,0,0,3186.717
45.47998,2.1,0,1119.617,33.35747,-0.001926535,0,0,0,0,3186.714
45.49998,2.1,0,1120.284,33.35743,-0.001925803,0,0,0,0,3186.71
45.51999,2.1,0,1120.951,33.3574,-0.001922407,0,0,0,0,3186.707
45.53999,2.1,0,1121.619,33.35736,-0.001921675,0,0,0,0,3186.703
45.55998,2.1,0,1122.286,33.35732,-0.001918279,0,0,0,0,3186.7
45.57998,2.1,0,1122.953,33.35728,-0.001917547,0,0,0,0,3186.696
45.59998,2.1,0,1123.62,33.35724,-0.001914151,0,0,0,0,3186.693
45.61998,2.1,0,1124.287,33.3572,-0.001911466,0,0,0,0,3186.689
45.63998,2.1,0,1124.954,33.35717,-0.001910818,0,0,0,0,3186.686
45.65998,2.1,0,1125.621,33.35713,-0.001909554,0,0,0,0,3186.682
45.67999,2.1,0,1126.288,33.35709,-0.001908424,0,0,0,0,3186.679
45.69999,2.1,0,1126.955,33.35705,-0.001907269,0,0,0,0,3186.675
45.71998,2.1,0,1127.623,33.35701,-0.001906118,0,0,0,0,3186.672
45.73998,2.1,0,1128.29,33.35698,-0.001904966,0,0,0,0,3186.668
45.75998,2.1,0,1128.957,33.35694,-0.001903815,0,0,0,0,3186.665
45.77998,2.1,0,1129.624,33.3569,-0.001902664,0,0,0,0,3186.661
45.79998,2.1,0,1130.291,33.35686,-0.001901512,0,0,0,0,3186.658
45.81998,2.1,0,1130.958,33.35682,-0.00190036,0,0,0,0,3186.654
45.83998,2.1,0,1131.625,33.35678,-0.001899209,0,0,0,0,3186.651
45.85999,2.1,0,1132.292,33.35675,-0.001898058,0,0,0,0,3186.647
45.87998,2.1,0,1132.959,33.35671,-0.001896906,0,0,0,0,3186.644
45.89998,2.1,0,1133.627,33.35667,-0.001895755,0,0,0,0,3186.64
45.91998,2.1,0,1134.294,33.35663,-0.001894603,0,0,0,0,3186.637
45.93998,2.1,0,1134.961,33.35659,-0.001893452,0,0,0,0,3186.633
45.95998,2.1,0,1135.628,33.35656,-0.0018923,0,0,0,0,3186.63
45.97998,2.1,0,1136.295,33.35652,-0.001891149,0,0,0,0,3186.626
45.99998,2.1,0,1136.962,33.35648,-0.001889997,0,0,0,0,3186.623
46.01999,2.1,0,1137.629,33.35644,-0.001888846,0,0,0,0,3186.619
46.03998,2.1,0,1138.296,33.3564,-0.001887695,0,0,0,0,3186.616
46.05998,2.1,0,1138.964,33.35637,-0.001886543,0,0,0,0,3186.612
46.07998,2.1,0,1139.631,33.35633,-0.001885392,0,0,0,0,3186.609
46.09998,2.1,0,1140.298,33.35629,-0.00188424,0,0,0,0,3186.605
46.11998,2.1,0,1140.965,33.35625,-0.001883089,0,0,0,0,3186.602
46.13998,2.1,0,1141.632,33.35621,-0.001881937,0,0,0,0,3186.598
46.15998,2.1,0,1142.299,33.35617,-0.001880786,0,0,0,0,3186.595
46.17999,2.1,0,1142.966,33.35614,-0.001879634,0,0,0,0,3186.591
46.19999,2.1,0,1143.633,33.3561,-0.001878483,0,0,0,0,3186.588
46.21998,2.1,0,1144.3,33.35606,-0.001877331,0,0,0,0,3186.584
46.23998,2.1,0,1144.968,33.35602,-0.00187618,0,0,0,0,3186.581
46.25998,2.1,0,1145.635,33.35598,-0.001875028,0,0,0,0,3186.577
46.27998,2.1,0,1146.302,33.35595,-0.001873877,0,0,0,0,3186.574
46.29998,2.1,0,1146.969,33.35591,-0.001872726,0,0,0,0,3186.57
46.31998,2.1,0,1147.636,33.35587,-0.001871574,0,0,0,0,3186.567
46.33998,2.1,0,1148.303,33.35583,-0.001870423,0,0,0,0,3186.563
46.35999,2.1,0,1148.97,33.35579,-0.001869271,0,0,0,0,3186.56
46.37998,2.1,0,1149.637,33.35575,-0.00186812,0,0,0,0,3186.556
46.39998,2.1,0,1150.304,33.35572,-0.001866968,0,0,0,0,3186.553
46.41998,2.1,0,1150.972,33.35568,-0.001865817,0,0,0,0,3186.549
46.43998,2.1,0,1151.639,33.35564,-0.001864665,0,0,0,0,3186.546
46.45998,2.1,0,1152.306,33.3556,-0.001863514,0,0,0,0,3186.542
46.47998,2.1,0,1152.973,33.35556,-0.001862362,0,0,0,0,3186.539
46.49998,2.1,0,1153.64,33.35553,-0.001861211,0,0,0,0,3186.535
46.51999,2.1,0,1154.307,33.35549,-0.001860059,0,0,0,0,3186.532
46.53998,2.1,0,1154.974,33.35545,-0.001858908,0,0,0,0,3186.528
46.55998,2.1,0,1155.641,33.35541,-0.001857757,0,0,0,0,3186.525
46.57998,2.1,0,1156.308,33.35537,-0.001856605,0,0,0,0,3186.521
46.59998,2.1,0,1156.976,33.35534,-0.001855454,0,0,0,0,3186.518
46.61998,2.1,0,1157.643,33.3553,-0.001854302,0,0,0,0,3186.514
46.63998,2.1,0,1158.31,33.35526,-0.001853151,0,0,0,0,3186.511
46.65998,2.1,0,1158.977,33.35522,-0.001851999,0,0,0,0,3186.507
46.67999,2.1,0,1159.644,33.35518,-0.001850848,0,0,0,0,3186.504
46.69998,2.1,0,1160.311,33.35514,-0.001849696,0,0,0,0,3186.5
46.71998,2.1,0,1160.978,33.35511,-0.001848545,0,0,0,0,3186.497
46.73998,2.1,0,1161.645,33.35507,-0.001847393,0,0,0,0,3186.493
46.75998,2.1,0,1162.313,33.35503,-0.001846242,0,0,0,0,3186.49
46.77998,2.1,0,1162.98,33.35499,-0.001845091,0,0,0,0,3186.486
46.79998,2.1,0,1163.647,33.35495,-0.001843939,0,0,0,0,3186.483
46.81998,2.1,0,1164.314,33.35492,-0.001842788,0,0,0,0,3186.479
46.83998,2.1,0,1164.981,33.35488,-0.001841636,0,0,0,0,3186.476
46.85998,2.1,0,1165.648,33.35484,-0.001840485,0,0,0,0,3186.472
46.87998,2.1,0,1166.315,33.3548,-0.001839333,0,0,0,0,3186.469
46.89998,2.1,0,1166.982,33.35476,-0.001838182,0,0,0,0,3186.465
46.91998,2.1,0,1167.649,33.35472,-0.00183703,0,0,0,0,3186.462
46.93998,2.1,0,1168.317,33.35469,-0.001835879,0,0,0,0,3186.458
46.95998,2.1,0,1168.984,33.35465,-0.001834727,0,0,0,0,3186.455
46.97998,2.1,0,1169.651,33.35461,-0.001833576,0,0,0,0,3186.451
46.99998,2.1,0,1170.318,33.35457,-0.001832424,0,0,0,0,3186.448
47.01999,2.1,0,1170.985,33.35453,-0.001831273,0,0,0,0,3186.444
47.03998,2.1,0,1171.652,33.3545,-0.001830122,0,0,0,0,3186.441
47.05998,2.1,0,1172.319,33.35446,-0.00182897,0,0,0,0,3186.437
47.07998,2.1,0,1172.986,33.35442,-0.001827819,0,0,0,0,3186.434
47.09998,2.1,0,1173.653,33.35438,-0.001826667,0,0,0,0,3186.43
47.11998,2.1,0,1174.321,33.35434,-0.001825516,0,0,0,0,3186.427
47.13998,2.1,0,1174.988,33.35431,-0.001824364,0,0,0,0,3186.423
47.15998,2.1,0,1175.655,33.35427,-0.001823213,0,0,0,0,3186.42
47.17999,2.1,0,1176.322,33.35423,-0.001822061,0,0,0,0,3186.416
47.19998,2.1,0,1176.989,33.35419,-0.00182091,0,0,0,0,3186.413
47.21998,2.1,0,1177.656,33.35415,-0.001819758,0,0,0,0,3186.409
47.23998,2.1,0,1178.323,33.35411,-0.001818607,0,0,0,0,3186.406
47.25998,2.1,0,1178.99,33.35408,-0.001817455,0,0,0,0,3186.402
47.27998,2.1,0,1179.657,33.35404,-0.001816304,0,0,0,0,3186.399
47.29998,2.1,0,1180.325,33.354,-0.001815152,0,0,0,0,3186.395
47.31998,2.1,0,1180.992,33.35396,-0.001814001,0,0,0,0,3186.392
47.33998,2.1,0,1181.659,33.35392,-0.00181285,0,0,0,0,3186.388
47.35998,2.1,0,1182.326,33.35389,-0.001811698,0,0,0,0,3186.385
47.37998,2.1,0,1182.993,33.35385,-0.001812881,0,0,0,0,3186.381
47.39998,2.1,0,1183.66,33.35382,-0.001811394,0,0,0,0,3186.378
47.41998,2.1,0,1184.327,33.35378,-0.001812625,0,0,0,0,3186.375
47.43998,2.1,0,1184.994,33.35374,-0.001811131,0,0,0,0,3186.371
47.45998,2.1,0,1185.661,33.35371,-0.001812363,0,0,0,0,3186.368
47.47998,2.1,0,1186.329,33.35367,-0.001810868,0,0,0,0,3186.364
47.49998,2.1,0,1186.996,33.35363,-0.001812101,0,0,0,0,3186.361
47.51998,2.1,0,1187.663,33.3536,-0.001810606,0,0,0,0,3186.358
47.53998,2.1,0,1188.33,33.35357,-0.001811839,0,0,0,0,3186.354
47.55998,2.1,0,1188.997,33.35353,-0.001812679,0,0,0,0,3186.351
47.57998,2.1,0,1189.664,33.35349,-0.00181124,0,0,0,0,3186.348
47.59998,2.1,0,1190.331,33.35345,-0.001812465,0,0,0,0,3186.345
47.61998,2.1,0,1190.998,33.35342,-0.001810971,0,0,0,0,3186.341
47.63998,2.1,0,1191.666,33.35338,-0.001812204,0,0,0,0,3186.338
47.65998,2.1,0,1192.333,33.35335,-0.001810709,0,0,0,0,3186.334
47.67998,2.1,0,1193,33.35331,-0.001811941,0,0,0,0,3186.331
47.69998,2.1,0,1193.667,33.35328,-0.001812781,0,0,0,0,3186.328
47.71998,2.1,0,1194.334,33.35324,-0.001811343,0,0,0,0,3186.325
47.73998,2.1,0,1195.001,33.3532,-0.001812567,0,0,0,0,3186.322
47.75998,2.1,0,1195.668,33.35317,-0.001811074,0,0,0,0,3186.318
47.77998,2.1,0,1196.335,33.35313,-0.001812306,0,0,0,0,3186.315
47.79998,2.1,0,1197.002,33.3531,-0.001810811,0,0,0,0,3186.312
47.81998,2.1,0,1197.67,33.35306,-0.001812044,0,0,0,0,3186.308
47.83998,2.1,0,1198.337,33.35302,-0.001810549,0,0,0,0,3186.305
47.85998,2.1,0,1199.004,33.35299,-0.001811782,0,0,0,0,3186.302
47.87998,2.1,0,1199.671,33.35295,-0.001812622,0,0,0,0,3186.298
47.89998,2.1,0,1200.338,33.35292,-0.001811184,0,0,0,0,3186.295
47.91998,2.1,0,1201.005,33.35288,-0.001812408,0,0,0,0,3186.292
47.93998,2.1,0,1201.672,33.35284,-0.001810914,0,0,0,0,3186.288
47.95998,2.1,0,1202.339,33.35281,-0.001812147,0,0,0,0,3186.285
47.97998,2.1,0,1203.006,33.35277,-0.001810652,0,0,0,0,3186.282
47.99998,2.1,0,1203.674,33.35274,-0.001811885,0,0,0,0,3186.279
48.01998,2.1,0,1204.341,33.3527,-0.001812724,0,0,0,0,3186.275
48.03998,2.1,0,1205.008,33.35266,-0.001811286,0,0,0,0,3186.272
48.05998,2.1,0,1205.675,33.35263,-0.001806407,0,0,0,0,3186.269
48.07998,2.1,0,1206.342,33.3526,-0.001802024,0,0,0,0,3186.265
48.09998,2.1,0,1207.009,33.35256,-0.001797569,0,0,0,0,3186.262
48.11998,2.1,0,1207.676,33.35253,-0.001793124,0,0,0,0,3186.259
48.13998,2.1,0,1208.343,33.35249,-0.001788678,0,0,0,0,3186.256
48.15998,2.1,0,1209.01,33.35246,-0.001784232,0,0,0,0,3186.253
48.17998,2.1,0,1209.677,33.35242,-0.001779786,0,0,0,0,3186.25
48.19998,2.1,0,1210.344,33.35239,-0.00177534,0,0,0,0,3186.246
48.21998,2.1,0,1211.011,33.35236,-0.001770894,0,0,0,0,3186.243
48.23998,2.1,0,1211.678,33.35232,-0.001766448,0,0,0,0,3186.24
48.25998,2.1,0,1212.345,33.35229,-0.001762002,0,0,0,0,3186.237
48.27998,2.1,0,1213.012,33.35225,-0.001757556,0,0,0,0,3186.234
48.29998,2.1,0,1213.679,33.35222,-0.00175311,0,0,0,0,3186.231
48.31998,2.1,0,1214.346,33.35218,-0.001748664,0,0,0,0,3186.228
48.33998,2.1,0,1215.013,33.35215,-0.001744218,0,0,0,0,3186.224
48.35998,2.1,0,1215.68,33.35212,-0.001739772,0,0,0,0,3186.221
48.37998,2.1,0,1216.347,33.35208,-0.001735326,0,0,0,0,3186.218
48.39998,2.1,0,1217.014,33.35205,-0.00173088,0,0,0,0,3186.215
48.41998,2.1,0,1217.681,33.35201,-0.001726434,0,0,0,0,3186.212
48.43998,2.1,0,1218.348,33.35198,-0.001721988,0,0,0,0,3186.208
48.45998,2.1,0,1219.015,33.35194,-0.001717542,0,0,0,0,3186.205
48.47998,2.1,0,1219.682,33.35191,-0.001713096,0,0,0,0,3186.202
48.49998,2.1,0,1220.349,33.35188,-0.00170865,0,0,0,0,3186.199
48.51998,2.1,0,1221.016,33.35184,-0.001704204,0,0,0,0,3186.196
48.53998,2.1,0,1221.682,33.35181,-0.001699758,0,0,0,0,3186.193
48.55998,2.1,0,1222.349,33.35177,-0.001695312,0,0,0,0,3186.19
48.57998,2.1,0,1223.016,33.35174,-0.001690866,0,0,0,0,3186.187
48.59998,2.1,0,1223.683,33.3517,-0.001686421,0,0,0,0,3186.183
48.61998,2.1,0,1224.35,33.35167,-0.001681974,0,0,0,0,3186.18
48.63998,2.1,0,1225.017,33.35163,-0.001677528,0,0,0,0,3186.177
48.65998,2.1,0,1225.684,33.3516,-0.001673083,0,0,0,0,3186.174
48.67998,2.1,0,1226.351,33.35157,-0.001668636,0,0,0,0,3186.171
48.69998,2.1,0,1227.018,33.35153,-0.001664191,0,0,0,0,3186.167
48.71998,2.1,0,1227.685,33.3515,-0.001659744,0,0,0,0,3186.165
48.73998,2.1,0,1228.352,33.35146,-0.001655299,0,0,0,0,3186.161
48.75998,2.1,0,1229.019,33.35143,-0.001650853,0,0,0,0,3186.158
48.77998,2.1,0,1229.686,33.35139,-0.001646406,0,0,0,0,3186.155
48.79998,2.1,0,1230.353,33.35136,-0.001641961,0,0,0,0,3186.152
48.81998,2.1,0,1231.02,33.35133,-0.001637515,0,0,0,0,3186.149
48.83998,2.1,0,1231.687,33.35129,-0.001633069,0,0,0,0,3186.146
48.85998,2.1,0,1232.354,33.35126,-0.001628623,0,0,0,0,3186.142
48.87998,2.1,0,1233.021,33.35122,-0.001624177,0,0,0,0,3186.139
48.89998,2.1,0,1233.688,33.35119,-0.001619731,0,0,0,0,3186.136
48.91998,2.1,0,1234.355,33.35116,-0.001617619,0,0,0,0,3186.133
48.93998,2.1,0,1235.022,33.35113,-0.001621275,0,0,0,0,3186.13
48.95998,2.1,0,1235.689,33.3511,-0.001621034,0,0,0,0,3186.127
48.97998,2.1,0,1236.356,33.35106,-0.001623794,0,0,0,0,3186.124
48.99998,2.1,0,1237.023,33.35103,-0.001623771,0,0,0,0,3186.121
49.01998,2.1,0,1237.69,33.35099,-0.001624152,0,0,0,0,3186.118
49.03998,2.1,0,1238.357,33.35096,-0.001624474,0,0,0,0,3186.115
49.05998,2.1,0,1239.024,33.35093,-0.001624805,0,0,0,0,3186.112
49.07998,2.1,0,1239.691,33.35089,-0.001625134,0,0,0,0,3186.109
49.09998,2.1,0,1240.358,33.35086,-0.001625464,0,0,0,0,3186.106
49.11998,2.1,0,1241.025,33.35082,-0.001625794,0,0,0,0,3186.103
49.13998,2.1,0,1241.692,33.35079,-0.001626123,0,0,0,0,3186.099
49.15998,2.1,0,1242.359,33.35075,-0.001626453,0,0,0,0,3186.096
49.17998,2.1,0,1243.026,33.35072,-0.001626782,0,0,0,0,3186.093
49.19998,2.1,0,1243.693,33.35069,-0.001627112,0,0,0,0,3186.09
49.21998,2.1,0,1244.36,33.35065,-0.001627442,0,0,0,0,3186.087
49.23998,2.1,0,1245.027,33.35062,-0.001627771,0,0,0,0,3186.083
49.25998,2.1,0,1245.694,33.35058,-0.001628101,0,0,0,0,3186.08
49.27998,2.1,0,1246.361,33.35055,-0.001626478,0,0,0,0,3186.077
49.29998,2.1,0,1247.028,33.35051,-0.001625416,0,0,0,0,3186.074
49.31998,2.1,0,1247.695,33.35048,-0.001624232,0,0,0,0,3186.071
49.33998,2.1,0,1248.362,33.35044,-0.001623072,0,0,0,0,3186.068
49.35998,2.1,0,1249.029,33.35041,-0.001621908,0,0,0,0,3186.065
49.37998,2.1,0,1249.696,33.35038,-0.001620744,0,0,0,0,3186.062
49.39998,2.1,0,1250.363,33.35035,-0.001621915,0,0,0,0,3186.059
49.41998,2.1,0,1251.03,33.35032,-0.001620416,0,0,0,0,3186.056
49.43998,2.1,0,1251.697,33.35028,-0.001621635,0,0,0,0,3186.053
49.45998,2.1,0,1252.364,33.35025,-0.001620128,0,0,0,0,3186.05
49.47998,2.1,0,1253.031,33.35022,-0.001621349,0,0,0,0,3186.047
49.49998,2.1,0,1253.698,33.35019,-0.001619842,0,0,0,0,3186.044
49.51998,2.1,0,1254.365,33.35015,-0.001621062,0,0,0,0,3186.041
49.53998,2.1,0,1255.032,33.35012,-0.00162189,0,0,0,0,3186.038
49.55998,2.1,0,1255.699,33.35009,-0.00162044,0,0,0,0,3186.035
49.57998,2.1,0,1256.366,33.35006,-0.001621652,0,0,0,0,3186.032
49.59998,2.1,0,1257.033,33.35003,-0.001620146,0,0,0,0,3186.029
49.61998,2.1,0,1257.7,33.34999,-0.001621367,0,0,0,0,3186.026
49.63998,2.1,0,1258.367,33.34996,-0.00161986,0,0,0,0,3186.023
49.65998,2.1,0,1259.034,33.34993,-0.00162108,0,0,0,0,3186.02
49.67998,2.1,0,1259.701,33.3499,-0.001621908,0,0,0,0,3186.017
49.69998,2.1,0,1260.368,33.34986,-0.001620458,0,0,0,0,3186.014
49.71998,2.1,0,1261.035,33.34983,-0.00162167,0,0,0,0,3186.011
49.73998,2.1,0,1261.702,33.3498,-0.001620164,0,0,0,0,3186.008
49.75998,2.1,0,1262.369,33.34977,-0.001621384,0,0,0,0,3186.005
49.77998,2.1,0,1263.036,33.34974,-0.001619878,0,0,0,0,3186.002
49.79998,2.1,0,1263.703,33.3497,-0.001621098,0,0,0,0,3186
49.81998,2.1,0,1264.37,33.34967,-0.001621926,0,0,0,0,3185.997
49.83998,2.1,0,1265.037,33.34964,-0.001620475,0,0,0,0,3185.994
49.85998,2.1,0,1265.704,33.34961,-0.001621688,0,0,0,0,3185.991
49.87998,2.1,0,1266.371,33.34958,-0.001620182,0,0,0,0,3185.988
49.89998,2.1,0,1267.038,33.34954,-0.001621402,0,0,0,0,3185.985
49.91998,2.1,0,1267.705,33.34951,-0.001619895,0,0,0,0,3185.982
49.93998,2.1,0,1268.372,33.34948,-0.001621116,0,0,0,0,3185.979
49.95998,2.1,0,1269.039,33.34945,-0.001621944,0,0,0,0,3185.976
49.97998,2.1,0,1269.706,33.34941,-0.001620493,0,0,0,0,3185.973
49.99998,2.1,0,1270.373,33.34938,-0.001621705,0,0,0,0,3185.97
50.01998,2.1,0,1271.04,33.34935,-0.0016202,0,0,0,0,3185.967
50.03998,2.1,0,1271.707,33.34932,-0.00162142,0,0,0,0,3185.964
50.05998,2.1,0,1272.374,33.34929,-0.001619913,0,0,0,0,3185.961
50.07998,2.1,0,1273.041,33.34925,-0.001621134,0,0,0,0,3185.958
50.09998,2.1,0,1273.708,33.34922,-0.001621961,0,0,0,0,3185.955
50.11998,2.1,0,1274.375,33.34919,-0.001620511,0,0,0,0,3185.952
50.13998,2.1,0,1275.042,33.34916,-0.001621723,0,0,0,0,3185.949
50.15998,2.1,0,1275.709,33.34912,-0.001620217,0,0,0,0,3185.946
50.17998,2.1,0,1276.376,33.34909,-0.001621438,0,0,0,0,3185.943
50.19998,2.1,0,1277.043,33.34906,-0.001619931,0,0,0,0,3185.94
50.21998,2.1,0,1277.71,33.34903,-0.001621151,0,0,0,0,3185.938
50.23998,2.1,0,1278.377,33.349,-0.001621979,0,0,0,0,3185.935
50.25998,2.1,0,1279.044,33.34896,-0.001620529,0,0,0,0,3185.932
50.27998,2.1,0,1279.711,33.34893,-0.001621741,0,0,0,0,3185.929
50.29998,2.1,0,1280.378,33.3489,-0.001620235,0,0,0,0,3185.926
50.31998,2.1,0,1281.045,33.34887,-0.001621456,0,0,0,0,3185.923
50.33998,2.1,0,1281.712,33.34883,-0.001619949,0,0,0,0,3185.92
50.35998,2.1,0,1282.379,33.3488,-0.001621169,0,0,0,0,3185.917
50.37998,2.1,0,1283.046,33.34877,-0.001621997,0,0,0,0,3185.914
50.39998,2.1,0,1283.713,33.34874,-0.001620547,0,0,0,0,3185.911
50.41998,2.1,0,1284.38,33.34871,-0.001621759,0,0,0,0,3185.908
50.43998,2.1,0,1285.047,33.34867,-0.001620253,0,0,0,0,3185.905
50.45998,2.1,0,1285.714,33.34864,-0.001621473,0,0,0,0,3185.902
50.47998,2.1,0,1286.381,33.34861,-0.001619967,0,0,0,0,3185.899
50.49998,2.1,0,1287.048,33.34858,-0.001621187,0,0,0,0,3185.896
50.51998,2.1,0,1287.715,33.34855,-0.001622015,0,0,0,0,3185.893
50.53998,2.1,0,1288.382,33.34851,-0.001620564,0,0,0,0,3185.89
50.55998,2.1,0,1289.049,33.34848,-0.001621777,0,0,0,0,3185.887
50.57998,2.1,0,1289.716,33.34845,-0.001620271,0,0,0,0,3185.884
50.59998,2.1,0,1290.383,33.34842,-0.001621491,0,0,0,0,3185.881
50.61998,2.1,0,1291.05,33.34838,-0.001618031,0,0,0,0,3185.878
50.63998,2.1,0,1291.717,33.34835,-0.00161786,0,0,0,0,3185.875
50.65998,2.1,0,1292.384,33.34832,-0.001617175,0,0,0,0,3185.873
50.67998,2.1,0,1293.051,33.34829,-0.001616569,0,0,0,0,3185.87
50.69998,2.1,0,1293.718,33.34826,-0.001615952,0,0,0,0,3185.867
50.71998,2.1,0,1294.385,33.34823,-0.001615336,0,0,0,0,3185.864
50.73998,2.1,0,1295.052,33.3482,-0.00161472,0,0,0,0,3185.861
50.75998,2.1,0,1295.719,33.34817,-0.001614104,0,0,0,0,3185.858
50.77998,2.1,0,1296.386,33.34814,-0.001613488,0,0,0,0,3185.855
50.79998,2.1,0,1297.053,33.34811,-0.001612872,0,0,0,0,3185.853
50.81998,2.1,0,1297.72,33.34808,-0.001612255,0,0,0,0,3185.85
50.83998,2.1,0,1298.387,33.34805,-0.001611639,0,0,0,0,3185.847
50.85998,2.1,0,1299.054,33.34802,-0.001611023,0,0,0,0,3185.844
50.87998,2.1,0,1299.721,33.34799,-0.001610407,0,0,0,0,3185.842
50.89998,2.1,0,1300.388,33.34796,-0.001609791,0,0,0,0,3185.839
50.91998,2.1,0,1301.055,33.34793,-0.001609175,0,0,0,0,3185.836
50.93998,2.1,0,1301.722,33.3479,-0.001608559,0,0,0,0,3185.833
50.95998,2.1,0,1302.389,33.34787,-0.001607943,0,0,0,0,3185.83
50.97998,2.1,0,1303.056,33.34784,-0.001607327,0,0,0,0,3185.827
50.99998,2.1,0,1303.723,33.34781,-0.001606711,0,0,0,0,3185.825
51.01998,2.1,0,1304.39,33.34777,-0.001606095,0,0,0,0,3185.822
51.03998,2.1,0,1305.057,33.34774,-0.001605479,0,0,0,0,3185.819
51.05998,2.1,0,1305.724,33.34771,-0.001604863,0,0,0,0,3185.816
51.07998,2.1,0,1306.391,33.34768,-0.001604247,0,0,0,0,3185.813
51.09998,2.1,0,1307.057,33.34765,-0.00160363,0,0,0,0,3185.811
51.11998,2.1,0,1307.724,33.34762,-0.001603014,0,0,0,0,3185.808
51.13998,2.1,0,1308.391,33.34759,-0.001602398,0,0,0,0,3185.805
51.15998,2.1,0,1309.058,33.34756,-0.001601782,0,0,0,0,3185.802
51.17998,2.1,0,1309.725,33.34753,-0.001601166,0,0,0,0,3185.8
51.19998,2.1,0,1310.392,33.3475,-0.00160055,0,0,0,0,3185.797
51.21998,2.1,0,1311.059,33.34747,-0.001599934,0,0,0,0,3185.794
51.23998,2.1,0,1311.726,33.34744,-0.001599318,0,0,0,0,3185.791
51.25998,2.1,0,1312.393,33.34741,-0.001598702,0,0,0,0,3185.788
51.27998,2.1,0,1313.06,33.34738,-0.001598086,0,0,0,0,3185.785
51.29998,2.1,0,1313.727,33.34735,-0.00159747,0,0,0,0,3185.783
51.31998,2.1,0,1314.394,33.34732,-0.001596854,0,0,0,0,3185.78
51.33998,2.1,0,1315.061,33.34729,-0.001596238,0,0,0,0,3185.777
51.35998,2.1,0,1315.728,33.34726,-0.001595622,0,0,0,0,3185.774
51.37998,2.1,0,1316.395,33.34723,-0.001595006,0,0,0,0,3185.771
51.39998,2.1,0,1317.062,33.34719,-0.001594389,0,0,0,0,3185.769
51.41998,2.1,0,1317.729,33.34716,-0.001593773,0,0,0,0,3185.766
51.43998,2.1,0,1318.396,33.34713,-0.001593157,0,0,0,0,3185.763
51.45998,2.1,0,1319.063,33.3471,-0.001592541,0,0,0,0,3185.76
51.47998,2.1,0,1319.73,33.34707,-0.001591925,0,0,0,0,3185.758
51.49998,2.1,0,1320.397,33.34704,-0.001591309,0,0,0,0,3185.755
51.51998,2.1,0,1321.064,33.34701,-0.001590693,0,0,0,0,3185.752
51.53998,2.1,0,1321.731,33.34698,-0.001590077,0,0,0,0,3185.749
51.55998,2.1,0,1322.398,33.34695,-0.001589461,0,0,0,0,3185.746
51.57998,2.1,0,1323.065,33.34692,-0.001588845,0,0,0,0,3185.743
51.59998,2.1,0,1323.732,33.34689,-0.001588229,0,0,0,0,3185.741
51.61998,2.1,0,1324.399,33.34686,-0.001587613,0,0,0,0,3185.738
51.63998,2.1,0,1325.066,33.34683,-0.001586997,0,0,0,0,3185.735
51.65998,2.1,0,1325.733,33.3468,-0.00158638,0,0,0,0,3185.732
51.67998,2.1,0,1326.4,33.34677,-0.001585765,0,0,0,0,3185.729
51.69998,2.1,0,1327.067,33.34674,-0.001585148,0,0,0,0,3185.727
51.71998,2.1,0,1327.734,33.34671,-0.001584532,0,0,0,0,3185.724
51.73998,2.1,0,1328.401,33.34668,-0.001583916,0,0,0,0,3185.721
51.75998,2.1,0,1329.068,33.34665,-0.0015833,0,0,0,0,3185.718
51.77998,2.1,0,1329.735,33.34661,-0.001582684,0,0,0,0,3185.715
51.79998,2.1,0,1330.402,33.34658,-0.001582068,0,0,0,0,3185.713
51.81998,2.1,0,1331.069,33.34655,-0.001581452,0,0,0,0,3185.71
51.83998,2.1,0,1331.736,33.34652,-0.001574732,0,0,0,0,3185.707
51.85998,2.1,0,1332.403,33.34649,-0.001568892,0,0,0,0,3185.704
51.87998,2.1,0,1333.07,33.34646,-0.001562924,0,0,0,0,3185.701
51.89998,2.1,0,1333.737,33.34643,-0.001556975,0,0,0,0,3185.699
51.91998,2.1,0,1334.403,33.3464,-0.001551024,0,0,0,0,3185.696
51.93998,2.1,0,1335.07,33.34637,-0.001545072,0,0,0,0,3185.693
51.95998,2.1,0,1335.737,33.34634,-0.001539121,0,0,0,0,3185.69
51.97998,2.1,0,1336.404,33.34631,-0.00153317,0,0,0,0,3185.688
51.99998,2.1,0,1337.071,33.34628,-0.001527218,0,0,0,0,3185.685
52.01998,2.1,0,1337.738,33.34625,-0.001521267,0,0,0,0,3185.682
52.03998,2.1,0,1338.405,33.34622,-0.001515316,0,0,0,0,3185.679
52.05998,2.1,0,1339.072,33.34619,-0.001509365,0,0,0,0,3185.676
52.07998,2.1,0,1339.738,33.34616,-0.001503413,0,0,0,0,3185.673
52.09998,2.1,0,1340.405,33.34613,-0.001497462,0,0,0,0,3185.671
52.11998,2.1,0,1341.072,33.3461,-0.001491511,0,0,0,0,3185.668
52.13998,2.1,0,1341.739,33.34607,-0.001485559,0,0,0,0,3185.665
52.15998,2.1,0,1342.406,33.34604,-0.001479608,0,0,0,0,3185.662
52.17998,2.1,0,1343.073,33.346,-0.001473657,0,0,0,0,3185.659
52.19998,2.1,0,1343.74,33.34597,-0.001467705,0,0,0,0,3185.656
52.21998,2.1,0,1344.406,33.34594,-0.001461754,0,0,0,0,3185.654
52.23998,2.1,0,1345.073,33.34591,-0.001455803,0,0,0,0,3185.651
52.25998,2.1,0,1345.74,33.34588,-0.001449851,0,0,0,0,3185.648
52.27998,2.1,0,1346.407,33.34585,-0.0014439,0,0,0,0,3185.646
52.29998,2.1,0,1347.074,33.34582,-0.001437949,0,0,0,0,3185.643
52.31998,2.1,0,1347.741,33.34579,-0.001431998,0,0,0,0,3185.64
52.33998,2.1,0,1348.408,33.34576,-0.001426046,0,0,0,0,3185.637
52.35998,2.1,0,1349.075,33.34574,-0.001422429,0,0,0,0,3185.634
52.37998,2.1,0,1349.741,33.34571,-0.001418477,0,0,0,0,3185.632
52.39998,2.1,0,1350.408,33.34568,-0.001414572,0,0,0,0,3185.629
52.41998,2.1,0,1351.075,33.34566,-0.001410661,0,0,0,0,3185.627
52.43998,2.1,0,1351.742,33.34563,-0.00140675,0,0,0,0,3185.625
52.45998,2.1,0,1352.409,33.3456,-0.00140284,0,0,0,0,3185.622
52.47998,2.1,0,1353.076,33.34558,-0.001398929,0,0,0,0,3185.62
52.49998,2.1,0,1353.743,33.34555,-0.001395018,0,0,0,0,3185.617
52.51998,2.1,0,1354.41,33.34552,-0.001391108,0,0,0,0,3185.615
52.53998,2.1,0,1355.076,33.3455,-0.001387197,0,0,0,0,3185.612
52.55998,2.1,0,1355.743,33.34547,-0.001383287,0,0,0,0,3185.61
52.57998,2.1,0,1356.41,33.34544,-0.001379376,0,0,0,0,3185.607
52.59998,2.1,0,1357.077,33.34542,-0.001375466,0,0,0,0,3185.605
52.61998,2.1,0,1357.744,33.34539,-0.001371555,0,0,0,0,3185.603
52.63998,2.1,0,1358.411,33.34536,-0.001367644,0,0,0,0,3185.6
52.65998,2.1,0,1359.078,33.34534,-0.001363734,0,0,0,0,3185.598
52.67998,2.1,0,1359.745,33.34531,-0.001359823,0,0,0,0,3185.595
52.69998,2.1,0,1360.411,33.34528,-0.001355913,0,0,0,0,3185.593
52.71998,2.1,0,1361.078,33.34526,-0.001352002,0,0,0,0,3185.59
52.73998,2.1,0,1361.745,33.34523,-0.001348091,0,0,0,0,3185.588
52.75998,2.1,0,1362.412,33.3452,-0.001344181,0,0,0,0,3185.585
52.77998,2.1,0,1363.079,33.34518,-0.00134027,0,0,0,0,3185.583
52.79998,2.1,0,1363.746,33.34515,-0.00133636,0,0,0,0,3185.58
52.81998,2.1,0,1364.413,33.34512,-0.001332449,0,0,0,0,3185.578
52.83998,2.1,0,1365.079,33.3451,-0.001328539,0,0,0,0,3185.575
52.85998,2.1,0,1365.746,33.34507,-0.001324628,0,0,0,0,3185.573
52.87998,2.1,0,1366.413,33.34504,-0.001320717,0,0,0,0,3185.571
52.89998,2.1,0,1367.08,33.34502,-0.001316807,0,0,0,0,3185.568
52.91998,2.1,0,1367.747,33.34499,-0.001312896,0,0,0,0,3185.566
52.93998,2.1,0,1368.414,33.34496,-0.001308986,0,0,0,0,3185.563
52.95998,2.1,0,1369.081,33.34494,-0.001305075,0,0,0,0,3185.561
52.97998,2.1,0,1369.748,33.34491,-0.001301164,0,0,0,0,3185.558
52.99998,2.1,0,1370.414,33.34488,-0.001297254,0,0,0,0,3185.556
53.01998,2.1,0,1371.081,33.34486,-0.001293343,0,0,0,0,3185.553
53.03998,2.1,0,1371.748,33.34483,-0.001289433,0,0,0,0,3185.551
53.05998,2.1,0,1372.415,33.3448,-0.001285522,0,0,0,0,3185.549
53.07998,2.1,0,1373.082,33.34478,-0.001281612,0,0,0,0,3185.546
53.09998,2.1,0,1373.749,33.34475,-0.001277701,0,0,0,0,3185.544
53.11998,2.1,0,1374.416,33.34472,-0.00127379,0,0,0,0,3185.541
53.13998,2.1,0,1375.083,33.3447,-0.00126988,0,0,0,0,3185.539
53.15998,2.1,0,1375.749,33.34467,-0.001265969,0,0,0,0,3185.536
53.17998,2.1,0,1376.416,33.34464,-0.001262059,0,0,0,0,3185.534
53.19998,2.1,0,1377.083,33.34462,-0.001258148,0,0,0,0,3185.531
53.21998,2.1,0,1377.75,33.34459,-0.001254237,0,0,0,0,3185.529
53.23998,2.1,0,1378.417,33.34456,-0.001250327,0,0,0,0,3185.526
53.25998,2.1,0,1379.084,33.34454,-0.001246416,0,0,0,0,3185.524
53.27998,2.1,0,1379.751,33.34451,-0.001242506,0,0,0,0,3185.521
53.29998,2.1,0,1380.417,33.34449,-0.001238595,0,0,0,0,3185.519
53.31998,2.1,0,1381.084,33.34446,-0.001237019,0,0,0,0,3185.517
53.33998,2.1,0,1381.751,33.34444,-0.001235107,0,0,0,0,3185.514
53.35998,2.1,0,1382.418,33.34442,-0.001233243,0,0,0,0,3185.512
53.37998,2.1,0,1383.085,33.34439,-0.001231372,0,0,0,0,3185.51
53.39998,2.1,0,1383.752,33.34437,-0.001229503,0,0,0,0,3185.508
53.41998,2.1,0,1384.419,33.34435,-0.001227633,0,0,0,0,3185.506
53.43998,2.1,0,1385.086,33.34433,-0.001225763,0,0,0,0,3185.504
53.45998,2.1,0,1385.752,33.3443,-0.001223893,0,0,0,0,3185.501
53.47998,2.1,0,1386.419,33.34428,-0.001222023,0,0,0,0,3185.5
53.49998,2.1,0,1387.086,33.34426,-0.001220153,0,0,0,0,3185.497
53.51998,2.1,0,1387.753,33.34423,-0.001218284,0,0,0,0,3185.495
53.53998,2.1,0,1388.42,33.34421,-0.001216414,0,0,0,0,3185.493
53.55998,2.1,0,1389.087,33.34419,-0.001214544,0,0,0,0,3185.491
53.57998,2.1,0,1389.754,33.34417,-0.001212674,0,0,0,0,3185.489
53.59998,2.1,0,1390.421,33.34414,-0.001210804,0,0,0,0,3185.487
53.61998,2.1,0,1391.087,33.34412,-0.001208934,0,0,0,0,3185.485
53.63998,2.1,0,1391.754,33.3441,-0.001207064,0,0,0,0,3185.483
53.65998,2.1,0,1392.421,33.34407,-0.001205195,0,0,0,0,3185.48
53.67998,2.1,0,1393.088,33.34405,-0.001203325,0,0,0,0,3185.479
53.69998,2.1,0,1393.755,33.34403,-0.001201455,0,0,0,0,3185.476
53.71998,2.1,0,1394.422,33.34401,-0.001199585,0,0,0,0,3185.474
53.73998,2.1,0,1395.089,33.34398,-0.001197715,0,0,0,0,3185.472
53.75998,2.1,0,1395.755,33.34396,-0.001195845,0,0,0,0,3185.47
53.77998,2.1,0,1396.422,33.34394,-0.001193976,0,0,0,0,3185.468
53.79998,2.1,0,1397.089,33.34391,-0.001192106,0,0,0,0,3185.466
53.81998,2.1,0,1397.756,33.34389,-0.001190236,0,0,0,0,3185.464
53.83998,2.1,0,1398.423,33.34387,-0.001188366,0,0,0,0,3185.462
53.85998,2.1,0,1399.09,33.34385,-0.001186496,0,0,0,0,3185.459
53.87998,2.1,0,1399.757,33.34382,-0.001184626,0,0,0,0,3185.458
53.89998,2.1,0,1400.424,33.3438,-0.001182756,0,0,0,0,3185.455
53.91998,2.1,0,1401.09,33.34378,-0.001180887,0,0,0,0,3185.453
53.93998,2.1,0,1401.757,33.34375,-0.001179017,0,0,0,0,3185.451
53.95998,2.1,0,1402.424,33.34373,-0.001177147,0,0,0,0,3185.449
53.97998,2.1,0,1403.091,33.34371,-0.001175277,0,0,0,0,3185.447
53.99998,2.1,0,1403.758,33.34369,-0.001173407,0,0,0,0,3185.445
54.01998,2.1,0,1404.425,33.34366,-0.001171537,0,0,0,0,3185.443
54.03998,2.1,0,1405.092,33.34364,-0.001169667,0,0,0,0,3185.441
54.05998,2.1,0,1405.759,33.34362,-0.001167798,0,0,0,0,3185.438
54.07998,2.1,0,1406.425,33.34359,-0.001165928,0,0,0,0,3185.437
54.09998,2.1,0,1407.092,33.34357,-0.001164058,0,0,0,0,3185.434
54.11998,2.1,0,1407.759,33.34355,-0.001162188,0,0,0,0,3185.432
54.13998,2.1,0,1408.426,33.34352,-0.001160318,0,0,0,0,3185.43
54.15998,2.1,0,1409.093,33.3435,-0.001158448,0,0,0,0,3185.428
54.17998,2.1,0,1409.76,33.34348,-0.001156578,0,0,0,0,3185.426
54.19998,2.1,0,1410.427,33.34346,-0.001154709,0,0,0,0,3185.424
54.21998,2.1,0,1411.094,33.34343,-0.001152839,0,0,0,0,3185.422
54.23998,2.1,0,1411.76,33.34341,-0.001150969,0,0,0,0,3185.42
54.25998,2.1,0,1412.427,33.34339,-0.001149099,0,0,0,0,3185.417
54.27998,2.1,0,1413.094,33.34336,-0.001147229,0,0,0,0,3185.416
54.29998,2.1,0,1413.761,33.34334,-0.001145359,0,0,0,0,3185.413
54.31998,2.1,0,1414.428,33.34332,-0.001143489,0,0,0,0,3185.411
54.33998,2.1,0,1415.095,33.3433,-0.00114162,0,0,0,0,3185.409
54.35998,2.1,0,1415.762,33.34327,-0.00113975,0,0,0,0,3185.407
54.37998,2.1,0,1416.428,33.34325,-0.00113788,0,0,0,0,3185.405
54.39998,2.1,0,1417.095,33.34323,-0.00113601,0,0,0,0,3185.403
54.41998,2.1,0,1417.762,33.3432,-0.00113414,0,0,0,0,3185.401
54.43998,2.1,0,1418.429,33.34318,-0.00113227,0,0,0,0,3185.399
54.45998,2.1,0,1419.096,33.34316,-0.001130401,0,0,0,0,3185.396
54.47998,2.1,0,1419.763,33.34314,-0.001128531,0,0,0,0,3185.395
54.49998,2.1,0,1420.43,33.34311,-0.001126661,0,0,0,0,3185.392
54.51998,2.1,0,1421.097,33.34309,-0.001124791,0,0,0,0,3185.39
54.53998,2.1,0,1421.763,33.34307,-0.001122921,0,0,0,0,3185.388
54.55998,2.1,0,1422.43,33.34304,-0.001121051,0,0,0,0,3185.386
54.57998,2.1,0,1423.097,33.34302,-0.001119181,0,0,0,0,3185.384
54.59998,2.1,0,1423.764,33.343,-0.001117312,0,0,0,0,3185.382
54.61998,2.1,0,1424.431,33.34298,-0.001115442,0,0,0,0,3185.38
54.63998,2.1,0,1425.098,33.34295,-0.001113572,0,0,0,0,3185.378
54.65998,2.1,0,1425.765,33.34293,-0.001111702,0,0,0,0,3185.375
54.67998,2.1,0,1426.432,33.34291,-0.001109832,0,0,0,0,3185.374
54.69998,2.1,0,1427.098,33.34288,-0.001107962,0,0,0,0,3185.371
54.71998,2.1,0,1427.765,33.34286,-0.001106092,0,0,0,0,3185.369
54.73998,2.1,0,1428.432,33.34284,-0.001104223,0,0,0,0,3185.367
54.75998,2.1,0,1429.099,33.34282,-0.001102353,0,0,0,0,3185.365
54.77998,2.1,0,1429.766,33.34279,-0.001100483,0,0,0,0,3185.363
54.79998,2.1,0,1430.433,33.34277,-0.001098613,0,0,0,0,3185.361
54.81998,2.1,0,1431.1,33.34275,-0.001096743,0,0,0,0,3185.359
54.83998,2.1,0,1431.766,33.34272,-0.001094873,0,0,0,0,3185.357
54.85998,2.1,0,1432.433,33.3427,-0.001093003,0,0,0,0,3185.354
54.87998,2.1,0,1433.1,33.34268,-0.001091134,0,0,0,0,3185.353
54.89998,2.1,0,1433.767,33.34266,-0.001089264,0,0,0,0,3185.35
54.91998,2.1,0,1434.434,33.34263,-0.001087394,0,0,0,0,3185.348
54.93998,2.1,0,1435.101,33.34261,-0.001085524,0,0,0,0,3185.346
54.95998,2.1,0,1435.768,33.34259,-0.001083654,0,0,0,0,3185.344
54.97998,2.1,0,1436.435,33.34256,-0.001081784,0,0,0,0,3185.342
54.99998,2.1,0,1437.101,33.34254,-0.001079915,0,0,0,0,3185.34
55.01998,2.1,0,1437.768,33.34252,-0.001078045,0,0,0,0,3185.338
55.03998,2.1,0,1438.435,33.34249,-0.001076175,0,0,0,0,3185.336
55.05998,2.1,0,1439.102,33.34247,-0.001074305,0,0,0,0,3185.333
55.07998,2.1,0,1439.769,33.34245,-0.001072435,0,0,0,0,3185.331
55.09998,2.1,0,1440.436,33.34243,-0.001070565,0,0,0,0,3185.329
55.11998,2.1,0,1441.103,33.3424,-0.001068695,0,0,0,0,3185.327
55.13998,2.1,0,1441.77,33.34238,-0.001066825,0,0,0,0,3185.325
55.15998,2.1,0,1442.436,33.34236,-0.001064956,0,0,0,0,3185.323
55.17998,2.1,0,1443.103,33.34233,-0.001063086,0,0,0,0,3185.321
55.19998,2.1,0,1443.77,33.34231,-0.001061216,0,0,0,0,3185.319
55.21998,2.1,0,1444.437,33.34229,-0.001059346,0,0,0,0,3185.317
55.23998,2.1,0,1445.104,33.34227,-0.001057476,0,0,0,0,3185.315
55.25998,2.1,0,1445.771,33.34224,-0.001055606,0,0,0,0,3185.313
55.27998,2.1,0,1446.438,33.34222,-0.001053737,0,0,0,0,3185.31
55.29998,2.1,0,1447.104,33.3422,-0.001051867,0,0,0,0,3185.308
55.31998,2.1,0,1447.771,33.34217,-0.001049997,0,0,0,0,3185.306
55.33998,2.1,0,1448.438,33.34216,-0.001048127,0,0,0,0,3185.304
55.35998,2.1,0,1449.105,33.34214,-0.001048592,0,0,0,0,3185.302
55.37998,2.1,0,1449.772,33.34212,-0.00104872,0,0,0,0,3185.3
55.39998,2.1,0,1450.439,33.3421,-0.001048897,0,0,0,0,3185.298
55.41998,2.1,0,1451.106,33.34208,-0.001047114,0,0,0,0,3185.297
55.43998,2.1,0,1451.773,33.34206,-0.001047847,0,0,0,0,3185.295
55.45998,2.1,0,1452.439,33.34204,-0.001047896,0,0,0,0,3185.293
55.47998,2.1,0,1453.106,33.34202,-0.001046137,0,0,0,0,3185.291
55.49998,2.1,0,1453.773,33.342,-0.001046865,0,0,0,0,3185.29
55.51998,2.1,0,1454.44,33.34198,-0.001044963,0,0,0,0,3185.288
55.53998,2.1,0,1455.107,33.34196,-0.001045718,0,0,0,0,3185.286
55.55998,2.1,0,1455.774,33.34195,-0.001045763,0,0,0,0,3185.284
55.57998,2.1,0,1456.441,33.34193,-0.001044005,0,0,0,0,3185.283
55.59998,2.1,0,1457.108,33.34191,-0.001044733,0,0,0,0,3185.281
55.61998,2.1,0,1457.774,33.34189,-0.001042831,0,0,0,0,3185.279
55.63998,2.1,0,1458.441,33.34187,-0.001043586,0,0,0,0,3185.277
55.65998,2.1,0,1459.108,33.34185,-0.001043631,0,0,0,0,3185.276
55.67998,2.1,0,1459.775,33.34183,-0.001041873,0,0,0,0,3185.274
55.69998,2.1,0,1460.442,33.34181,-0.001042601,0,0,0,0,3185.272
55.71998,2.1,0,1461.109,33.34179,-0.001042652,0,0,0,0,3185.27
55.73998,2.1,0,1461.776,33.34177,-0.001040893,0,0,0,0,3185.269
55.75998,2.1,0,1462.443,33.34175,-0.001041621,0,0,0,0,3185.267
55.77998,2.1,0,1463.109,33.34174,-0.001039718,0,0,0,0,3185.265
55.79998,2.1,0,1463.776,33.34172,-0.001040473,0,0,0,0,3185.263
55.81998,2.1,0,1464.443,33.3417,-0.001040519,0,0,0,0,3185.262
55.83998,2.1,0,1465.11,33.34168,-0.001038761,0,0,0,0,3185.26
55.85998,2.1,0,1465.777,33.34166,-0.001039489,0,0,0,0,3185.258
55.87998,2.1,0,1466.444,33.34164,-0.001037586,0,0,0,0,3185.256
55.89998,2.1,0,1467.111,33.34162,-0.001038341,0,0,0,0,3185.255
55.91998,2.1,0,1467.777,33.3416,-0.001038387,0,0,0,0,3185.253
55.93998,2.1,0,1468.444,33.34158,-0.001036629,0,0,0,0,3185.251
55.95998,2.1,0,1469.111,33.34156,-0.001037357,0,0,0,0,3185.249
55.97998,2.1,0,1469.778,33.34155,-0.001037407,0,0,0,0,3185.248
55.99998,2.1,0,1470.445,33.34153,-0.001035648,0,0,0,0,3185.246
56.01998,2.1,0,1471.112,33.34151,-0.001036376,0,0,0,0,3185.244
56.03998,2.1,0,1471.779,33.34149,-0.001034473,0,0,0,0,3185.242
56.05998,2.1,0,1472.446,33.34147,-0.001035229,0,0,0,0,3185.24
56.07998,2.1,0,1473.112,33.34145,-0.001035274,0,0,0,0,3185.239
56.09998,2.1,0,1473.779,33.34143,-0.001033516,0,0,0,0,3185.237
56.11998,2.1,0,1474.446,33.34141,-0.001034244,0,0,0,0,3185.235
56.13998,2.1,0,1475.113,33.34139,-0.001032341,0,0,0,0,3185.234
56.15998,2.1,0,1475.78,33.34137,-0.001033097,0,0,0,0,3185.232
56.17998,2.1,0,1476.447,33.34135,-0.001033142,0,0,0,0,3185.23
56.19998,2.1,0,1477.114,33.34134,-0.001031384,0,0,0,0,3185.228
56.21998,2.1,0,1477.781,33.34132,-0.001032112,0,0,0,0,3185.227
56.23998,2.1,0,1478.447,33.3413,-0.001032162,0,0,0,0,3185.225
56.25998,2.1,0,1479.114,33.34128,-0.001030403,0,0,0,0,3185.223
56.27998,2.1,0,1479.781,33.34126,-0.001031131,0,0,0,0,3185.221
56.29998,2.1,0,1480.448,33.34124,-0.001029229,0,0,0,0,3185.219
56.31998,2.1,0,1481.115,33.34122,-0.001029984,0,0,0,0,3185.218
56.33998,2.1,0,1481.782,33.3412,-0.001030029,0,0,0,0,3185.216
56.35998,2.1,0,1482.449,33.34118,-0.001028271,0,0,0,0,3185.214
56.37998,2.1,0,1483.115,33.34116,-0.001028999,0,0,0,0,3185.213
56.39998,2.1,0,1483.782,33.34114,-0.001027097,0,0,0,0,3185.211
56.41998,2.1,0,1484.449,33.34113,-0.001027852,0,0,0,0,3185.209
56.43998,2.1,0,1485.116,33.34111,-0.001027897,0,0,0,0,3185.207
56.45998,2.1,0,1485.783,33.34109,-0.001026139,0,0,0,0,3185.206
56.47998,2.1,0,1486.45,33.34107,-0.001026867,0,0,0,0,3185.204
56.49998,2.1,0,1487.117,33.34105,-0.001024964,0,0,0,0,3185.202
56.51998,2.1,0,1487.784,33.34103,-0.00102572,0,0,0,0,3185.2
56.53998,2.1,0,1488.45,33.34101,-0.001025765,0,0,0,0,3185.198
56.55998,2.1,0,1489.117,33.34099,-0.001024007,0,0,0,0,3185.197
56.57998,2.1,0,1489.784,33.34097,-0.001024735,0,0,0,0,3185.195
56.59998,2.1,0,1490.451,33.34095,-0.001024786,0,0,0,0,3185.193
56.61998,2.1,0,1491.118,33.34093,-0.001023026,0,0,0,0,3185.192
56.63998,2.1,0,1491.785,33.34092,-0.001023755,0,0,0,0,3185.19
56.65998,2.1,0,1492.452,33.3409,-0.001021852,0,0,0,0,3185.188
56.67998,2.1,0,1493.119,33.34088,-0.001022607,0,0,0,0,3185.186
56.69998,2.1,0,1493.785,33.34086,-0.001022653,0,0,0,0,3185.185
56.71998,2.1,0,1494.452,33.34084,-0.001020895,0,0,0,0,3185.183
56.73998,2.1,0,1495.119,33.34082,-0.001021623,0,0,0,0,3185.181
56.75998,2.1,0,1495.786,33.3408,-0.00101972,0,0,0,0,3185.179
56.77998,2.1,0,1496.453,33.34078,-0.001020475,0,0,0,0,3185.177
56.79998,2.1,0,1497.12,33.34076,-0.001020521,0,0,0,0,3185.176
56.81998,2.1,0,1497.787,33.34074,-0.001018762,0,0,0,0,3185.174
56.83998,2.1,0,1498.453,33.34072,-0.001019491,0,0,0,0,3185.172
56.85998,2.1,0,1499.12,33.34071,-0.001019541,0,0,0,0,3185.171
56.87998,2.1,0,1499.787,33.34069,-0.001017782,0,0,0,0,3185.169
56.89998,2.1,0,1500.454,33.34067,-0.00101851,0,0,0,0,3185.167
56.91998,2.1,0,1501.121,33.34065,-0.001016607,0,0,0,0,3185.165
56.93998,2.1,0,1501.788,33.34063,-0.001017363,0,0,0,0,3185.164
56.95998,2.1,0,1502.455,33.34061,-0.001017408,0,0,0,0,3185.162
56.97998,2.1,0,1503.122,33.34059,-0.00101565,0,0,0,0,3185.16
56.99998,2.1,0,1503.788,33.34057,-0.001016378,0,0,0,0,3185.158
57.01998,2.1,0,1504.455,33.34055,-0.001014475,0,0,0,0,3185.156
57.03998,2.1,0,1505.122,33.34053,-0.001015231,0,0,0,0,3185.155
57.05998,2.1,0,1505.789,33.34052,-0.001015276,0,0,0,0,3185.153
57.07998,2.1,0,1506.456,33.3405,-0.001013518,0,0,0,0,3185.151
57.09998,2.1,0,1507.123,33.34048,-0.001014246,0,0,0,0,3185.15
57.11998,2.1,0,1507.79,33.34046,-0.001014296,0,0,0,0,3185.148
57.13998,2.1,0,1508.456,33.34044,-0.001006434,0,0,0,0,3185.146
57.15998,2.1,0,1509.123,33.34042,-0.001001937,0,0,0,0,3185.144
57.17998,2.1,0,1509.79,33.3404,-0.0009946832,0,0,0,0,3185.143
57.19998,2.1,0,1510.457,33.34038,-0.0009901057,0,0,0,0,3185.141
57.21998,2.1,0,1511.123,33.34036,-0.0009848156,0,0,0,0,3185.139
57.23998,2.1,0,1511.79,33.34034,-0.0009777222,0,0,0,0,3185.137
57.25998,2.1,0,1512.457,33.34032,-0.0009731149,0,0,0,0,3185.135
57.27998,2.1,0,1513.124,33.34031,-0.000965877,0,0,0,0,3185.134
57.29998,2.1,0,1513.79,33.34029,-0.0009612971,0,0,0,0,3185.132
57.31998,2.1,0,1514.457,33.34027,-0.0009560075,0,0,0,0,3185.13
57.33998,2.1,0,1515.124,33.34025,-0.0009489139,0,0,0,0,3185.129
57.35998,2.1,0,1515.791,33.34023,-0.0009443067,0,0,0,0,3185.127
57.37998,2.1,0,1516.457,33.34021,-0.0009390219,0,0,0,0,3185.125
57.39998,2.1,0,1517.124,33.34019,-0.0009319275,0,0,0,0,3185.123
57.41998,2.1,0,1517.791,33.34017,-0.0009273204,0,0,0,0,3185.122
57.43998,2.1,0,1518.458,33.34015,-0.0009200824,0,0,0,0,3185.12
57.45998,2.1,0,1519.124,33.34013,-0.0009155026,0,0,0,0,3185.118
57.47998,2.1,0,1519.791,33.34011,-0.0009102129,0,0,0,0,3185.116
57.49998,2.1,0,1520.458,33.3401,-0.0009031193,0,0,0,0,3185.115
57.51998,2.1,0,1521.125,33.34008,-0.0008985121,0,0,0,0,3185.113
57.53998,2.1,0,1521.791,33.34006,-0.0008912741,0,0,0,0,3185.111
57.55998,2.1,0,1522.458,33.34004,-0.0008866943,0,0,0,0,3185.109
57.57998,2.1,0,1523.125,33.34002,-0.0008814046,0,0,0,0,3185.107
57.59998,2.1,0,1523.792,33.34,-0.0008743111,0,0,0,0,3185.106
57.61998,2.1,0,1524.458,33.33998,-0.0008697038,0,0,0,0,3185.104
57.63998,2.1,0,1525.125,33.33996,-0.0008644191,0,0,0,0,3185.102
57.65998,2.1,0,1525.792,33.33995,-0.0008573247,0,0,0,0,3185.101
57.67998,2.1,0,1526.458,33.33993,-0.0008550521,0,0,0,0,3185.099
57.69998,2.1,0,1527.125,33.33992,-0.0008498126,0,0,0,0,3185.097
57.71998,2.1,0,1527.792,33.3399,-0.0008472796,0,0,0,0,3185.096
57.73998,2.1,0,1528.459,33.33989,-0.0008440297,0,0,0,0,3185.094
57.75998,2.1,0,1529.125,33.33987,-0.0008389771,0,0,0,0,3185.093
57.77998,2.1,0,1529.792,33.33986,-0.0008364106,0,0,0,0,3185.092
57.79998,2.1,0,1530.459,33.33984,-0.0008312134,0,0,0,0,3185.09
57.81998,2.1,0,1531.126,33.33982,-0.0008286742,0,0,0,0,3185.089
57.83998,2.1,0,1531.792,33.33981,-0.0008254252,0,0,0,0,3185.087
57.85998,2.1,0,1532.459,33.33979,-0.0008203725,0,0,0,0,3185.086
57.87998,2.1,0,1533.126,33.33978,-0.0008178059,0,0,0,0,3185.084
57.89998,2.1,0,1533.793,33.33976,-0.0008126087,0,0,0,0,3185.083
57.91998,2.1,0,1534.459,33.33975,-0.0008100697,0,0,0,0,3185.082
57.93998,2.1,0,1535.126,33.33973,-0.0008068206,0,0,0,0,3185.08
57.95998,2.1,0,1535.793,33.33972,-0.0008017679,0,0,0,0,3185.079
57.97998,2.1,0,1536.46,33.3397,-0.0007992014,0,0,0,0,3185.077
57.99998,2.1,0,1537.126,33.33969,-0.0007959573,0,0,0,0,3185.076
58.01998,2.1,0,1537.793,33.33967,-0.0007909037,0,0,0,0,3185.075
58.03998,2.1,0,1538.46,33.33966,-0.0007883373,0,0,0,0,3185.073
58.05998,2.1,0,1539.127,33.33964,-0.00078314,0,0,0,0,3185.072
58.07998,2.1,0,1539.793,33.33963,-0.000780601,0,0,0,0,3185.07
58.09998,2.1,0,1540.46,33.33961,-0.000777352,0,0,0,0,3185.069
58.11998,2.1,0,1541.127,33.3396,-0.0007722992,0,0,0,0,3185.068
58.13998,2.1,0,1541.794,33.33958,-0.0007697326,0,0,0,0,3185.066
58.15998,2.1,0,1542.46,33.33957,-0.0007645354,0,0,0,0,3185.065
58.17998,2.1,0,1543.127,33.33955,-0.0007619963,0,0,0,0,3185.063
58.19998,2.1,0,1543.794,33.33953,-0.0007587473,0,0,0,0,3185.062
58.21998,2.1,0,1544.461,33.33952,-0.0007536946,0,0,0,0,3185.061
58.23998,2.1,0,1545.127,33.3395,-0.000751128,0,0,0,0,3185.059
58.25998,2.1,0,1545.794,33.33949,-0.0007478839,0,0,0,0,3185.058
58.27998,2.1,0,1546.461,33.33947,-0.0007428303,0,0,0,0,3185.056
58.29998,2.1,0,1547.128,33.33946,-0.0007402639,0,0,0,0,3185.055
58.31998,2.1,0,1547.794,33.33944,-0.0007350667,0,0,0,0,3185.053
58.33998,2.1,0,1548.461,33.33943,-0.0007325276,0,0,0,0,3185.052
58.35998,2.1,0,1549.128,33.33941,-0.0007292786,0,0,0,0,3185.051
58.37998,2.1,0,1549.795,33.3394,-0.0007242258,0,0,0,0,3185.049
58.39998,2.1,0,1550.461,33.33938,-0.0007216593,0,0,0,0,3185.048
58.41998,2.1,0,1551.128,33.33937,-0.0007164621,0,0,0,0,3185.047
58.43998,2.1,0,1551.795,33.33935,-0.000713923,0,0,0,0,3185.045
58.45998,2.1,0,1552.462,33.33934,-0.000710674,0,0,0,0,3185.044
58.47998,2.1,0,1553.128,33.33932,-0.0007056213,0,0,0,0,3185.042
58.49998,2.1,0,1553.795,33.33931,-0.0007030547,0,0,0,0,3185.041
58.51998,2.1,0,1554.462,33.33929,-0.0006998106,0,0,0,0,3185.04
58.53998,2.1,0,1555.129,33.33928,-0.000694757,0,0,0,0,3185.038
58.55998,2.1,0,1555.795,33.33926,-0.0006921906,0,0,0,0,3185.037
58.57998,2.1,0,1556.462,33.33924,-0.0006869934,0,0,0,0,3185.035
58.59998,2.1,0,1557.129,33.33923,-0.0006844543,0,0,0,0,3185.034
58.61998,2.1,0,1557.796,33.33921,-0.0006812053,0,0,0,0,3185.032
58.63998,2.1,0,1558.462,33.3392,-0.0006761525,0,0,0,0,3185.031
58.65998,2.1,0,1559.129,33.33918,-0.000673586,0,0,0,0,3185.03
58.67998,2.1,0,1559.796,33.33917,-0.0006683888,0,0,0,0,3185.028
58.69998,2.1,0,1560.463,33.33916,-0.0006658497,0,0,0,0,3185.027
58.71998,2.1,0,1561.129,33.33915,-0.0006649353,0,0,0,0,3185.026
58.73998,2.1,0,1561.796,33.33913,-0.0006618809,0,0,0,0,3185.025
58.75998,2.1,0,1562.463,33.33912,-0.0006613612,0,0,0,0,3185.024
58.77998,2.1,0,1563.13,33.33911,-0.000660157,0,0,0,0,3185.022
58.79998,2.1,0,1563.796,33.3391,-0.0006571442,0,0,0,0,3185.021
58.81998,2.1,0,1564.463,33.33909,-0.0006566185,0,0,0,0,3185.021
58.83998,2.1,0,1565.13,33.33908,-0.0006534621,0,0,0,0,3185.019
58.85998,2.1,0,1565.797,33.33907,-0.0006529636,0,0,0,0,3185.018
58.87998,2.1,0,1566.463,33.33905,-0.0006517554,0,0,0,0,3185.017
58.89998,2.1,0,1567.13,33.33904,-0.0006487434,0,0,0,0,3185.016
58.91998,2.1,0,1567.797,33.33903,-0.0006482176,0,0,0,0,3185.015
58.93998,2.1,0,1568.464,33.33902,-0.0006450611,0,0,0,0,3185.014
58.95998,2.1,0,1569.13,33.33901,-0.0006445627,0,0,0,0,3185.013
58.97998,2.1,0,1569.797,33.339,-0.0006433545,0,0,0,0,3185.012
58.99998,2.1,0,1570.464,33.33899,-0.0006403424,0,0,0,0,3185.011
59.01998,2.1,0,1571.131,33.33897,-0.0006398166,0,0,0,0,3185.01
59.03998,2.1,0,1571.797,33.33896,-0.0006386132,0,0,0,0,3185.009
59.05998,2.1,0,1572.464,33.33895,-0.0006356004,0,0,0,0,3185.008
59.07998,2.1,0,1573.131,33.33894,-0.0006350747,0,0,0,0,3185.007
59.09998,2.1,0,1573.798,33.33893,-0.0006319182,0,0,0,0,3185.006
59.11998,2.1,0,1574.464,33.33892,-0.0006314198,0,0,0,0,3185.005
59.13998,2.1,0,1575.131,33.33891,-0.0006302116,0,0,0,0,3185.004
59.15998,2.1,0,1575.798,33.33889,-0.0006271995,0,0,0,0,3185.003
59.17998,2.1,0,1576.465,33.33888,-0.0006266737,0,0,0,0,3185.001
59.19998,2.1,0,1577.131,33.33887,-0.0006235173,0,0,0,0,3185
59.21998,2.1,0,1577.798,33.33886,-0.0006230189,0,0,0,0,3185
59.23998,2.1,0,1578.465,33.33885,-0.0006218106,0,0,0,0,3184.998
59.25998,2.1,0,1579.132,33.33884,-0.0006187986,0,0,0,0,3184.997
59.27998,2.1,0,1579.798,33.33883,-0.0006182728,0,0,0,0,3184.996
59.29998,2.1,0,1580.465,33.33881,-0.0006170694,0,0,0,0,3184.995
59.31998,2.1,0,1581.132,33.3388,-0.0006140565,0,0,0,0,3184.994
59.33998,2.1,0,1581.799,33.33879,-0.0006135309,0,0,0,0,3184.993
59.35998,2.1,0,1582.465,33.33878,-0.0006103744,0,0,0,0,3184.992
59.37998,2.1,0,1583.132,33.33877,-0.000609876,0,0,0,0,3184.991
59.39998,2.1,0,1583.799,33.33876,-0.0006086677,0,0,0,0,3184.99
59.41998,2.1,0,1584.466,33.33875,-0.0006056557,0,0,0,0,3184.989
59.43998,2.1,0,1585.132,33.33873,-0.0006051299,0,0,0,0,3184.988
59.45998,2.1,0,1585.799,33.33872,-0.0006080769,0,0,0,0,3184.987
59.47998,2.1,0,1586.466,33.33871,-0.0006101176,0,0,0,0,3184.986
59.49998,2.1,0,1587.133,33.3387,-0.0006123473,0,0,0,0,3184.985
59.51998,2.1,0,1587.799,33.33869,-0.0006145414,0,0,0,0,3184.984
59.53998,2.1,0,1588.466,33.33868,-0.0006167418,0,0,0,0,3184.983
59.55998,2.1,0,1589.133,33.33867,-0.0006189412,0,0,0,0,3184.981
59.57998,2.1,0,1589.8,33.33865,-0.0006211406,0,0,0,0,3184.98
59.59998,2.1,0,1590.466,33.33864,-0.0006233401,0,0,0,0,3184.979
59.61998,2.1,0,1591.133,33.33863,-0.0006255396,0,0,0,0,3184.979
59.63998,2.1,0,1591.8,33.33862,-0.0006277391,0,0,0,0,3184.977
59.65998,2.1,0,1592.467,33.33861,-0.0006299386,0,0,0,0,3184.976
59.67998,2.1,0,1593.133,33.3386,-0.000632138,0,0,0,0,3184.975
59.69998,2.1,0,1593.8,33.33858,-0.0006343375,0,0,0,0,3184.974
59.71998,2.1,0,1594.467,33.33857,-0.000636537,0,0,0,0,3184.973
59.73998,2.1,0,1595.134,33.33856,-0.0006387365,0,0,0,0,3184.972
59.75998,2.1,0,1595.8,33.33855,-0.000640936,0,0,0,0,3184.971
59.77998,2.1,0,1596.467,33.33854,-0.0006431355,0,0,0,0,3184.97
59.79998,2.1,0,1597.134,33.33853,-0.0006453349,0,0,0,0,3184.969
59.81998,2.1,0,1597.801,33.33852,-0.0006475344,0,0,0,0,3184.968
59.83998,2.1,0,1598.467,33.3385,-0.0006497339,0,0,0,0,3184.967
59.85998,2.1,0,1599.134,33.33849,-0.0006519334,0,0,0,0,3184.966
59.87998,2.1,0,1599.801,33.33848,-0.0006541329,0,0,0,0,3184.965
59.89998,2.1,0,1600.468,33.33847,-0.0006563324,0,0,0,0,3184.964
59.91998,2.1,0,1601.134,33.33846,-0.0006585318,0,0,0,0,3184.963
59.93998,2.1,0,1601.801,33.33845,-0.0006607313,0,0,0,0,3184.962
59.95998,2.1,0,1602.468,33.33844,-0.0006629308,0,0,0,0,3184.96
59.97998,2.1,0,1603.135,33.33842,-0.0006651303,0,0,0,0,3184.959
59.99998,2.1,0,1603.801,33.33841,-0.0006673298,0,0,0,0,3184.958
60.01998,2.1,0,1604.468,33.3384,-0.0006695293,0,0,0,0,3184.958
60.03998,2.1,0,1605.135,33.33838,-0.0006693941,0,0,0,0,3184.956
60.05998,2.1,0,1605.802,33.33837,-0.0006695952,0,0,0,0,3184.955
60.07998,2.1,0,1606.468,33.33835,-0.0006697478,0,0,0,0,3184.953
60.09998,2.1,0,1607.135,33.33834,-0.0006699075,0,0,0,0,3184.952
60.11998,2.1,0,1607.802,33.33832,-0.0006700661,0,0,0,0,3184.951
60.13998,2.1,0,1608.469,33.33831,-0.0006702249,0,0,0,0,3184.949
60.15998,2.1,0,1609.135,33.33829,-0.0006703836,0,0,0,0,3184.948
60.17998,2.1,0,1609.802,33.33828,-0.0006705424,0,0,0,0,3184.947
60.19998,2.1,0,1610.469,33.33826,-0.0006707011,0,0,0,0,3184.945
60.21998,2.1,0,1611.135,33.33825,-0.0006708599,0,0,0,0,3184.944
60.23998,2.1,0,1611.802,33.33823,-0.0006710186,0,0,0,0,3184.942
60.25998,2.1,0,1612.469,33.33821,-0.0006711774,0,0,0,0,3184.941
60.27998,2.1,0,1613.136,33.3382,-0.0006713361,0,0,0,0,3184.939
60.29998,2.1,0,1613.802,33.33818,-0.0006714949,0,0,0,0,3184.938
60.31998,2.1,0,1614.469,33.33817,-0.0006716537,0,0,0,0,3184.937
60.33998,2.1,0,1615.136,33.33815,-0.0006718124,0,0,0,0,3184.935
60.35998,2.1,0,1615.803,33.33814,-0.0006719711,0,0,0,0,3184.934
60.37998,2.1,0,1616.469,33.33812,-0.0006721299,0,0,0,0,3184.932
60.39998,2.1,0,1617.136,33.33811,-0.0006703355,0,0,0,0,3184.931
60.41998,2.1,0,1617.803,33.33809,-0.0006691025,0,0,0,0,3184.93
60.43998,2.1,0,1618.47,33.33808,-0.0006677484,0,0,0,0,3184.928
60.45998,2.1,0,1619.136,33.33807,-0.0006664175,0,0,0,0,3184.927
60.47998,2.1,0,1619.803,33.33805,-0.000667417,0,0,0,0,3184.926
60.49998,2.1,0,1620.47,33.33804,-0.000668081,0,0,0,0,3184.925
60.51998,2.1,0,1621.137,33.33803,-0.0006664588,0,0,0,0,3184.923
60.53998,2.1,0,1621.803,33.33802,-0.0006675004,0,0,0,0,3184.922
60.55998,2.1,0,1622.47,33.338,-0.0006681583,0,0,0,0,3184.921
60.57998,2.1,0,1623.137,33.33799,-0.000666537,0,0,0,0,3184.92
60.59998,2.1,0,1623.804,33.33797,-0.0006675784,0,0,0,0,3184.918
60.61998,2.1,0,1624.47,33.33796,-0.0006659018,0,0,0,0,3184.917
60.63998,2.1,0,1625.137,33.33795,-0.0006669512,0,0,0,0,3184.916
60.65998,2.1,0,1625.804,33.33794,-0.0006676081,0,0,0,0,3184.915
60.67998,2.1,0,1626.471,33.33792,-0.0006659869,0,0,0,0,3184.914
60.69998,2.1,0,1627.137,33.33791,-0.0006670283,0,0,0,0,3184.913
60.71998,2.1,0,1627.804,33.3379,-0.0006676863,0,0,0,0,3184.912
60.73998,2.1,0,1628.471,33.33789,-0.0006660649,0,0,0,0,3184.91
60.75998,2.1,0,1629.138,33.33788,-0.0006671064,0,0,0,0,3184.909
60.77998,2.1,0,1629.804,33.33786,-0.0006677644,0,0,0,0,3184.908
60.79998,2.1,0,1630.471,33.33785,-0.000666143,0,0,0,0,3184.907
60.81998,2.1,0,1631.138,33.33784,-0.0006671844,0,0,0,0,3184.906
60.83998,2.1,0,1631.805,33.33782,-0.0006678425,0,0,0,0,3184.905
60.85998,2.1,0,1632.471,33.33781,-0.0006662211,0,0,0,0,3184.903
60.87998,2.1,0,1633.138,33.3378,-0.0006672625,0,0,0,0,3184.902
60.89998,2.1,0,1633.805,33.33778,-0.0006679205,0,0,0,0,3184.901
60.91998,2.1,0,1634.472,33.33777,-0.0006662991,0,0,0,0,3184.9
60.93998,2.1,0,1635.138,33.33776,-0.0006673406,0,0,0,0,3184.899
60.95998,2.1,0,1635.805,33.33775,-0.0006679986,0,0,0,0,3184.897
60.97998,2.1,0,1636.472,33.33773,-0.0006663772,0,0,0,0,3184.896
60.99998,2.1,0,1637.139,33.33772,-0.0006674186,0,0,0,0,3184.895
61.01998,2.1,0,1637.805,33.33771,-0.0006680766,0,0,0,0,3184.894
61.03998,2.1,0,1638.472,33.3377,-0.0006664552,0,0,0,0,3184.893
61.05998,2.1,0,1639.139,33.33768,-0.0006674967,0,0,0,0,3184.892
61.07998,2.1,0,1639.806,33.33767,-0.0006681547,0,0,0,0,3184.891
61.09998,2.1,0,1640.472,33.33766,-0.0006665334,0,0,0,0,3184.889
61.11998,2.1,0,1641.139,33.33764,-0.0006675748,0,0,0,0,3184.888
61.13998,2.1,0,1641.806,33.33763,-0.0006658982,0,0,0,0,3184.887
61.15998,2.1,0,1642.473,33.33762,-0.0006669476,0,0,0,0,3184.886
61.17998,2.1,0,1643.139,33.3376,-0.0006676044,0,0,0,0,3184.885
61.19998,2.1,0,1643.806,33.33759,-0.0006659832,0,0,0,0,3184.883
61.21998,2.1,0,1644.473,33.33758,-0.0006670246,0,0,0,0,3184.882
61.23998,2.1,0,1645.14,33.33757,-0.0006676827,0,0,0,0,3184.881
61.25998,2.1,0,1645.806,33.33755,-0.0006660613,0,0,0,0,3184.88
61.27998,2.1,0,1646.473,33.33754,-0.0006671028,0,0,0,0,3184.879
61.29998,2.1,0,1647.14,33.33753,-0.0006677607,0,0,0,0,3184.878
61.31998,2.1,0,1647.807,33.33752,-0.0006661394,0,0,0,0,3184.876
61.33998,2.1,0,1648.473,33.33751,-0.0006671808,0,0,0,0,3184.875
61.35998,2.1,0,1649.14,33.33749,-0.0006678388,0,0,0,0,3184.874
61.37998,2.1,0,1649.807,33.33748,-0.0006662174,0,0,0,0,3184.873
61.39998,2.1,0,1650.474,33.33747,-0.0006672589,0,0,0,0,3184.872
61.41998,2.1,0,1651.14,33.33745,-0.0006679168,0,0,0,0,3184.871
61.43998,2.1,0,1651.807,33.33744,-0.0006662955,0,0,0,0,3184.869
61.45998,2.1,0,1652.474,33.33743,-0.0006673369,0,0,0,0,3184.868
61.47998,2.1,0,1653.141,33.33741,-0.000667995,0,0,0,0,3184.867
61.49998,2.1,0,1653.807,33.3374,-0.0006663736,0,0,0,0,3184.866
61.51998,2.1,0,1654.474,33.33739,-0.000667415,0,0,0,0,3184.865
61.53998,2.1,0,1655.141,33.33738,-0.000668073,0,0,0,0,3184.864
61.55998,2.1,0,1655.808,33.33736,-0.0006664516,0,0,0,0,3184.862
61.57998,2.1,0,1656.474,33.33735,-0.0006674931,0,0,0,0,3184.861
61.59998,2.1,0,1657.141,33.33734,-0.0006681511,0,0,0,0,3184.86
61.61998,2.1,0,1657.808,33.33733,-0.0006665297,0,0,0,0,3184.859
61.63998,2.1,0,1658.475,33.33731,-0.0006675711,0,0,0,0,3184.858
61.65998,2.1,0,1659.141,33.3373,-0.0006682291,0,0,0,0,3184.857
61.67998,2.1,0,1659.808,33.33729,-0.0006666078,0,0,0,0,3184.855
61.69998,2.1,0,1660.475,33.33727,-0.0006676492,0,0,0,0,3184.854
61.71998,2.1,0,1661.142,33.33726,-0.0006659726,0,0,0,0,3184.853
61.73998,2.1,0,1661.808,33.33725,-0.000667022,0,0,0,0,3184.852
61.75998,2.1,0,1662.475,33.33723,-0.0006676789,0,0,0,0,3184.851
61.77998,2.1,0,1663.142,33.33722,-0.0006660576,0,0,0,0,3184.849
61.79998,2.1,0,1663.809,33.33721,-0.0006670991,0,0,0,0,3184.848
61.81998,2.1,0,1664.475,33.3372,-0.0006677571,0,0,0,0,3184.847
61.83998,2.1,0,1665.142,33.33718,-0.0006661357,0,0,0,0,3184.846
61.85998,2.1,0,1665.809,33.33717,-0.0006671771,0,0,0,0,3184.845
61.87998,2.1,0,1666.476,33.33716,-0.0006678352,0,0,0,0,3184.844
61.89998,2.1,0,1667.142,33.33715,-0.0006662137,0,0,0,0,3184.842
61.91998,2.1,0,1667.809,33.33714,-0.0006672553,0,0,0,0,3184.841
61.93998,2.1,0,1668.476,33.33712,-0.0006679132,0,0,0,0,3184.84
61.95998,2.1,0,1669.143,33.33711,-0.0006662919,0,0,0,0,3184.839
61.97998,2.1,0,1669.809,33.3371,-0.0006673333,0,0,0,0,3184.838
61.99998,2.1,0,1670.476,33.33708,-0.0006679913,0,0,0,0,3184.837
62.01998,2.1,0,1671.143,33.33707,-0.0006663699,0,0,0,0,3184.835
62.03998,2.1,0,1671.81,33.33706,-0.0006674114,0,0,0,0,3184.834
62.05998,2.1,0,1672.476,33.33704,-0.0006680693,0,0,0,0,3184.833
62.07998,2.1,0,1673.143,33.33703,-0.000666448,0,0,0,0,3184.832
62.09998,2.1,0,1673.81,33.33702,-0.0006674894,0,0,0,0,3184.831
62.11998,2.1,0,1674.477,33.33701,-0.0006681475,0,0,0,0,3184.83
62.13998,2.1,0,1675.143,33.33699,-0.000666526,0,0,0,0,3184.828
62.15998,2.1,0,1675.81,33.33698,-0.0006675675,0,0,0,0,3184.827
62.17998,2.1,0,1676.477,33.33697,-0.0006682255,0,0,0,0,3184.826
62.19998,2.1,0,1677.144,33.33696,-0.0006666041,0,0,0,0,3184.825
62.21998,2.1,0,1677.81,33.33694,-0.0006676456,0,0,0,0,3184.824
62.23998,2.1,0,1678.477,33.33693,-0.000665969,0,0,0,0,3184.823
62.25998,2.1,0,1679.144,33.33692,-0.0006650653,0,0,0,0,3184.821
62.27998,2.1,0,1679.811,33.33691,-0.0006643304,0,0,0,0,3184.82
62.29998,2.1,0,1680.477,33.33689,-0.0006635308,0,0,0,0,3184.819
62.31998,2.1,0,1681.144,33.33688,-0.0006627464,0,0,0,0,3184.818
62.33998,2.1,0,1681.811,33.33687,-0.0006619591,0,0,0,0,3184.817
62.35998,2.1,0,1682.478,33.33686,-0.0006611721,0,0,0,0,3184.816
62.37998,2.1,0,1683.144,33.33685,-0.0006603852,0,0,0,0,3184.815
62.39998,2.1,0,1683.811,33.33684,-0.0006595983,0,0,0,0,3184.814
62.41998,2.1,0,1684.478,33.33683,-0.0006588113,0,0,0,0,3184.813
62.43998,2.1,0,1685.145,33.33681,-0.0006580243,0,0,0,0,3184.812
62.45998,2.1,0,1685.811,33.3368,-0.0006572374,0,0,0,0,3184.811
62.47998,2.1,0,1686.478,33.33679,-0.0006564505,0,0,0,0,3184.81
62.49998,2.1,0,1687.145,33.33678,-0.0006556635,0,0,0,0,3184.809
62.51998,2.1,0,1687.812,33.33677,-0.0006548766,0,0,0,0,3184.808
62.53998,2.1,0,1688.478,33.33676,-0.0006540896,0,0,0,0,3184.806
62.55998,2.1,0,1689.145,33.33675,-0.0006533026,0,0,0,0,3184.805
62.57998,2.1,0,1689.812,33.33673,-0.0006525157,0,0,0,0,3184.804
62.59998,2.1,0,1690.479,33.33672,-0.0006517288,0,0,0,0,3184.803
62.61998,2.1,0,1691.145,33.33671,-0.0006509418,0,0,0,0,3184.802
62.63998,2.1,0,1691.812,33.3367,-0.0006501549,0,0,0,0,3184.801
62.65998,2.1,0,1692.479,33.33669,-0.0006493679,0,0,0,0,3184.8
62.67998,2.1,0,1693.146,33.33668,-0.000648581,0,0,0,0,3184.799
62.69998,2.1,0,1693.812,33.33667,-0.000647794,0,0,0,0,3184.798
62.71998,2.1,0,1694.479,33.33665,-0.0006470071,0,0,0,0,3184.797
62.73998,2.1,0,1695.146,33.33664,-0.0006462201,0,0,0,0,3184.796
62.75998,2.1,0,1695.813,33.33663,-0.0006454332,0,0,0,0,3184.795
62.77998,2.1,0,1696.479,33.33662,-0.0006446462,0,0,0,0,3184.794
62.79998,2.1,0,1697.146,33.33661,-0.0006438593,0,0,0,0,3184.793
62.81998,2.1,0,1697.813,33.3366,-0.0006430724,0,0,0,0,3184.792
62.83998,2.1,0,1698.479,33.33659,-0.0006422854,0,0,0,0,3184.791
62.85998,2.1,0,1699.146,33.33657,-0.0006414984,0,0,0,0,3184.79
62.87998,2.1,0,1699.813,33.33656,-0.0006407115,0,0,0,0,3184.789
62.89998,2.1,0,1700.48,33.33655,-0.0006399245,0,0,0,0,3184.788
62.91998,2.1,0,1701.146,33.33654,-0.0006391376,0,0,0,0,3184.787
62.93998,2.1,0,1701.813,33.33653,-0.0006383507,0,0,0,0,3184.785
62.95998,2.1,0,1702.48,33.33652,-0.0006375637,0,0,0,0,3184.784
62.97998,2.1,0,1703.147,33.33651,-0.0006367767,0,0,0,0,3184.783
62.99998,2.1,0,1703.813,33.33649,-0.0006359898,0,0,0,0,3184.782
63.01998,2.1,0,1704.48,33.33648,-0.0006352029,0,0,0,0,3184.781
63.03998,2.1,0,1705.147,33.33647,-0.0006344159,0,0,0,0,3184.78
63.05998,2.1,0,1705.814,33.33646,-0.000633629,0,0,0,0,3184.779
63.07998,2.1,0,1706.48,33.33645,-0.000632842,0,0,0,0,3184.778
63.09998,2.1,0,1707.147,33.33644,-0.000632055,0,0,0,0,3184.777
63.11998,2.1,0,1707.814,33.33643,-0.0006312681,0,0,0,0,3184.776
63.13998,2.1,0,1708.481,33.33641,-0.0006304812,0,0,0,0,3184.775
63.15998,2.1,0,1709.147,33.3364,-0.0006296942,0,0,0,0,3184.774
63.17998,2.1,0,1709.814,33.33639,-0.0006289073,0,0,0,0,3184.773
63.19998,2.1,0,1710.481,33.33638,-0.0006281203,0,0,0,0,3184.772
63.21998,2.1,0,1711.148,33.33637,-0.0006273334,0,0,0,0,3184.771
63.23998,2.1,0,1711.814,33.33636,-0.0006265464,0,0,0,0,3184.77
63.25998,2.1,0,1712.481,33.33635,-0.0006257595,0,0,0,0,3184.769
63.27998,2.1,0,1713.148,33.33633,-0.0006249725,0,0,0,0,3184.768
63.29998,2.1,0,1713.815,33.33632,-0.0006241856,0,0,0,0,3184.767
63.31998,2.1,0,1714.481,33.33631,-0.0006233986,0,0,0,0,3184.766
63.33998,2.1,0,1715.148,33.3363,-0.0006226117,0,0,0,0,3184.764
63.35998,2.1,0,1715.815,33.33629,-0.0006218248,0,0,0,0,3184.763
63.37998,2.1,0,1716.482,33.33628,-0.0006210378,0,0,0,0,3184.762
63.39998,2.1,0,1717.148,33.33627,-0.0006202508,0,0,0,0,3184.761
63.41998,2.1,0,1717.815,33.33625,-0.0006194639,0,0,0,0,3184.76
63.43998,2.1,0,1718.482,33.33624,-0.0006186769,0,0,0,0,3184.759
63.45998,2.1,0,1719.149,33.33623,-0.00061789,0,0,0,0,3184.758
63.47998,2.1,0,1719.815,33.33622,-0.0006171031,0,0,0,0,3184.757
63.49998,2.1,0,1720.482,33.33621,-0.0006163161,0,0,0,0,3184.756
63.51998,2.1,0,1721.149,33.3362,-0.0006155291,0,0,0,0,3184.755
63.53998,2.1,0,1721.816,33.33619,-0.0006147422,0,0,0,0,3184.754
63.55998,2.1,0,1722.482,33.33617,-0.0006139553,0,0,0,0,3184.753
63.57998,2.1,0,1723.149,33.33616,-0.0006131683,0,0,0,0,3184.752
63.59998,2.1,0,1723.816,33.33615,-0.0006123814,0,0,0,0,3184.751
63.61998,2.1,0,1724.483,33.33614,-0.0006115944,0,0,0,0,3184.75
63.63998,2.1,0,1725.149,33.33613,-0.0006108074,0,0,0,0,3184.749
63.65998,2.1,0,1725.816,33.33612,-0.0006100205,0,0,0,0,3184.748
63.67998,2.1,0,1726.483,33.33611,-0.0006092336,0,0,0,0,3184.747
63.69998,2.1,0,1727.15,33.33609,-0.0006084466,0,0,0,0,3184.746
63.71998,2.1,0,1727.816,33.33608,-0.0006076597,0,0,0,0,3184.745
63.73998,2.1,0,1728.483,33.33607,-0.0006068727,0,0,0,0,3184.743
63.75998,2.1,0,1729.15,33.33606,-0.0006060858,0,0,0,0,3184.742
63.77998,2.1,0,1729.817,33.33605,-0.0006052988,0,0,0,0,3184.741
63.79998,2.1,0,1730.483,33.33604,-0.0006045119,0,0,0,0,3184.74
63.81998,2.1,0,1731.15,33.33603,-0.0006037249,0,0,0,0,3184.739
63.83998,2.1,0,1731.817,33.33601,-0.000602938,0,0,0,0,3184.738
63.85998,2.1,0,1732.484,33.336,-0.000602151,0,0,0,0,3184.737
63.87998,2.1,0,1733.15,33.33599,-0.0006013641,0,0,0,0,3184.736
63.89998,2.1,0,1733.817,33.33598,-0.0006005772,0,0,0,0,3184.735
63.91998,2.1,0,1734.484,33.33597,-0.0005997902,0,0,0,0,3184.734
63.93998,2.1,0,1735.151,33.33596,-0.0005990032,0,0,0,0,3184.733
63.95998,2.1,0,1735.817,33.33595,-0.0005982163,0,0,0,0,3184.732
63.97998,2.1,0,1736.484,33.33593,-0.0005974293,0,0,0,0,3184.731
63.99998,2.1,0,1737.151,33.33592,-0.0005966424,0,0,0,0,3184.73
64.01997,2.1,0,1737.818,33.33591,-0.0005958555,0,0,0,0,3184.729
64.03998,2.1,0,1738.484,33.3359,-0.0005950685,0,0,0,0,3184.728
64.05997,2.1,0,1739.151,33.33589,-0.0005942815,0,0,0,0,3184.727
64.07998,2.1,0,1739.818,33.33588,-0.0005934946,0,0,0,0,3184.726
64.09998,2.1,0,1740.485,33.33587,-0.0005927077,0,0,0,0,3184.725
64.11998,2.1,0,1741.151,33.33585,-0.0005919207,0,0,0,0,3184.724
64.13998,2.1,0,1741.818,33.33584,-0.0005911338,0,0,0,0,3184.722
64.15998,2.1,0,1742.485,33.33583,-0.0005903468,0,0,0,0,3184.721
64.17998,2.1,0,1743.152,33.33582,-0.0005895598,0,0,0,0,3184.72
64.19997,2.1,0,1743.818,33.33581,-0.0005887729,0,0,0,0,3184.719
64.21998,2.1,0,1744.485,33.3358,-0.000587986,0,0,0,0,3184.718
64.23997,2.1,0,1745.152,33.33578,-0.000587199,0,0,0,0,3184.717
64.25998,2.1,0,1745.819,33.33577,-0.0005864121,0,0,0,0,3184.716
64.27998,2.1,0,1746.485,33.33576,-0.0005856251,0,0,0,0,3184.715
64.29998,2.1,0,1747.152,33.33575,-0.0005848382,0,0,0,0,3184.714
64.31998,2.1,0,1747.819,33.33574,-0.0005840512,0,0,0,0,3184.713
64.33997,2.1,0,1748.486,33.33573,-0.0005832643,0,0,0,0,3184.712
64.35998,2.1,0,1749.152,33.33572,-0.0005824773,0,0,0,0,3184.711
64.37997,2.1,0,1749.819,33.3357,-0.0005816904,0,0,0,0,3184.71
64.39998,2.1,0,1750.486,33.33569,-0.0005809034,0,0,0,0,3184.709
64.41998,2.1,0,1751.153,33.33568,-0.0005801165,0,0,0,0,3184.708
64.43998,2.1,0,1751.819,33.33567,-0.0005793296,0,0,0,0,3184.707
64.45998,2.1,0,1752.486,33.33566,-0.0005785426,0,0,0,0,3184.706
64.47998,2.1,0,1753.153,33.33565,-0.0005777556,0,0,0,0,3184.705
64.49998,2.1,0,1753.82,33.33564,-0.0005769687,0,0,0,0,3184.704
64.51997,2.1,0,1754.486,33.33562,-0.0005761817,0,0,0,0,3184.702
64.53998,2.1,0,1755.153,33.33561,-0.0005753948,0,0,0,0,3184.701
64.55997,2.1,0,1755.82,33.3356,-0.0005746079,0,0,0,0,3184.7
64.57998,2.1,0,1756.487,33.33559,-0.0005738209,0,0,0,0,3184.699
64.59998,2.1,0,1757.153,33.33558,-0.0005730339,0,0,0,0,3184.698
64.61998,2.1,0,1757.82,33.33557,-0.000572247,0,0,0,0,3184.697
64.63998,2.1,0,1758.487,33.33556,-0.0005714601,0,0,0,0,3184.696
64.65998,2.1,0,1759.154,33.33554,-0.0005706731,0,0,0,0,3184.695
64.67998,2.1,0,1759.82,33.33553,-0.0005698862,0,0,0,0,3184.694
64.69997,2.1,0,1760.487,33.33552,-0.0005690992,0,0,0,0,3184.693
64.71998,2.1,0,1761.154,33.33551,-0.0005683122,0,0,0,0,3184.692
64.73997,2.1,0,1761.821,33.3355,-0.0005675253,0,0,0,0,3184.691
64.75998,2.1,0,1762.487,33.33549,-0.0005667384,0,0,0,0,3184.69
64.77998,2.1,0,1763.154,33.33548,-0.0005659514,0,0,0,0,3184.689
64.79998,2.1,0,1763.821,33.33546,-0.0005651645,0,0,0,0,3184.688
64.81998,2.1,0,1764.488,33.33545,-0.0005643775,0,0,0,0,3184.687
64.83997,2.1,0,1765.154,33.33544,-0.0005635906,0,0,0,0,3184.686
64.85998,2.1,0,1765.821,33.33543,-0.0005628036,0,0,0,0,3184.685
64.87997,2.1,0,1766.488,33.33542,-0.0005620167,0,0,0,0,3184.684
64.89998,2.1,0,1767.155,33.33541,-0.0005612297,0,0,0,0,3184.683
64.91998,2.1,0,1767.821,33.3354,-0.0005604428,0,0,0,0,3184.681
64.93998,2.1,0,1768.488,33.33538,-0.0005596558,0,0,0,0,3184.68
64.95998,2.1,0,1769.155,33.33537,-0.0005588689,0,0,0,0,3184.679
64.97998,2.1,0,1769.822,33.33536,-0.000558082,0,0,0,0,3184.678
64.99998,2.1,0,1770.488,33.33535,-0.000557295,0,0,0,0,3184.677
65.01997,2.1,0,1771.155,33.33534,-0.000556508,0,0,0,0,3184.676
65.03998,2.1,0,1771.822,33.33533,-0.0005557211,0,0,0,0,3184.675
65.05997,2.1,0,1772.489,33.33532,-0.0005549341,0,0,0,0,3184.674
65.07998,2.1,0,1773.155,33.3353,-0.0005541472,0,0,0,0,3184.673
65.09998,2.1,0,1773.822,33.33529,-0.0005533603,0,0,0,0,3184.672
65.11998,2.1,0,1774.489,33.33528,-0.0005525733,0,0,0,0,3184.671
65.13998,2.1,0,1775.156,33.33527,-0.0005517863,0,0,0,0,3184.67
65.15997,2.1,0,1775.822,33.33526,-0.0005509994,0,0,0,0,3184.669
65.17998,2.1,0,1776.489,33.33525,-0.0005502125,0,0,0,0,3184.668
65.19997,2.1,0,1777.156,33.33524,-0.0005494255,0,0,0,0,3184.667
65.21998,2.1,0,1777.823,33.33522,-0.0005486386,0,0,0,0,3184.666
65.23997,2.1,0,1778.489,33.33521,-0.0005478516,0,0,0,0,3184.665
65.25998,2.1,0,1779.156,33.3352,-0.0005470646,0,0,0,0,3184.664
65.27998,2.1,0,1779.823,33.33519,-0.0005462777,0,0,0,0,3184.663
65.29998,2.1,0,1780.49,33.33518,-0.0005454908,0,0,0,0,3184.662
65.31998,2.1,0,1781.156,33.33517,-0.0005447038,0,0,0,0,3184.66
65.33997,2.1,0,1781.823,33.33516,-0.0005439169,0,0,0,0,3184.659
65.35998,2.1,0,1782.49,33.33514,-0.0005431299,0,0,0,0,3184.658
65.37997,2.1,0,1783.156,33.33513,-0.000542343,0,0,0,0,3184.657
65.39998,2.1,0,1783.823,33.33512,-0.000541556,0,0,0,0,3184.656
65.41998,2.1,0,1784.49,33.33511,-0.0005407691,0,0,0,0,3184.655
65.43998,2.1,0,1785.157,33.3351,-0.0005399821,0,0,0,0,3184.654
65.45998,2.1,0,1785.823,33.33509,-0.0005391952,0,0,0,0,3184.653
65.47998,2.1,0,1786.49,33.33508,-0.0005384082,0,0,0,0,3184.652
65.49998,2.1,0,1787.157,33.33506,-0.0005376213,0,0,0,0,3184.651
65.51997,2.1,0,1787.824,33.33505,-0.0005368344,0,0,0,0,3184.65
65.53998,2.1,0,1788.49,33.33504,-0.0005360474,0,0,0,0,3184.649
65.55997,2.1,0,1789.157,33.33503,-0.0005352604,0,0,0,0,3184.648
65.57998,2.1,0,1789.824,33.33502,-0.0005344735,0,0,0,0,3184.647
65.59998,2.1,0,1790.491,33.33501,-0.0005336865,0,0,0,0,3184.646
65.61998,2.1,0,1791.157,33.335,-0.0005328996,0,0,0,0,3184.645
65.63998,2.1,0,1791.824,33.33498,-0.0005321127,0,0,0,0,3184.644
65.65997,2.1,0,1792.491,33.33497,-0.0005313257,0,0,0,0,3184.643
65.67998,2.1,0,1793.158,33.33496,-0.0005305387,0,0,0,0,3184.642
65.69997,2.1,0,1793.824,33.33495,-0.0005297518,0,0,0,0,3184.641
65.71998,2.1,0,1794.491,33.33494,-0.0005289649,0,0,0,0,3184.639
65.73997,2.1,0,1795.158,33.33493,-0.0005281779,0,0,0,0,3184.638
65.75998,2.1,0,1795.825,33.33492,-0.000527391,0,0,0,0,3184.637
65.77998,2.1,0,1796.491,33.3349,-0.000526604,0,0,0,0,3184.636
65.79998,2.1,0,1797.158,33.33489,-0.000525817,0,0,0,0,3184.635
65.81998,2.1,0,1797.825,33.33488,-0.0005250301,0,0,0,0,3184.634
65.83997,2.1,0,1798.492,33.33487,-0.0005242432,0,0,0,0,3184.633
65.85998,2.1,0,1799.158,33.33486,-0.0005234562,0,0,0,0,3184.632
65.87997,2.1,0,1799.825,33.33485,-0.0005226693,0,0,0,0,3184.631
65.89998,2.1,0,1800.492,33.33484,-0.0005218823,0,0,0,0,3184.63
65.91998,2.1,0,1801.159,33.33482,-0.0005210954,0,0,0,0,3184.629
65.93998,2.1,0,1801.825,33.33481,-0.0005203084,0,0,0,0,3184.628
65.95998,2.1,0,1802.492,33.3348,-0.0005195215,0,0,0,0,3184.627
65.97997,2.1,0,1803.159,33.33479,-0.0005187345,0,0,0,0,3184.626
65.99998,2.1,0,1803.826,33.33478,-0.0005179476,0,0,0,0,3184.625
66.01997,2.1,0,1804.492,33.33477,-0.0005171606,0,0,0,0,3184.624
66.03998,2.1,0,1805.159,33.33475,-0.0005163737,0,0,0,0,3184.623
66.05997,2.1,0,1805.826,33.33474,-0.0005155868,0,0,0,0,3184.622
66.07998,2.1,0,1806.493,33.33473,-0.0005147998,0,0,0,0,3184.621
66.09998,2.1,0,1807.159,33.33472,-0.0005140128,0,0,0,0,3184.62
66.11998,2.1,0,1807.826,33.33471,-0.0005132259,0,0,0,0,3184.618
66.13998,2.1,0,1808.493,33.3347,-0.0005124389,0,0,0,0,3184.617
66.15997,2.1,0,1809.16,33.33469,-0.000511652,0,0,0,0,3184.616
66.17998,2.1,0,1809.826,33.33467,-0.0005108651,0,0,0,0,3184.615
66.19997,2.1,0,1810.493,33.33466,-0.0005100781,0,0,0,0,3184.614
66.21998,2.1,0,1811.16,33.33465,-0.0005092911,0,0,0,0,3184.613
66.23997,2.1,0,1811.827,33.33464,-0.0005085042,0,0,0,0,3184.612
66.25998,2.1,0,1812.493,33.33463,-0.0005077173,0,0,0,0,3184.611
66.27998,2.1,0,1813.16,33.33462,-0.0005069303,0,0,0,0,3184.61
66.29998,2.1,0,1813.827,33.33461,-0.0005061434,0,0,0,0,3184.609
66.31998,2.1,0,1814.494,33.33459,-0.0005053564,0,0,0,0,3184.608
66.33997,2.1,0,1815.16,33.33458,-0.0005045694,0,0,0,0,3184.607
66.35998,2.1,0,1815.827,33.33457,-0.0005037825,0,0,0,0,3184.606
66.37997,2.1,0,1816.494,33.33456,-0.0005029956,0,0,0,0,3184.605
66.39998,2.1,0,1817.161,33.33455,-0.0005022086,0,0,0,0,3184.604
66.41998,2.1,0,1817.827,33.33454,-0.0005014217,0,0,0,0,3184.603
66.43998,2.1,0,1818.494,33.33453,-0.0005006347,0,0,0,0,3184.602
66.45998,2.1,0,1819.161,33.33451,-0.0004998478,0,0,0,0,3184.601
66.47997,2.1,0,1819.828,33.3345,-0.0004990608,0,0,0,0,3184.6
66.49998,2.1,0,1820.494,33.33449,-0.0004982739,0,0,0,0,3184.599
66.51997,2.1,0,1821.161,33.33448,-0.0004974869,0,0,0,0,3184.597
66.53998,2.1,0,1821.828,33.33447,-0.0004967,0,0,0,0,3184.596
66.55997,2.1,0,1822.495,33.33446,-0.000495913,0,0,0,0,3184.595
66.57998,2.1,0,1823.161,33.33445,-0.0004951261,0,0,0,0,3184.594
66.59998,2.1,0,1823.828,33.33443,-0.0004943392,0,0,0,0,3184.593
66.61998,2.1,0,1824.495,33.33442,-0.0004935522,0,0,0,0,3184.592
66.63998,2.1,0,1825.162,33.33441,-0.0004927652,0,0,0,0,3184.591
66.65997,2.1,0,1825.828,33.3344,-0.0004919783,0,0,0,0,3184.59
66.67998,2.1,0,1826.495,33.33439,-0.0004911913,0,0,0,0,3184.589
66.69997,2.1,0,1827.162,33.33438,-0.0004904044,0,0,0,0,3184.588
66.71998,2.1,0,1827.829,33.33437,-0.0004896175,0,0,0,0,3184.587
66.73997,2.1,0,1828.495,33.33435,-0.0004888305,0,0,0,0,3184.586
66.75998,2.1,0,1829.162,33.33434,-0.00048194,0,0,0,0,3184.585
66.77998,2.1,0,1829.828,33.33434,-0.0004759285,0,0,0,0,3184.584
66.79997,2.1,0,1830.495,33.33433,-0.000472125,0,0,0,0,3184.583
66.81998,2.1,0,1831.162,33.33432,-0.0004680035,0,0,0,0,3184.582
66.83997,2.1,0,1831.828,33.33431,-0.0004639278,0,0,0,0,3184.581
66.85998,2.1,0,1832.495,33.3343,-0.0004598454,0,0,0,0,3184.581
66.87997,2.1,0,1833.162,33.3343,-0.0004557642,0,0,0,0,3184.58
66.89998,2.1,0,1833.828,33.33429,-0.0004516827,0,0,0,0,3184.579
66.91998,2.1,0,1834.495,33.33428,-0.0004476012,0,0,0,0,3184.578
66.93998,2.1,0,1835.161,33.33427,-0.0004435197,0,0,0,0,3184.578
66.95998,2.1,0,1835.828,33.33427,-0.0004394383,0,0,0,0,3184.577
66.97997,2.1,0,1836.495,33.33426,-0.0004353568,0,0,0,0,3184.576
66.99998,2.1,0,1837.161,33.33425,-0.0004312754,0,0,0,0,3184.575
67.01997,2.1,0,1837.828,33.33424,-0.0004271939,0,0,0,0,3184.575
67.03998,2.1,0,1838.495,33.33424,-0.0004231124,0,0,0,0,3184.574
67.05997,2.1,0,1839.161,33.33423,-0.000419031,0,0,0,0,3184.573
67.07998,2.1,0,1839.828,33.33422,-0.0004149496,0,0,0,0,3184.573
67.09998,2.1,0,1840.495,33.33421,-0.0004108681,0,0,0,0,3184.572
67.11998,2.1,0,1841.161,33.33421,-0.0004067866,0,0,0,0,3184.571
67.13998,2.1,0,1841.828,33.3342,-0.0004027052,0,0,0,0,3184.571
67.15997,2.1,0,1842.494,33.33419,-0.0003986237,0,0,0,0,3184.57
67.17998,2.1,0,1843.161,33.33418,-0.0003945422,0,0,0,0,3184.569
67.19997,2.1,0,1843.828,33.33418,-0.0003904607,0,0,0,0,3184.568
67.21998,2.1,0,1844.494,33.33417,-0.0003863793,0,0,0,0,3184.568
67.23997,2.1,0,1845.161,33.33416,-0.0003822978,0,0,0,0,3184.567
67.25998,2.1,0,1845.828,33.33415,-0.0003782164,0,0,0,0,3184.566
67.27998,2.1,0,1846.494,33.33414,-0.000374135,0,0,0,0,3184.566
67.29997,2.1,0,1847.161,33.33414,-0.0003700535,0,0,0,0,3184.565
67.31998,2.1,0,1847.827,33.33413,-0.000365972,0,0,0,0,3184.564
67.33997,2.1,0,1848.494,33.33412,-0.0003618906,0,0,0,0,3184.563
67.35998,2.1,0,1849.161,33.33411,-0.0003578091,0,0,0,0,3184.563
67.37997,2.1,0,1849.827,33.33411,-0.0003537276,0,0,0,0,3184.562
67.39998,2.1,0,1850.494,33.3341,-0.0003496462,0,0,0,0,3184.561
67.41998,2.1,0,1851.161,33.33409,-0.0003455647,0,0,0,0,3184.561
67.43998,2.1,0,1851.827,33.33408,-0.0003414832,0,0,0,0,3184.56
67.45998,2.1,0,1852.494,33.33408,-0.0003374018,0,0,0,0,3184.559
67.47997,2.1,0,1853.16,33.33407,-0.0003333203,0,0,0,0,3184.559
67.49998,2.1,0,1853.827,33.33406,-0.0003292389,0,0,0,0,3184.558
67.51997,2.1,0,1854.494,33.33405,-0.0003251574,0,0,0,0,3184.557
67.53998,2.1,0,1855.16,33.33405,-0.000321076,0,0,0,0,3184.556
67.55997,2.1,0,1855.827,33.33404,-0.0003169945,0,0,0,0,3184.556
67.57998,2.1,0,1856.494,33.33403,-0.000312913,0,0,0,0,3184.555
67.59998,2.1,0,1857.16,33.33402,-0.0003088316,0,0,0,0,3184.554
67.61997,2.1,0,1857.827,33.33401,-0.0003047501,0,0,0,0,3184.554
67.63998,2.1,0,1858.493,33.33401,-0.0003006687,0,0,0,0,3184.553
67.65997,2.1,0,1859.16,33.334,-0.0002965872,0,0,0,0,3184.552
67.67998,2.1,0,1859.827,33.33399,-0.0002925057,0,0,0,0,3184.552
67.69997,2.1,0,1860.493,33.33398,-0.0002884243,0,0,0,0,3184.551
67.71998,2.1,0,1861.16,33.33398,-0.0002843428,0,0,0,0,3184.55
67.73997,2.1,0,1861.827,33.33398,-0.000282596,0,0,0,0,3184.55
67.75998,2.1,0,1862.493,33.33397,-0.0002805129,0,0,0,0,3184.549
67.77998,2.1,0,1863.16,33.33397,-0.0002784783,0,0,0,0,3184.549
67.79997,2.1,0,1863.826,33.33397,-0.0002764367,0,0,0,0,3184.548
67.81998,2.1,0,1864.493,33.33396,-0.0002743961,0,0,0,0,3184.548
67.83997,2.1,0,1865.16,33.33396,-0.0002723553,0,0,0,0,3184.548
67.85998,2.1,0,1865.826,33.33395,-0.0002703146,0,0,0,0,3184.547
67.87997,2.1,0,1866.493,33.33395,-0.0002682739,0,0,0,0,3184.547
67.89998,2.1,0,1867.16,33.33395,-0.0002662331,0,0,0,0,3184.547
67.91998,2.1,0,1867.826,33.33394,-0.0002641924,0,0,0,0,3184.546
67.93998,2.1,0,1868.493,33.33394,-0.0002621517,0,0,0,0,3184.546
67.95998,2.1,0,1869.159,33.33393,-0.0002601109,0,0,0,0,3184.545
67.97997,2.1,0,1869.826,33.33393,-0.0002580702,0,0,0,0,3184.545
67.99998,2.1,0,1870.493,33.33393,-0.0002560295,0,0,0,0,3184.545
68.01997,2.1,0,1871.159,33.33392,-0.0002539888,0,0,0,0,3184.544
68.03998,2.1,0,1871.826,33.33392,-0.000251948,0,0,0,0,3184.544
68.05997,2.1,0,1872.493,33.33392,-0.0002499073,0,0,0,0,3184.544
68.07998,2.1,0,1873.159,33.33391,-0.0002478666,0,0,0,0,3184.543
68.09998,2.1,0,1873.826,33.33391,-0.0002458258,0,0,0,0,3184.543
68.11997,2.1,0,1874.492,33.3339,-0.0002437851,0,0,0,0,3184.543
68.13998,2.1,0,1875.159,33.3339,-0.0002417444,0,0,0,0,3184.542
68.15997,2.1,0,1875.826,33.3339,-0.0002397036,0,0,0,0,3184.542
68.17998,2.1,0,1876.492,33.33389,-0.0002376629,0,0,0,0,3184.542
68.19997,2.1,0,1877.159,33.33389,-0.0002356222,0,0,0,0,3184.541
68.21998,2.1,0,1877.826,33.33389,-0.0002335814,0,0,0,0,3184.541
68.23997,2.1,0,1878.492,33.33388,-0.0002315407,0,0,0,0,3184.541
68.25998,2.1,0,1879.159,33.33388,-0.0002295,0,0,0,0,3184.54
68.27998,2.1,0,1879.825,33.33387,-0.0002274593,0,0,0,0,3184.54
68.29997,2.1,0,1880.492,33.33387,-0.0002254185,0,0,0,0,3184.54
68.31998,2.1,0,1881.159,33.33387,-0.0002233778,0,0,0,0,3184.539
68.33997,2.1,0,1881.825,33.33386,-0.0002213371,0,0,0,0,3184.539
68.35998,2.1,0,1882.492,33.33386,-0.0002192963,0,0,0,0,3184.539
68.37997,2.1,0,1883.159,33.33385,-0.0002172556,0,0,0,0,3184.538
68.39998,2.1,0,1883.825,33.33385,-0.0002152149,0,0,0,0,3184.538
68.41998,2.1,0,1884.492,33.33385,-0.0002131742,0,0,0,0,3184.537
68.43998,2.1,0,1885.158,33.33384,-0.0002111334,0,0,0,0,3184.537
68.45998,2.1,0,1885.825,33.33384,-0.0002090927,0,0,0,0,3184.537
68.47997,2.1,0,1886.492,33.33384,-0.000207052,0,0,0,0,3184.536
68.49998,2.1,0,1887.158,33.33383,-0.0002050113,0,0,0,0,3184.536
68.51997,2.1,0,1887.825,33.33383,-0.0002029705,0,0,0,0,3184.536
68.53998,2.1,0,1888.492,33.33382,-0.0002009298,0,0,0,0,3184.535
68.55997,2.1,0,1889.158,33.33382,-0.0001988891,0,0,0,0,3184.535
68.57998,2.1,0,1889.825,33.33382,-0.0001968483,0,0,0,0,3184.535
68.59998,2.1,0,1890.491,33.33381,-0.0001948076,0,0,0,0,3184.534
68.61997,2.1,0,1891.158,33.33381,-0.0001927669,0,0,0,0,3184.534
68.63998,2.1,0,1891.825,33.33381,-0.0001907261,0,0,0,0,3184.534
68.65997,2.1,0,1892.491,33.3338,-0.0001886854,0,0,0,0,3184.533
68.67998,2.1,0,1893.158,33.3338,-0.0001866447,0,0,0,0,3184.533
68.69997,2.1,0,1893.825,33.33379,-0.0001846039,0,0,0,0,3184.532
68.71998,2.1,0,1894.491,33.33379,-0.0001825632,0,0,0,0,3184.532
68.73997,2.1,0,1895.158,33.33379,-0.0001805225,0,0,0,0,3184.532
68.75998,2.1,0,1895.824,33.33378,-0.0001784818,0,0,0,0,3184.531
68.77998,2.1,0,1896.491,33.33378,-0.000176441,0,0,0,0,3184.531
68.79997,2.1,0,1897.158,33.33377,-0.0001744003,0,0,0,0,3184.531
68.81998,2.1,0,1897.824,33.33377,-0.0001723596,0,0,0,0,3184.531
68.83997,2.1,0,1898.491,33.33377,-0.0001703188,0,0,0,0,3184.53
68.85998,2.1,0,1899.158,33.33376,-0.0001682781,0,0,0,0,3184.53
68.87997,2.1,0,1899.824,33.33376,-0.0001662374,0,0,0,0,3184.529
68.89998,2.1,0,1900.491,33.33376,-0.0001641967,0,0,0,0,3184.529
68.91998,2.1,0,1901.157,33.33375,-0.0001621559,0,0,0,0,3184.529
68.93997,2.1,0,1901.824,33.33375,-0.0001601152,0,0,0,0,3184.528
68.95998,2.1,0,1902.491,33.33374,-0.0001580745,0,0,0,0,3184.528
68.97997,2.1,0,1903.157,33.33374,-0.0001560337,0,0,0,0,3184.528
68.99998,2.1,0,1903.824,33.33374,-0.0001532606,0,0,0,0,3184.527
69.01997,2.1,0,1904.491,33.33373,-0.0001506984,0,0,0,0,3184.527
69.03998,2.1,0,1905.157,33.33373,-0.0001480906,0,0,0,0,3184.527
69.05997,2.1,0,1905.824,33.33372,-0.0001454916,0,0,0,0,3184.526
69.07998,2.1,0,1906.49,33.33372,-0.0001428909,0,0,0,0,3184.526
69.09998,2.1,0,1907.157,33.33372,-0.0001402906,0,0,0,0,3184.526
69.11997,2.1,0,1907.824,33.33371,-0.0001376902,0,0,0,0,3184.525
69.13998,2.1,0,1908.49,33.33371,-0.0001350899,0,0,0,0,3184.525
69.15997,2.1,0,1909.157,33.33371,-0.0001324895,0,0,0,0,3184.524
69.17998,2.1,0,1909.824,33.3337,-0.0001298891,0,0,0,0,3184.524
69.19997,2.1,0,1910.49,33.3337,-0.0001272888,0,0,0,0,3184.524
69.21998,2.1,0,1911.157,33.33369,-0.0001246884,0,0,0,0,3184.523
69.23997,2.1,0,1911.823,33.33369,-0.000122088,0,0,0,0,3184.523
69.25998,2.1,0,1912.49,33.33369,-0.0001194877,0,0,0,0,3184.523
69.27998,2.1,0,1913.157,33.33368,-0.0001168873,0,0,0,0,3184.522
69.29997,2.1,0,1913.823,33.33368,-0.0001142869,0,0,0,0,3184.522
69.31998,2.1,0,1914.49,33.33368,-0.0001116865,0,0,0,0,3184.522
69.33997,2.1,0,1915.157,33.33367,-0.0001090862,0,0,0,0,3184.521
69.35998,2.1,0,1915.823,33.33367,-0.0001064858,0,0,0,0,3184.521
69.37997,2.1,0,1916.49,33.33366,-0.0001038854,0,0,0,0,3184.521
69.39998,2.1,0,1917.156,33.33366,-0.0001012851,0,0,0,0,3184.52
69.41998,2.1,0,1917.823,33.33366,-9.868468E-05,0,0,0,0,3184.52
69.43997,2.1,0,1918.49,33.33365,-9.608432E-05,0,0,0,0,3184.52
69.45998,2.1,0,1919.156,33.33365,-9.348395E-05,0,0,0,0,3184.519
69.47997,2.1,0,1919.823,33.33365,-9.321817E-05,0,0,0,0,3184.519
69.49998,2.1,0,1920.49,33.33365,-9.261622E-05,0,0,0,0,3184.519
69.51997,2.1,0,1921.156,33.33365,-9.206267E-05,0,0,0,0,3184.519
69.53998,2.1,0,1921.823,33.33365,-9.150215E-05,0,0,0,0,3184.519
69.55997,2.1,0,1922.49,33.33365,-9.094264E-05,0,0,0,0,3184.519
69.57998,2.1,0,1923.156,33.33365,-9.038298E-05,0,0,0,0,3184.519
69.59998,2.1,0,1923.823,33.33365,-8.982334E-05,0,0,0,0,3184.519
69.61997,2.1,0,1924.489,33.33365,-8.92637E-05,0,0,0,0,3184.519
69.63998,2.1,0,1925.156,33.33365,-8.870406E-05,0,0,0,0,3184.519
69.65997,2.1,0,1925.823,33.33365,-8.814441E-05,0,0,0,0,3184.519
69.67998,2.1,0,1926.489,33.33365,-8.758478E-05,0,0,0,0,3184.519
69.69997,2.1,0,1927.156,33.33365,-8.507201E-05,0,0,0,0,3184.519
69.71998,2.1,0,1927.823,33.33365,-8.312064E-05,0,0,0,0,3184.519
69.73997,2.1,0,1928.489,33.33365,-8.10481E-05,0,0,0,0,3184.519
69.75997,2.1,0,1929.156,33.33365,-7.89988E-05,0,0,0,0,3184.519
69.77998,2.1,0,1929.822,33.33365,-7.694533E-05,0,0,0,0,3184.519
69.79997,2.1,0,1930.489,33.33365,-7.489258E-05,0,0,0,0,3184.519
69.81998,2.1,0,1931.156,33.33365,-7.283971E-05,0,0,0,0,3184.519
69.83997,2.1,0,1931.822,33.33365,-7.078686E-05,0,0,0,0,3184.519
