Time,actual_gap1,actual_gap2,des_gap1,des_gap2,TargetVelocity
0,10,10,6.177,6.177,33.33333
0.01999999,10.00092,10,6.184646,6.184646,33.33333
0.03999998,10.00265,10.00012,6.204123,6.192093,33.33333
0.05999998,10.0052,10.00034,6.222686,6.201097,33.33333
0.07999997,10.00854,10.00066,6.242182,6.209848,33.33333
0.09999996,10.01269,10.0011,6.262336,6.21884,33.33333
0.12,10.01763,10.00165,6.283181,6.227973,33.33333
0.14,10.02335,10.00232,6.304705,6.237272,33.33333
0.1599999,10.02985,10.00312,6.326903,6.246737,33.33333
0.1799999,10.03713,10.00406,6.349769,6.256371,33.33333
0.1999999,10.04516,10.00513,6.373298,6.26618,33.33333
0.2199999,10.05396,10.00634,6.397483,6.276165,33.33333
0.2399999,10.06351,10.0077,6.42232,6.286333,33.33333
0.2599999,10.0738,10.00921,6.447802,6.296684,33.33333
0.2799999,10.08483,10.01088,6.473923,6.307224,33.33333
0.2999999,10.09659,10.01271,6.500679,6.317955,33.33333
0.3199999,10.10908,10.0147,6.528063,6.328881,33.33333
0.3399999,10.12229,10.01686,6.556071,6.340005,33.33333
0.3599999,10.13621,10.01919,6.584697,6.35133,33.33333
0.3799999,10.15084,10.0217,6.613935,6.36286,33.33333
0.3999999,10.16617,10.0244,6.64378,6.374597,33.33333
0.4199998,10.1822,10.02727,6.674227,6.386544,33.33333
0.4399998,10.19892,10.03034,6.705271,6.398705,33.33333
0.4599998,10.21632,10.0336,6.736907,6.411081,33.33333
0.4799998,10.2344,10.03705,6.769129,6.423677,33.33333
0.4999998,10.25315,10.04071,6.801932,6.436494,33.33333
0.5199998,10.27257,10.04457,6.835311,6.449535,33.33333
0.5399998,10.29264,10.04863,6.869262,6.462803,33.33333
0.5599998,10.31338,10.05291,6.903779,6.4763,33.33333
0.5799998,10.33476,10.0574,6.938858,6.490029,33.33333
0.5999998,10.35678,10.0621,6.974493,6.503993,33.33333
0.6199998,10.37945,10.06703,7.010679,6.518192,33.33333
0.6399997,10.40274,10.07217,7.047413,6.532631,33.33333
0.6599998,10.42666,10.07755,7.084689,6.54731,33.33333
0.6799998,10.45121,10.08315,7.122502,6.562232,33.33333
0.6999997,10.47637,10.08898,7.160848,6.5774,33.33333
0.7199997,10.50214,10.09505,7.199723,6.592815,33.33333
0.7399997,10.52852,10.10136,7.23912,6.60848,33.33333
0.7599998,10.5555,10.10791,7.279038,6.624395,33.33333
0.7799997,10.58308,10.1147,7.319469,6.640564,33.33333
0.7999997,10.61124,10.12173,7.360412,6.656988,33.33333
0.8199997,10.63999,10.12901,7.401859,6.673668,33.33333
0.8399997,10.66932,10.13654,7.443808,6.690608,33.33333
0.8599997,10.69923,10.14433,7.486254,6.707807,33.33333
0.8799997,10.72971,10.15237,7.529192,6.725268,33.33333
0.8999997,10.76075,10.16066,7.572619,6.742992,33.33333
0.9199997,10.79236,10.16922,7.616531,6.760983,33.33333
0.9399996,10.82452,10.17804,7.660922,6.779238,33.33333
0.9599997,10.85723,10.18712,7.705789,6.797762,33.33333
0.9799997,10.89049,10.19646,7.751127,6.816556,33.33333
0.9999996,10.92429,10.20608,7.796934,6.83562,33.33333
1.02,10.95863,10.21596,7.843204,6.854957,33.33333
1.04,10.9935,10.22611,7.889933,6.874566,33.33333
1.06,11.0289,10.23654,7.937118,6.89445,33.33333
1.08,11.06482,10.24724,7.984754,6.91461,33.33333
1.1,11.10126,10.25822,8.032838,6.935047,33.33333
1.12,11.13821,10.26947,8.081366,6.955762,33.33333
1.14,11.17568,10.28101,8.130334,6.976756,33.33333
1.16,11.21365,10.29283,8.179738,6.99803,33.33333
1.18,11.25212,10.30493,8.229574,7.019586,33.33333
1.2,11.2911,10.31731,8.279839,7.041423,33.33333
1.22,11.33056,10.32998,8.330528,7.063543,33.33333
1.24,11.37051,10.34294,8.381639,7.085948,33.33333
1.26,11.41095,10.35618,8.433168,7.108636,33.33333
1.279999,11.45187,10.36972,8.48511,7.131611,33.33333
1.3,11.49326,10.38354,8.537463,7.154871,33.33333
1.32,11.53513,10.39766,8.590222,7.17842,33.33333
1.34,11.57746,10.41207,8.643385,7.202255,33.33333
1.36,11.62026,10.42678,8.696947,7.226379,33.33333
1.38,11.66352,10.44178,8.750906,7.250792,33.33333
1.399999,11.70724,10.45708,8.805258,7.275495,33.33333
1.419999,11.75141,10.47267,8.859999,7.300488,33.33333
1.439999,11.79602,10.48857,8.915125,7.325771,33.33333
1.459999,11.84109,10.50476,8.970634,7.351346,33.33333
1.479999,11.88659,10.52125,9.026524,7.377213,33.33333
1.5,11.93253,10.53804,9.082788,7.403372,33.33333
1.52,11.9789,10.55514,9.139426,7.429823,33.33333
1.539999,12.02571,10.57254,9.196434,7.456568,33.33333
1.559999,12.07293,10.59024,9.253807,7.483606,33.33333
1.579999,12.12059,10.60825,9.311544,7.510937,33.33333
1.599999,12.16866,10.62656,9.369641,7.538563,33.33333
1.619999,12.21714,10.64517,9.428095,7.566483,33.33333
1.639999,12.26604,10.66409,9.486902,7.594697,33.33333
1.659999,12.31534,10.68332,9.546061,7.623206,33.33333
1.679999,12.36506,10.70286,9.605566,7.65201,33.33333
1.699999,12.41517,10.7227,9.665417,7.681109,33.33333
1.719999,12.46568,10.74285,9.725609,7.710503,33.33333
1.739999,12.51658,10.76331,9.786139,7.740193,33.33333
1.759999,12.56787,10.78408,9.847006,7.770178,33.33333
1.779999,12.61955,10.80516,9.908205,7.800458,33.33333
1.799999,12.67162,10.82654,9.969734,7.831035,33.33333
1.819999,12.72407,10.84824,10.03159,7.861907,33.33333
1.839999,12.7769,10.87025,10.09377,7.893074,33.33333
1.859999,12.8301,10.89257,10.15627,7.924537,33.33333
1.879999,12.88367,10.91519,10.21909,7.956295,33.33333
1.899999,12.93761,10.93813,10.28223,7.988349,33.33333
1.919999,12.99191,10.96138,10.34568,8.020699,33.33333
1.939999,13.04658,10.98494,10.40944,8.053344,33.33333
1.959999,13.10161,11.00881,10.4735,8.086284,33.33333
1.979999,13.15699,11.033,10.53788,8.119518,33.33333
1.999999,13.21272,11.05749,10.60255,8.153049,33.33333
2.019999,13.26881,11.0823,10.66752,8.186872,33.33333
2.039999,13.32524,11.10742,10.73279,8.220991,33.33333
2.059999,13.38201,11.13285,10.79836,8.255404,33.33333
2.079999,13.43913,11.15859,10.86422,8.290112,33.33333
2.099999,13.49658,11.18464,10.93036,8.325112,33.33333
2.119999,13.55437,11.21101,10.99679,8.360407,33.33333
2.139999,13.61249,11.23768,11.06351,8.395994,33.33333
2.159999,13.67094,11.26467,11.13051,8.431874,33.33333
2.179999,13.72972,11.29196,11.19779,8.468047,33.33333
2.199999,13.78882,11.31957,11.26534,8.504512,33.33333
2.219999,13.84824,11.34749,11.33317,8.541269,33.33333
2.239999,13.90798,11.37572,11.40128,8.578317,33.33333
2.259999,13.96803,11.40426,11.46965,8.615656,33.33333
2.279999,14.0284,11.43311,11.53828,8.653286,33.33333
2.299999,14.08908,11.46227,11.60719,8.691206,33.33333
2.319999,14.15007,11.49174,11.67635,8.729416,33.33333
2.339999,14.21136,11.52152,11.74578,8.767915,33.33333
2.359999,14.27295,11.5516,11.81546,8.806703,33.33333
2.379999,14.33484,11.582,11.8854,8.845778,33.33333
2.399999,14.39703,11.61271,11.9556,8.885142,33.33333
2.419999,14.45951,11.64372,12.02604,8.924794,33.33333
2.439999,14.52229,11.67504,12.09674,8.964732,33.33333
2.459999,14.58536,11.70667,12.16768,9.004957,33.33333
2.479999,14.64871,11.7386,12.23886,9.045467,33.33333
2.499999,14.71235,11.77084,12.31029,9.086262,33.33333
2.519999,14.77626,11.80338,12.38196,9.127342,33.33333
2.539999,14.84046,11.83624,12.45386,9.168706,33.33333
2.559999,14.90494,11.86939,12.52601,9.210354,33.33333
2.579999,14.96969,11.90285,12.59838,9.252284,33.33333
2.599999,15.03471,11.93662,12.67099,9.294497,33.33333
2.619999,15.10001,11.97069,12.74383,9.33699,33.33333
2.639999,15.16557,12.00506,12.8169,9.379766,33.33333
2.659999,15.23139,12.03973,12.89019,9.422821,33.33333
2.679999,15.29748,12.07471,12.96371,9.466155,33.33333
2.699999,15.36383,12.10999,13.03745,9.509769,33.33333
2.719999,15.43044,12.14556,13.1114,9.553661,33.33333
2.739999,15.49731,12.18144,13.18558,9.597831,33.33333
2.759999,15.56443,12.21762,13.25997,9.642277,33.33333
2.779999,15.6318,12.25409,13.33458,9.687,33.33333
2.799999,15.69942,12.29087,13.4094,9.731998,33.33333
2.819999,15.76729,12.32794,13.48443,9.777271,33.33333
2.839999,15.83541,12.36531,13.55966,9.822818,33.33333
2.859999,15.90377,12.40297,13.63511,9.868637,33.33333
2.879999,15.97237,12.44093,13.71076,9.91473,33.33333
2.899999,16.04121,12.47919,13.78661,9.961094,33.33333
2.919999,16.11029,12.51774,13.86266,10.00773,33.33333
2.939999,16.1796,12.55658,13.93891,10.05464,33.33333
2.959999,16.24915,12.59571,14.01536,10.10181,33.33333
2.979999,16.31892,12.63514,14.09201,10.14925,33.33333
2.999999,16.38893,12.67486,14.16885,10.19696,33.33333
3.019999,16.45916,12.71487,14.24588,10.24494,33.33333
3.039999,16.52962,12.75517,14.3231,10.29319,33.33333
3.059999,16.6003,12.79576,14.40051,10.3417,33.33333
3.079999,16.67121,12.83663,14.47811,10.39047,33.33333
3.099999,16.74233,12.8778,14.55589,10.43951,33.33333
3.119999,16.81367,12.91925,14.63386,10.48881,33.33333
3.139999,16.88522,12.96098,14.71201,10.53837,33.33333
3.159999,16.95699,13.00301,14.79034,10.5882,33.33333
3.179999,17.02897,13.04531,14.86884,10.63828,33.33333
3.199999,17.10116,13.0879,14.94753,10.68863,33.33333
3.219999,17.17356,13.13077,15.02639,10.73923,33.33333
3.239999,17.24616,13.17393,15.10542,10.79009,33.33333
3.259999,17.31897,13.21736,15.18463,10.8412,33.33333
3.279999,17.39198,13.26107,15.26401,10.89258,33.33333
3.299999,17.4652,13.30507,15.34356,10.94421,33.33333
3.319999,17.53861,13.34934,15.42327,10.99609,33.33333
3.339999,17.61222,13.39389,15.50315,11.04822,33.33333
3.359999,17.68602,13.43871,15.5832,11.10061,33.33333
3.379999,17.76002,13.48382,15.6634,11.15325,33.33333
3.399999,17.83421,13.52919,15.74377,11.20614,33.33333
3.419999,17.90859,13.57484,15.8243,11.25928,33.33333
3.439999,17.98316,13.62076,15.90499,11.31267,33.33333
3.459999,18.05792,13.66696,15.98584,11.3663,33.33333
3.479999,18.13287,13.71343,16.06684,11.42019,33.33333
3.499999,18.20799,13.76016,16.14799,11.47432,33.33333
3.519999,18.2833,13.80717,16.2293,11.52869,33.33333
3.539999,18.35879,13.85444,16.31076,11.58331,33.33333
3.559999,18.43446,13.90199,16.39237,11.63817,33.33333
3.579999,18.5103,13.94979,16.47412,11.69327,33.33333
3.599999,18.58632,13.99787,16.55603,11.74862,33.33333
3.619999,18.66252,14.04621,16.63808,11.8042,33.33333
3.639999,18.73889,14.09481,16.72027,11.86003,33.33333
3.659999,18.81543,14.14368,16.80261,11.91609,33.33333
3.679999,18.89214,14.1928,16.88509,11.97239,33.33333
3.699999,18.96901,14.24219,16.96771,12.02893,33.33333
3.719999,19.04606,14.29184,17.05047,12.0857,33.33333
3.739999,19.12326,14.34175,17.13336,12.14271,33.33333
3.759999,19.20064,14.39191,17.21639,12.19995,33.33333
3.779999,19.27817,14.44233,17.29956,12.25743,33.33333
3.799999,19.35586,14.49301,17.38286,12.31513,33.33333
3.819999,19.43372,14.54394,17.46629,12.37307,33.33333
3.839999,19.51173,14.59513,17.54986,12.43123,33.33333
3.859999,19.5899,14.64657,17.63355,12.48963,33.33333
3.879999,19.66822,14.69826,17.71737,12.54825,33.33333
3.899999,19.74669,14.7502,17.80132,12.6071,33.33333
3.919999,19.82532,14.80239,17.8854,12.66617,33.33333
3.939999,19.9041,14.85483,17.9696,12.72547,33.33333
3.959999,19.98303,14.90752,18.05392,12.78499,33.33333
3.979999,20.0621,14.96046,18.13837,12.84474,33.33333
3.999999,20.14132,15.01364,18.22293,12.90471,33.33333
4.019999,20.22069,15.06707,18.30762,12.9649,33.33333
4.039999,20.3002,15.12074,18.39243,13.02531,33.33333
4.059999,20.37985,15.17465,18.47735,13.08594,33.33333
4.079998,20.45965,15.22881,18.56239,13.14678,33.33333
4.099998,20.53958,15.28321,18.64755,13.20784,33.33333
4.119998,20.61965,15.33784,18.73282,13.26912,33.33333
4.139998,20.69986,15.39272,18.8182,13.33062,33.33333
4.159998,20.7802,15.44783,18.90369,13.39232,33.33333
4.179998,20.86068,15.50319,18.9893,13.45425,33.33333
4.199998,20.9413,15.55877,19.07501,13.51638,33.33333
4.219998,21.02204,15.61459,19.16084,13.57872,33.33333
4.239998,21.10292,15.67065,19.24677,13.64128,33.33333
4.259998,21.18392,15.72693,19.3328,13.70404,33.33333
4.279998,21.26505,15.78345,19.41894,13.76701,33.33333
4.299998,21.34631,15.8402,19.50519,13.83019,33.33333
4.319998,21.4277,15.89718,19.59153,13.89357,33.33333
4.339998,21.50921,15.95439,19.67798,13.95716,33.33333
4.359998,21.59085,16.01183,19.76453,14.02095,33.33333
4.379999,21.6726,16.06949,19.85118,14.08495,33.33333
4.399999,21.75448,16.12738,19.93793,14.14915,33.33333
4.419999,21.83648,16.18549,20.02477,14.21354,33.33333
4.439999,21.91859,16.24383,20.11172,14.27814,33.33333
4.459999,22.00082,16.30238,20.19875,14.34294,33.33333
4.479999,22.08317,16.36116,20.28588,14.40794,33.33333
4.499999,22.16564,16.42016,20.37311,14.47313,33.33333
4.519999,22.24822,16.47938,20.46043,14.53852,33.33333
4.539999,22.33091,16.53882,20.54784,14.6041,33.33333
4.559999,22.41371,16.59847,20.63533,14.66988,33.33333
4.579998,22.49663,16.65834,20.72292,14.73585,33.33333
4.599998,22.57965,16.71843,20.8106,14.80202,33.33333
4.619998,22.66278,16.77873,20.89836,14.86837,33.33333
4.639998,22.74602,16.83924,20.98621,14.93492,33.33333
4.659998,22.82936,16.89997,21.07414,15.00165,33.33333
4.679998,22.91282,16.9609,21.16216,15.06857,33.33333
4.699998,22.99637,17.02205,21.25027,15.13568,33.33333
4.719998,23.08002,17.0834,21.33845,15.20297,33.33333
4.739998,23.16378,17.14497,21.42672,15.27045,33.33333
4.759998,23.24764,17.20674,21.51506,15.33812,33.33333
4.779998,23.3316,17.26871,21.60349,15.40596,33.33333
4.799998,23.41566,17.33089,21.69199,15.47399,33.33333
4.819998,23.49981,17.39327,21.78057,15.5422,33.33333
4.839998,23.58407,17.45586,21.86924,15.6106,33.33333
4.859998,23.66842,17.51865,21.95797,15.67917,33.33333
4.879998,23.75286,17.58164,22.04678,15.74791,33.33333
4.899998,23.83739,17.64483,22.13566,15.81684,33.33333
4.919998,23.92202,17.70821,22.22462,15.88594,33.33333
4.939998,24.00674,17.7718,22.31365,15.95522,33.33333
4.959998,24.09155,17.83558,22.40275,16.02467,33.33333
4.979998,24.17645,17.89956,22.49192,16.09429,33.33333
4.999998,24.26144,17.96373,22.58116,16.16409,33.33333
5.019998,24.34651,18.02809,22.67047,16.23406,33.33333
5.039998,24.43167,18.09265,22.75984,16.3042,33.33333
5.059998,24.51692,18.15739,22.84928,16.3745,33.33333
5.079998,24.60225,18.22233,22.93879,16.44498,33.33333
5.099998,24.68766,18.28746,23.02836,16.51562,33.33333
5.119998,24.77316,18.35278,23.118,16.58643,33.33333
5.139998,24.85874,18.41828,23.2077,16.65741,33.33333
5.159998,24.9444,18.48397,23.29746,16.72855,33.33333
5.179998,25.03014,18.54984,23.38728,16.79985,33.33333
5.199998,25.11596,18.6159,23.47717,16.87132,33.33333
5.219998,25.20186,18.68214,23.56711,16.94295,33.33333
5.239998,25.28783,18.74856,23.65711,17.01474,33.33333
5.259998,25.37388,18.81517,23.74718,17.08668,33.33333
5.279998,25.46,18.88195,23.83729,17.15879,33.33333
5.299998,25.5462,18.94892,23.92747,17.23106,33.33333
5.319998,25.63247,19.01606,24.0177,17.30348,33.33333
5.339998,25.71881,19.08338,24.10798,17.37605,33.33333
5.359998,25.80523,19.15088,24.19832,17.44879,33.33333
5.379998,25.89172,19.21855,24.28871,17.52168,33.33333
5.399998,25.97828,19.28639,24.37916,17.59472,33.33333
5.419998,26.0649,19.35441,24.46965,17.66791,33.33333
5.439998,26.15159,19.4226,24.5602,17.74125,33.33333
5.459998,26.23835,19.49096,24.65079,17.81474,33.33333
5.479998,26.32517,19.55949,24.74144,17.88838,33.33333
5.499998,26.41206,19.62819,24.83213,17.96217,33.33333
5.519998,26.49902,19.69706,24.92287,18.03611,33.33333
5.539998,26.58603,19.76609,25.01366,18.1102,33.33333
5.559998,26.67311,19.83529,25.10449,18.18443,33.33333
5.579998,26.76026,19.90466,25.19537,18.2588,33.33333
5.599998,26.84746,19.97419,25.28629,18.33332,33.33333
5.619998,26.93472,20.04388,25.37726,18.40798,33.33333
5.639998,27.02205,20.11373,25.46827,18.48278,33.33333
5.659998,27.10943,20.18375,25.55932,18.55772,33.33333
5.679998,27.19687,20.25393,25.65041,18.6328,33.33333
5.699998,27.28436,20.32426,25.74154,18.70803,33.33333
5.719998,27.37191,20.39475,25.83271,18.78339,33.33333
5.739998,27.45951,20.4654,25.92393,18.85888,33.33333
5.759998,27.54717,20.53621,26.01517,18.93451,33.33333
5.779998,27.63489,20.60717,26.10646,19.01028,33.33333
5.799998,27.72265,20.67829,26.19778,19.08619,33.33333
5.819998,27.81047,20.74956,26.28914,19.16222,33.33333
5.839998,27.89833,20.82098,26.38053,19.23839,33.33333
5.859998,27.98625,20.89255,26.47196,19.31469,33.33333
5.879998,28.07422,20.96427,26.56342,19.39112,33.33333
5.899998,28.16223,21.03614,26.65491,19.46768,33.33333
5.919998,28.25029,21.10817,26.74644,19.54437,33.33333
5.939998,28.3384,21.18033,26.838,19.62119,33.33333
5.959998,28.42656,21.25265,26.92958,19.69813,33.33333
5.979998,28.51476,21.32511,27.0212,19.7752,33.33333
5.999998,28.603,21.39771,27.11285,19.85239,33.33333
6.019998,28.69129,21.47046,27.20452,19.92971,33.33333
6.039998,28.77962,21.54335,27.29623,20.00715,33.33333
6.059998,28.86799,21.61638,27.38796,20.08472,33.33333
6.079998,28.95641,21.68956,27.47971,20.16241,33.33333
6.099998,29.04486,21.76287,27.57149,20.24021,33.33333
6.119998,29.13335,21.83632,27.6633,20.31814,33.33333
6.139998,29.22189,21.90991,27.75513,20.39619,33.33333
6.159998,29.31046,21.98364,27.84698,20.47435,33.33333
6.179998,29.39906,22.0575,27.93886,20.55263,33.33333
6.199998,29.48771,22.1315,28.03075,20.63103,33.33333
6.219998,29.57639,22.20563,28.12267,20.70954,33.33333
6.239998,29.6651,22.27989,28.21461,20.78817,33.33333
6.259998,29.75385,22.35429,28.30657,20.86691,33.33333
6.279998,29.84263,22.42882,28.39855,20.94576,33.33333
6.299998,29.93144,22.50348,28.49054,21.02473,33.33333
6.319998,30.02029,22.57827,28.58256,21.1038,33.33333
6.339998,30.10917,22.65318,28.67459,21.18299,33.33333
6.359998,30.19808,22.72823,28.76663,21.26228,33.33333
6.379998,30.28702,22.80339,28.85869,21.34169,33.33333
6.399998,30.37598,22.87869,28.95077,21.4212,33.33333
6.419998,30.46498,22.95411,29.04286,21.50082,33.33333
6.439998,30.554,23.02966,29.13496,21.58054,33.33333
6.459998,30.64305,23.10532,29.22708,21.66037,33.33333
6.479998,30.73213,23.18111,29.31921,21.7403,33.33333
6.499998,30.82123,23.25702,29.41135,21.82034,33.33333
6.519998,30.91035,23.33305,29.5035,21.90047,33.33333
6.539998,30.9995,23.4092,29.59566,21.98071,33.33333
6.559998,31.08867,23.48547,29.68783,22.06105,33.33333
6.579998,31.17787,23.56186,29.78,22.14149,33.33333
6.599998,31.26709,23.63836,29.87219,22.22202,33.33333
6.619998,31.35632,23.71497,29.96438,22.30266,33.33333
6.639997,31.44558,23.79171,30.05658,22.38339,33.33333
6.659997,31.53486,23.86855,30.14879,22.46422,33.33333
6.679997,31.62415,23.94551,30.241,22.54514,33.33333
6.699997,31.71346,24.02258,30.33321,22.62616,33.33333
6.719997,31.80279,24.09976,30.42543,22.70727,33.33333
6.739997,31.89214,24.17706,30.51765,22.78848,33.33333
6.759997,31.9815,24.25446,30.60987,22.86978,33.33333
6.779998,32.07088,24.33197,30.7021,22.95116,33.33333
6.799998,32.16027,24.40958,30.79432,23.03264,33.33333
6.819998,32.24967,24.48731,30.88655,23.11421,33.33333
6.839998,32.33909,24.56514,30.97877,23.19587,33.33333
6.859998,32.42852,24.64307,31.071,23.27761,33.33333
6.879998,32.51796,24.72111,31.16322,23.35944,33.33333
6.899998,32.60741,24.79925,31.25544,23.44136,33.33333
6.919998,32.69687,24.87749,31.34766,23.52336,33.33333
6.939998,32.78634,24.95584,31.43987,23.60545,33.33333
6.959998,32.87582,25.03428,31.53208,23.68762,33.33333
6.979998,32.9653,25.11283,31.62428,23.76987,33.33333
6.999998,33.0548,25.19147,31.71648,23.8522,33.33333
7.019998,33.1443,25.27021,31.80868,23.93462,33.33333
7.039998,33.23381,25.34905,31.90086,24.01712,33.33333
7.059998,33.32332,25.42798,31.99304,24.09969,33.33333
7.079998,33.41283,25.50701,32.08521,24.18235,33.33333
7.099998,33.50235,25.58613,32.17736,24.26508,33.33333
7.119998,33.59187,25.66535,32.26952,24.34789,33.33333
7.139997,33.6814,25.74466,32.36166,24.43078,33.33333
7.159997,33.77093,25.82406,32.45378,24.51374,33.33333
7.179997,33.86045,25.90355,32.5459,24.59678,33.33333
7.199997,33.94997,25.98313,32.638,24.67988,33.33333
7.219997,34.0395,26.0628,32.73009,24.76307,33.33333
7.239997,34.12903,26.14256,32.82217,24.84632,33.33333
7.259997,34.21855,26.2224,32.91424,24.92965,33.33333
7.279997,34.30807,26.30234,33.00629,25.01304,33.33333
7.299997,34.39759,26.38236,33.09832,25.09651,33.33333
7.319997,34.48711,26.46246,33.19033,25.18004,33.33333
7.339997,34.57662,26.54265,33.28233,25.26365,33.33333
7.359997,34.66612,26.62292,33.37431,25.34732,33.33333
7.379997,34.75562,26.70327,33.46628,25.43105,33.33333
7.399997,34.84511,26.7837,33.55822,25.51486,33.33333
7.419997,34.93459,26.86421,33.65015,25.59872,33.33333
7.439997,35.02407,26.94481,33.74205,25.68266,33.33333
7.459997,35.11353,27.02548,33.83393,25.76665,33.33333
7.479997,35.20299,27.10623,33.9258,25.85071,33.33333
7.499997,35.29243,27.18706,34.01763,25.93483,33.33333
7.519997,35.38187,27.26797,34.10945,26.01901,33.33333
7.539997,35.47129,27.34895,34.20124,26.10325,33.33333
7.559998,35.56071,27.43,34.29301,26.18755,33.33333
7.579998,35.6501,27.51113,34.38475,26.27191,33.33333
7.599998,35.73949,27.59233,34.47647,26.35632,33.33333
7.619998,35.82887,27.6736,34.56816,26.44079,33.33333
7.639997,35.91822,27.75495,34.65983,26.52532,33.33333
7.659997,36.00756,27.83636,34.75147,26.60991,33.33333
7.679997,36.09689,27.91785,34.84308,26.69455,33.33333
7.699997,36.1862,27.9994,34.93466,26.77924,33.33333
7.719997,36.27549,28.08102,35.02621,26.86398,33.33333
7.739997,36.36476,28.16271,35.11774,26.94878,33.33333
7.759997,36.45402,28.24446,35.20923,27.03363,33.33333
7.779997,36.54325,28.32628,35.30069,27.11853,33.33333
7.799997,36.63246,28.40817,35.39212,27.20348,33.33333
7.819997,36.72165,28.49012,35.48351,27.28848,33.33333
7.839997,36.81082,28.57214,35.57487,27.37353,33.33333
7.859997,36.89997,28.65421,35.6662,27.45863,33.33333
7.879997,36.98909,28.73635,35.7575,27.54377,33.33333
7.899997,37.07819,28.81854,35.84875,27.62896,33.33333
7.919997,37.16727,28.9008,35.93998,27.71419,33.33333
7.939997,37.25632,28.98312,36.03117,27.79947,33.33333
7.959997,37.34535,29.06549,36.12231,27.88479,33.33333
7.979997,37.43435,29.14793,36.21342,27.97015,33.33333
7.999997,37.52332,29.23042,36.3045,28.05556,33.33333
8.019998,37.61226,29.31296,36.39553,28.14101,33.33333
8.039997,37.70118,29.39557,36.48653,28.2265,33.33333
8.059998,37.79007,29.47822,36.57748,28.31203,33.33333
8.079997,37.87892,29.56092,36.6684,28.3976,33.33333
8.099998,37.96774,29.64369,36.75927,28.48321,33.33333
8.119997,38.05653,29.7265,36.8501,28.56885,33.33333
8.139997,38.14529,29.80937,36.94088,28.65453,33.33333
8.159997,38.23402,29.89228,37.03162,28.74025,33.33333
8.179997,38.32272,29.97524,37.12232,28.826,33.33333
8.199997,38.41138,30.05826,37.21297,28.91179,33.33333
8.219997,38.50002,30.14132,37.30359,28.99761,33.33333
8.239997,38.58861,30.22442,37.39415,29.08347,33.33333
8.259997,38.67717,30.30758,37.48466,29.16936,33.33333
8.279997,38.76569,30.39077,37.57513,29.25528,33.33333
8.299997,38.85418,30.47401,37.66555,29.34123,33.33333
8.319997,38.94263,30.5573,37.75592,29.42721,33.33333
8.339997,39.03103,30.64063,37.84624,29.51322,33.33333
8.359997,39.1194,30.724,37.93652,29.59925,33.33333
8.379997,39.20774,30.80742,38.02674,29.68532,33.33333
8.399997,39.29603,30.89087,38.11691,29.77141,33.33333
8.419997,39.38427,30.97437,38.20703,29.85753,33.33333
8.439997,39.47248,31.05791,38.2971,29.94368,33.33333
8.459997,39.56064,31.14148,38.38711,30.02985,33.33333
8.479997,39.64877,31.22509,38.47707,30.11604,33.33333
8.499997,39.73685,31.30873,38.56697,30.20226,33.33333
8.519997,39.82488,31.39242,38.65682,30.2885,33.33333
8.539997,39.91288,31.47614,38.74661,30.37477,33.33333
8.559997,40.00082,31.55989,38.83635,30.46105,33.33333
8.579997,40.08872,31.64367,38.92603,30.54736,33.33333
8.599997,40.17657,31.7275,39.01566,30.63368,33.33333
8.619997,40.26437,31.81135,39.10522,30.72002,33.33333
8.639997,40.35212,31.89523,39.19473,30.80639,33.33333
8.659997,40.43983,31.97914,39.28417,30.89277,33.33333
8.679996,40.52749,32.06309,39.37356,30.97916,33.33333
8.699997,40.61509,32.14706,39.46289,31.06557,33.33333
8.719996,40.70264,32.23106,39.55215,31.152,33.33333
8.739997,40.79015,32.31509,39.64136,31.23844,33.33333
8.759997,40.87761,32.39915,39.7305,31.3249,33.33333
8.779997,40.965,32.48323,39.81958,31.41137,33.33333
8.799997,41.05235,32.56734,39.90859,31.49785,33.33333
8.819997,41.13964,32.65147,39.99754,31.58434,33.33333
8.839997,41.22688,32.73562,40.08643,31.67085,33.33333
8.859997,41.31406,32.8198,40.17525,31.75736,33.33333
8.879997,41.40118,32.904,40.264,31.84389,33.33333
8.899997,41.48825,32.98822,40.35269,31.93042,33.33333
8.919997,41.57526,33.07246,40.44131,32.01696,33.33333
8.939997,41.66221,33.15673,40.52986,32.10351,33.33333
8.959997,41.7491,33.24101,40.61834,32.19006,33.33333
8.979997,41.83593,33.32532,40.70676,32.27663,33.33333
8.999997,41.9227,33.40963,40.7951,32.36319,33.33333
9.019997,42.00941,33.49397,40.88337,32.44976,33.33333
9.039997,42.09607,33.57832,40.97157,32.53634,33.33333
9.059997,42.18266,33.66269,41.0597,32.62292,33.33333
9.079997,42.26918,33.74707,41.14776,32.7095,33.33333
9.099997,42.35565,33.83147,41.23574,32.79608,33.33333
9.119997,42.44205,33.91588,41.32365,32.88266,33.33333
9.139997,42.52839,34.0003,41.41148,32.96925,33.33333
9.159997,42.61465,34.08474,41.49924,33.05583,33.33333
9.179996,42.70086,34.16918,41.58693,33.14241,33.33333
9.199997,42.787,34.25364,41.67454,33.22899,33.33333
9.219996,42.87308,34.3381,41.76207,33.31557,33.33333
9.239997,42.95908,34.42258,41.84953,33.40214,33.33333
9.259996,43.04502,34.50706,41.9369,33.48871,33.33333
9.279997,43.13088,34.59155,42.0242,33.57528,33.33333
9.299996,43.21668,34.67604,42.11142,33.66183,33.33333
9.319997,43.30241,34.76054,42.19856,33.74839,33.33333
9.339996,43.38807,34.84505,42.28562,33.83494,33.33333
9.359997,43.47366,34.92956,42.3726,33.92148,33.33333
9.379996,43.55917,35.01407,42.4595,34.00801,33.33333
9.399997,43.64462,35.09859,42.54631,34.09453,33.33333
9.419996,43.72998,35.18311,42.63304,34.18105,33.33333
9.439997,43.81528,35.26763,42.71969,34.26755,33.33333
9.459996,43.90049,35.35215,42.80625,34.35404,33.33333
9.479997,43.98563,35.43668,42.89273,34.44052,33.33333
9.499996,44.0707,35.52119,42.97913,34.52699,33.33333
9.519997,44.15569,35.60571,43.06543,34.61344,33.33333
9.539996,44.24061,35.69023,43.15166,34.69988,33.33333
9.559997,44.32545,35.77474,43.23779,34.78631,33.33333
9.579997,44.41021,35.85925,43.32384,34.87272,33.33333
9.599997,44.49489,35.94376,43.4098,34.95911,33.33333
9.619997,44.57949,36.02826,43.49567,35.04549,33.33333
9.639997,44.66401,36.11275,43.58145,35.13185,33.33333
9.659997,44.74845,36.19724,43.66714,35.21819,33.33333
9.679996,44.83281,36.28172,43.75275,35.30452,33.33333
9.699997,44.91708,36.3662,43.83826,35.39082,33.33333
9.719996,45.00128,36.45066,43.92368,35.47711,33.33333
9.739997,45.0854,36.53511,44.009,35.56338,33.33333
9.759996,45.16942,36.61956,44.09424,35.64962,33.33333
9.779997,45.25336,36.70399,44.17938,35.73584,33.33333
9.799996,45.33722,36.78841,44.26443,35.82204,33.33333
9.819997,45.42099,36.87282,44.34938,35.90822,33.33333
9.839996,45.50467,36.95723,44.43424,35.99437,33.33333
9.859997,45.58826,37.04161,44.519,36.0805,33.33333
9.879996,45.67177,37.12599,44.60367,36.1666,33.33333
9.899997,45.7552,37.21034,44.68824,36.25267,33.33333
9.919996,45.83853,37.29468,44.77271,36.33872,33.33333
9.939997,45.92178,37.379,44.85709,36.42474,33.33333
9.959996,46.00493,37.46331,44.94136,36.51073,33.33333
9.979997,46.08799,37.5476,45.02554,36.5967,33.33333
9.999996,46.17096,37.63187,45.10961,36.68263,33.33333
10.02,46.25384,37.71612,45.19359,36.76854,33.33333
10.04,46.33662,37.80035,45.27746,36.85442,33.33333
10.06,46.41932,37.88457,45.36124,36.94025,33.33333
10.08,46.50192,37.96875,45.44491,37.02607,33.33333
10.1,46.58443,38.05292,45.52847,37.11185,33.33333
10.12,46.66684,38.13706,45.61194,37.19759,33.33333
10.14,46.74916,38.22118,45.6953,37.2833,33.33333
10.16,46.83138,38.30528,45.77856,37.36898,33.33333
10.18,46.91351,38.38935,45.86172,37.45462,33.33333
10.2,46.99554,38.4734,45.94476,37.54022,33.33333
10.22,47.07748,38.55742,46.02771,37.62579,33.33333
10.24,47.15931,38.64141,46.11054,37.71132,33.33333
10.26,47.24105,38.72538,46.19328,37.79681,33.33333
10.28,47.32269,38.80931,46.27589,37.88226,33.33333
10.3,47.40422,38.89322,46.35841,37.96768,33.33333
10.32,47.48565,38.9771,46.44082,38.05305,33.33333
10.34,47.56699,39.06095,46.52312,38.13839,33.33333
10.36,47.64823,39.14476,46.6053,38.22368,33.33333
10.38,47.72936,39.22855,46.68738,38.30893,33.33333
10.4,47.81039,39.3123,46.76935,38.39414,33.33333
10.42,47.89133,39.39602,46.8512,38.4793,33.33333
10.44,47.97215,39.4797,46.93295,38.56442,33.33333
10.46,48.05286,39.56335,47.01458,38.6495,33.33333
10.48,48.13348,39.64697,47.0961,38.73453,33.33333
10.5,48.21399,39.73055,47.17751,38.81951,33.33333
10.52,48.2944,39.81409,47.2588,38.90445,33.33333
10.54,48.37469,39.89759,47.33997,38.98934,33.33333
10.56,48.45489,39.98106,47.42104,39.07419,33.33333
10.58,48.53497,40.06449,47.50198,39.15898,33.33333
10.6,48.61495,40.14788,47.58282,39.24373,33.33333
10.62,48.69481,40.23123,47.66354,39.32843,33.33333
10.64,48.77456,40.31454,47.74413,39.41308,33.33333
10.66,48.85421,40.39781,47.82462,39.49767,33.33333
10.68,48.93374,40.48104,47.90498,39.58221,33.33333
10.7,49.01315,40.56422,47.98523,39.66671,33.33333
10.72,49.09247,40.64737,48.06535,39.75114,33.33333
10.74,49.17167,40.73046,48.14536,39.83553,33.33333
10.76,49.25076,40.81351,48.22525,39.91986,33.33333
10.78,49.32974,40.89652,48.30502,40.00414,33.33333
10.8,49.4086,40.97948,48.38467,40.08836,33.33333
10.82,49.48734,41.0624,48.4642,40.17253,33.33333
10.84,49.56598,41.14527,48.54359,40.25664,33.33333
10.86,49.64449,41.2281,48.62288,40.34069,33.33333
10.88,49.72289,41.31087,48.70203,40.42469,33.33333
10.9,49.80117,41.39359,48.78107,40.50862,33.33333
10.92,49.87935,41.47626,48.85999,40.5925,33.33333
10.94,49.95739,41.55889,48.93877,40.67632,33.33333
10.96,50.03532,41.64147,49.01744,40.76008,33.33333
10.98,50.11313,41.72399,49.09598,40.84377,33.33333
11,50.19083,41.80647,49.17439,40.92741,33.33333
11.02,50.2684,41.88888,49.25269,41.01099,33.33333
11.04,50.34586,41.97125,49.33085,41.0945,33.33333
11.06,50.4232,42.05356,49.40888,41.17794,33.33333
11.08,50.50042,42.13581,49.48679,41.26133,33.33333
11.1,50.57751,42.21801,49.56457,41.34465,33.33333
11.12,50.65449,42.30016,49.64222,41.4279,33.33333
11.14,50.73135,42.38224,49.71974,41.51109,33.33333
11.16,50.80807,42.46428,49.79713,41.59422,33.33333
11.18,50.88467,42.54625,49.8744,41.67727,33.33333
11.2,50.96115,42.62816,49.95153,41.76026,33.33333
11.22,51.03751,42.71001,50.02853,41.84318,33.33333
11.24,51.11375,42.79181,50.10541,41.92603,33.33333
11.26,51.18986,42.87354,50.18214,42.00881,33.33333
11.28,51.26584,42.95521,50.25876,42.09153,33.33333
11.3,51.3417,43.03682,50.33524,42.17417,33.33333
11.32,51.41743,43.11837,50.41158,42.25674,33.33333
11.34,51.49303,43.19985,50.48779,42.33924,33.33333
11.36,51.56851,43.28128,50.56387,42.42167,33.33333
11.38,51.64386,43.36263,50.63982,42.50403,33.33333
11.4,51.71909,43.44393,50.71562,42.58631,33.33333
11.42,51.79418,43.52516,50.7913,42.66852,33.33333
11.44,51.86915,43.60632,50.86684,42.75065,33.33333
11.46,51.94398,43.68742,50.94225,42.83271,33.33333
11.48,52.01868,43.76844,51.01752,42.91469,33.33333
11.5,52.09325,43.8494,51.09265,42.9966,33.33333
11.52,52.1677,43.9303,51.16765,43.07842,33.33333
11.54,52.24201,44.01112,51.24251,43.16018,33.33333
11.56,52.3162,44.09187,51.31723,43.24185,33.33333
11.58,52.39025,44.17255,51.39182,43.32345,33.33333
11.6,52.46416,44.25317,51.46626,43.40497,33.33333
11.62,52.53795,44.33371,51.54057,43.48641,33.33333
11.64,52.6116,44.41418,51.61474,43.56777,33.33333
11.66,52.68511,44.49458,51.68877,43.64905,33.33333
11.68,52.75849,44.5749,51.76266,43.73025,33.33333
11.7,52.83174,44.65515,51.8364,43.81136,33.33333
11.72,52.90485,44.73533,51.91001,43.8924,33.33333
11.74,52.97783,44.81543,51.98348,43.97334,33.33333
11.76,53.05066,44.89546,52.05681,44.05421,33.33333
11.78,53.12336,44.97541,52.12999,44.13499,33.33333
11.8,53.19592,45.05528,52.20303,44.2157,33.33333
11.82,53.26835,45.13508,52.27594,44.29631,33.33333
11.84,53.34064,45.2148,52.34869,44.37684,33.33333
11.86,53.4128,45.29443,52.42131,44.45728,33.33333
11.88,53.48482,45.37399,52.49378,44.53764,33.33333
11.9,53.55669,45.45348,52.56612,44.6179,33.33333
11.92,53.62843,45.53288,52.6383,44.69809,33.33333
11.94,53.70002,45.61221,52.71034,44.77818,33.33333
11.96,53.77148,45.69144,52.78223,44.85818,33.33333
11.98,53.8428,45.7706,52.85399,44.9381,33.33333
12,53.91398,45.84967,52.92559,45.01793,33.33333
12.02,53.98502,45.92867,52.99706,45.09766,33.33333
12.04,54.05592,46.00758,53.06837,45.17731,33.33333
12.06,54.12667,46.0864,53.13953,45.25686,33.33333
12.08,54.19729,46.16515,53.21056,45.33632,33.33333
12.1,54.26776,46.2438,53.28143,45.41569,33.33333
12.12,54.3381,46.32237,53.35216,45.49496,33.33333
12.14,54.40829,46.40086,53.42274,45.57415,33.33333
12.16,54.47832,46.47926,53.49317,45.65324,33.33333
12.18,54.54823,46.55756,53.56345,45.73224,33.33333
12.2,54.61799,46.63579,53.63359,45.81113,33.33333
12.22,54.6876,46.71392,53.70358,45.88994,33.33333
12.24,54.75706,46.79197,53.77342,45.96865,33.33333
12.26,54.82637,46.86993,53.84311,46.04726,33.33333
12.28,54.89555,46.94779,53.91265,46.12578,33.33333
12.3,54.96458,47.02557,53.98204,46.2042,33.33333
12.32,55.03345,47.10326,54.05128,46.28252,33.33333
12.34,55.1022,47.18085,54.12037,46.36075,33.33333
12.36,55.17079,47.25836,54.18931,46.43887,33.33333
12.38,55.23924,47.33577,54.25809,46.5169,33.33333
12.4,55.30754,47.41309,54.32673,46.59483,33.33333
12.42,55.3757,47.49031,54.39522,46.67265,33.33333
12.44,55.44371,47.56744,54.46355,46.75037,33.33333
12.46,55.51157,47.64449,54.53173,46.828,33.33333
12.48,55.57928,47.72142,54.59976,46.90553,33.33333
12.5,55.64684,47.79827,54.66764,46.98294,33.33333
12.52,55.71425,47.87502,54.73537,47.06026,33.33333
12.54,55.78151,47.95167,54.80294,47.13748,33.33333
12.56,55.84862,48.02823,54.87036,47.21459,33.33333
12.58,55.91557,48.10469,54.93763,47.2916,33.33333
12.6,55.98238,48.18105,55.00474,47.36851,33.33333
12.62,56.04903,48.25732,55.0717,47.4453,33.33333
12.64,56.11554,48.33348,55.1385,47.522,33.33333
12.66,56.1819,48.40955,55.20515,47.59859,33.33333
12.68,56.24811,48.48552,55.27165,47.67507,33.33333
12.7,56.31416,48.56139,55.338,47.75145,33.33333
12.72,56.38007,48.63716,55.40418,47.82771,33.33333
12.74,56.44582,48.71283,55.47021,47.90388,33.33333
12.76,56.51141,48.78839,55.53609,47.97993,33.33333
12.78,56.57686,48.86385,55.60181,48.05588,33.33333
12.8,56.64215,48.93921,55.66738,48.13171,33.33333
12.82,56.70729,49.01447,55.7328,48.20744,33.33333
12.84,56.77228,49.08962,55.79805,48.28306,33.33333
12.86,56.83713,49.16467,55.86314,48.35857,33.33333
12.88,56.90181,49.23961,55.92809,48.43397,33.33333
12.9,56.96634,49.31444,55.99287,48.50925,33.33333
12.92,57.03072,49.38918,56.0575,48.58443,33.33333
12.94,57.09494,49.4638,56.12197,48.65949,33.33333
12.96,57.15901,49.53831,56.18629,48.73444,33.33333
12.98,57.22293,49.61272,56.25045,48.80929,33.33333
13,57.2867,49.68703,56.31445,48.88401,33.33333
13.02,57.3503,49.76122,56.37829,48.95863,33.33333
13.04,57.41374,49.83532,56.44198,49.03313,33.33333
13.06,57.47704,49.90929,56.5055,49.10751,33.33333
13.08,57.54018,49.98317,56.56887,49.18179,33.33333
13.1,57.60316,50.05693,56.63209,49.25594,33.33333
13.12,57.66599,50.13059,56.69514,49.32998,33.33333
13.14,57.72865,50.20414,56.75803,49.40391,33.33333
13.16,57.79117,50.27757,56.82077,49.47771,33.33333
13.18,57.85353,50.35089,56.88335,49.55141,33.33333
13.2,57.91573,50.4241,56.94577,49.62498,33.33333
13.22,57.97777,50.49721,57.00803,49.69844,33.33333
13.24,58.03966,50.57018,57.07014,49.77178,33.33333
13.26,58.10139,50.64305,57.13208,49.84501,33.33333
13.27999,58.16298,50.71581,57.19386,49.91811,33.33333
13.3,58.2244,50.78845,57.25549,49.9911,33.33333
13.31999,58.28566,50.86098,57.31696,50.06396,33.33333
13.34,58.34677,50.93339,57.37826,50.13671,33.33333
13.35999,58.40773,51.00568,57.43941,50.20934,33.33333
13.38,58.46852,51.07787,57.50039,50.28185,33.33333
13.39999,58.52916,51.14993,57.56122,50.35423,33.33333
13.42,58.58963,51.22189,57.62188,50.4265,33.33333
13.43999,58.64993,51.29373,57.68239,50.49864,33.33333
13.46,58.7101,51.36545,57.74274,50.57067,33.33333
13.47999,58.7701,51.43706,57.80293,50.64257,33.33333
13.5,58.82994,51.50854,57.86295,50.71436,33.33333
13.51999,58.88962,51.57991,57.92282,50.78601,33.33333
13.54,58.94914,51.65115,57.98253,50.85754,33.33333
13.56,59.00851,51.72228,58.04208,50.92896,33.33333
13.58,59.06772,51.79329,58.10146,51.00024,33.33333
13.6,59.12677,51.86418,58.16069,51.0714,33.33333
13.62,59.18565,51.93496,58.21975,51.14245,33.33333
13.64,59.24438,52.00561,58.27866,51.21336,33.33333
13.66,59.30295,52.07614,58.33739,51.28415,33.33333
13.68,59.36136,52.14655,58.39598,51.35481,33.33333
13.7,59.4196,52.21685,58.4544,51.42535,33.33333
13.72,59.47769,52.28703,58.51266,51.49577,33.33333
13.74,59.53561,52.35708,58.57076,51.56605,33.33333
13.76,59.59338,52.42701,58.6287,51.63621,33.33333
13.77999,59.65099,52.49682,58.68648,51.70625,33.33333
13.8,59.70844,52.56649,58.74409,51.77615,33.33333
13.81999,59.76573,52.63605,58.80155,51.84593,33.33333
13.84,59.82286,52.70549,58.85885,51.91558,33.33333
13.85999,59.87984,52.7748,58.91599,51.98511,33.33333
13.88,59.93665,52.84397,58.97296,52.0545,33.33333
13.89999,59.99329,52.91304,59.02977,52.12377,33.33333
13.92,60.04977,52.98198,59.08643,52.19291,33.33333
13.93999,60.10609,53.0508,59.14291,52.26192,33.33333
13.96,60.16226,53.11948,59.19925,52.3308,33.33333
13.97999,60.21828,53.18803,59.25542,52.39955,33.33333
14,60.27412,53.25646,59.31142,52.46818,33.33333
14.01999,60.3298,53.32477,59.36727,52.53667,33.33333
14.04,60.38533,53.39294,59.42296,52.60503,33.33333
14.05999,60.44069,53.461,59.47849,52.67326,33.33333
14.08,60.4959,53.52892,59.53384,52.74136,33.33333
14.09999,60.55095,53.59672,59.58905,52.80932,33.33333
14.12,60.60583,53.66438,59.64409,52.87716,33.33333
14.13999,60.66057,53.73192,59.69897,52.94486,33.33333
14.16,60.71513,53.79933,59.75369,53.01244,33.33333
14.17999,60.76953,53.86662,59.80826,53.07987,33.33333
14.2,60.82378,53.93376,59.86266,53.14718,33.33333
14.21999,60.87785,54.00079,59.91689,53.21436,33.33333
14.24,60.93178,54.06767,59.97097,53.2814,33.33333
14.25999,60.98553,54.13445,60.02489,53.34831,33.33333
14.27999,61.03914,54.20108,60.07864,53.41508,33.33333
14.29999,61.09259,54.26759,60.13224,53.48173,33.33333
14.31999,61.14587,54.33396,60.18568,53.54824,33.33333
14.34,61.19899,54.40021,60.23895,53.61462,33.33333
14.35999,61.25195,54.46632,60.29207,53.68085,33.33333
14.38,61.30475,54.53231,60.34502,53.74696,33.33333
14.39999,61.35739,54.59816,60.39782,53.81293,33.33333
14.42,61.40987,54.66388,60.45045,53.87876,33.33333
14.43999,61.46219,54.72946,60.50293,53.94447,33.33333
14.46,61.51436,54.79491,60.55524,54.01003,33.33333
14.47999,61.56636,54.86022,60.6074,54.07545,33.33333
14.5,61.61819,54.92542,60.65939,54.14075,33.33333
14.51999,61.66986,54.99048,60.71123,54.20591,33.33333
14.54,61.72139,55.05539,60.7629,54.27093,33.33333
14.55999,61.77275,55.12018,60.81441,54.33582,33.33333
14.58,61.82394,55.18483,60.86577,54.40056,33.33333
14.59999,61.87498,55.24934,60.91697,54.46517,33.33333
14.62,61.92586,55.31374,60.968,54.52965,33.33333
14.63999,61.97658,55.37798,61.01888,54.59399,33.33333
14.66,62.02715,55.44208,61.0696,54.65819,33.33333
14.67999,62.07755,55.50606,61.12016,54.72224,33.33333
14.7,62.12778,55.56992,61.17056,54.78617,33.33333
14.71999,62.17787,55.63362,61.2208,54.84995,33.33333
14.74,62.2278,55.69719,61.27089,54.9136,33.33333
14.75999,62.27756,55.76062,61.32081,54.97711,33.33333
14.77999,62.32716,55.82393,61.37057,55.04049,33.33333
14.79999,62.37662,55.88708,61.42018,55.10372,33.33333
14.81999,62.4259,55.95012,61.46964,55.16682,33.33333
14.83999,62.47504,56.01302,61.51892,55.22977,33.33333
14.85999,62.524,56.07578,61.56805,55.29259,33.33333
14.87999,62.57283,56.1384,61.61703,55.35526,33.33333
14.89999,62.62149,56.20088,61.66585,55.4178,33.33333
14.91999,62.67,56.26323,61.71451,55.4802,33.33333
14.93999,62.71832,56.32544,61.76302,55.54246,33.33333
14.95999,62.76649,56.38751,61.81136,55.60458,33.33333
14.97999,62.81453,56.44945,61.85955,55.66656,33.33333
14.99999,62.86238,56.51125,61.90758,55.7284,33.33333
15.01999,62.9101,56.57291,61.95545,55.7901,33.33333
15.03999,62.95764,56.63441,62.00317,55.85165,33.33333
15.05999,63.00505,56.69579,62.05074,55.91308,33.33333
15.07999,63.05229,56.75702,62.09814,55.97436,33.33333
15.09999,63.09937,56.81812,62.14539,56.03549,33.33333
15.12,63.1463,56.87907,62.19248,56.09649,33.33333
15.13999,63.19307,56.9399,62.23942,56.15735,33.33333
15.16,63.23967,57.00058,62.2862,56.21806,33.33333
15.17999,63.28612,57.06111,62.33282,56.27863,33.33333
15.2,63.3324,57.12152,62.3793,56.33907,33.33333
15.21999,63.37852,57.18178,62.42561,56.39936,33.33333
15.24,63.4245,57.2419,62.47177,56.45951,33.33333
15.25999,63.47032,57.30188,62.51778,56.51952,33.33333
15.27999,63.51598,57.36172,62.56363,56.57938,33.33333
15.29999,63.56149,57.42142,62.60933,56.63911,33.33333
15.31999,63.60686,57.48097,62.65487,56.69869,33.33333
15.33999,63.65207,57.54039,62.70026,56.75813,33.33333
15.35999,63.6971,57.59967,62.74549,56.81743,33.33333
15.37999,63.74199,57.65881,62.79057,56.87659,33.33333
15.39999,63.78673,57.71782,62.8355,56.9356,33.33333
15.41999,63.8313,57.77667,62.88027,56.99448,33.33333
15.43999,63.87573,57.83539,62.9249,57.05321,33.33333
15.45999,63.92,57.89395,62.96936,57.11179,33.33333
15.47999,63.96413,57.95238,63.01368,57.17023,33.33333
15.49999,64.00809,58.01067,63.05784,57.22854,33.33333
15.51999,64.05191,58.06882,63.10185,57.2867,33.33333
15.53999,64.09557,58.12683,63.14571,57.34472,33.33333
15.55999,64.13905,58.18471,63.18941,57.4026,33.33333
15.57999,64.18242,58.24243,63.23297,57.46033,33.33333
15.59999,64.22562,58.30002,63.27637,57.51791,33.33333
15.61999,64.26866,58.35747,63.31963,57.57536,33.33333
15.63999,64.31155,58.41476,63.36272,57.63267,33.33333
15.65999,64.35429,58.47192,63.40568,57.68983,33.33333
15.67999,64.39688,58.52893,63.44848,57.74684,33.33333
15.69999,64.43932,58.5858,63.49113,57.80372,33.33333
15.71999,64.4816,58.64253,63.53362,57.86045,33.33333
15.73999,64.52373,58.69913,63.57597,57.91704,33.33333
15.75999,64.5657,58.75558,63.61817,57.97348,33.33333
15.77999,64.60754,58.81189,63.66022,58.02979,33.33333
15.79999,64.6492,58.86806,63.70213,58.08595,33.33333
15.81999,64.69072,58.92407,63.74387,58.14196,33.33333
15.83999,64.7321,58.97995,63.78548,58.19783,33.33333
15.85999,64.77335,59.03568,63.82693,58.25356,33.33333
15.87999,64.81441,59.09128,63.86824,58.30914,33.33333
15.89999,64.85535,59.14671,63.90939,58.36459,33.33333
15.91999,64.89612,59.20201,63.95041,58.41988,33.33333
15.93999,64.93675,59.25717,63.99127,58.47504,33.33333
15.95999,64.97722,59.31219,64.03198,58.53005,33.33333
15.97999,65.01756,59.36707,64.07256,58.58492,33.33333
15.99999,65.05774,59.4218,64.11298,58.63964,33.33333
16.01999,65.09776,59.47638,64.15325,58.69422,33.33333
16.04,65.13765,59.53084,64.19338,58.74866,33.33333
16.05999,65.17738,59.58514,64.23336,58.80296,33.33333
16.07999,65.21696,59.63931,64.2732,58.85711,33.33333
16.09999,65.25639,59.69333,64.31289,58.91112,33.33333
16.12,65.29567,59.74721,64.35244,58.96498,33.33333
16.13999,65.33479,59.80095,64.39184,59.0187,33.33333
16.15999,65.37381,59.85454,64.4311,59.07228,33.33333
16.17999,65.41267,59.90799,64.47021,59.12572,33.33333
16.2,65.45135,59.9613,64.50918,59.17901,33.33333
16.21999,65.4899,60.01447,64.548,59.23215,33.33333
16.23999,65.52831,60.06747,64.58669,59.28516,33.33333
16.25999,65.56656,60.12035,64.62522,59.33802,33.33333
16.27999,65.60468,60.17308,64.66361,59.39074,33.33333
16.29999,65.64265,60.22566,64.70187,59.44331,33.33333
16.31999,65.6805,60.27811,64.73997,59.49574,33.33333
16.33999,65.71817,60.33041,64.77794,59.54803,33.33333
16.35999,65.75572,60.38257,64.81577,59.60018,33.33333
16.37999,65.79314,60.43459,64.85345,59.65218,33.33333
16.39999,65.83038,60.48647,64.89098,59.70404,33.33333
16.41999,65.86751,60.53819,64.92838,59.75576,33.33333
16.43999,65.90446,60.58978,64.96564,59.80733,33.33333
16.45999,65.9413,60.64122,65.00276,59.85876,33.33333
16.47999,65.97798,60.69252,65.03974,59.91005,33.33333
16.49999,66.01454,60.74367,65.07658,59.9612,33.33333
16.51999,66.05095,60.79468,65.11327,60.0122,33.33333
16.53999,66.0872,60.84554,65.14983,60.06306,33.33333
16.55999,66.12334,60.89626,65.18626,60.11378,33.33333
16.57999,66.15932,60.94684,65.22253,60.16435,33.33333
16.59999,66.19514,60.99728,65.25868,60.21478,33.33333
16.61999,66.23083,61.04758,65.29469,60.26507,33.33333
16.63999,66.26637,61.09773,65.33055,60.31522,33.33333
16.65999,66.30177,61.14774,65.36628,60.36522,33.33333
16.67999,66.33705,61.19762,65.40187,60.41508,33.33333
16.69999,66.37219,61.24734,65.43732,60.46481,33.33333
16.71999,66.4072,61.29692,65.47264,60.51438,33.33333
16.73999,66.44206,61.34636,65.50782,60.56382,33.33333
16.75999,66.47676,61.39566,65.54287,60.61311,33.33333
16.77999,66.51132,61.44482,65.57777,60.66226,33.33333
16.79999,66.54575,61.49384,65.61255,60.71127,33.33333
16.81999,66.58005,61.54269,65.64719,60.76015,33.33333
16.83999,66.61421,61.59142,65.68169,60.80888,33.33333
16.85999,66.64824,61.64001,65.71606,60.85746,33.33333
16.87999,66.68211,61.68846,65.7503,60.90591,33.33333
16.89999,66.71587,61.73676,65.78439,60.95422,33.33333
16.91999,66.74948,61.78493,65.81836,61.00237,33.33333
16.93999,66.78294,61.83295,65.8522,61.0504,33.33333
16.95999,66.81628,61.88083,65.88589,61.09828,33.33333
16.97999,66.8495,61.92857,65.91946,61.14602,33.33333
16.99999,66.88257,61.97617,65.9529,61.19362,33.33333
17.01999,66.91551,62.02362,65.9862,61.24108,33.33333
17.03999,66.9483,62.07094,66.01937,61.2884,33.33333
17.05999,66.98096,62.1181,66.05241,61.33557,33.33333
17.07999,67.01349,62.16513,66.08532,61.38261,33.33333
17.09999,67.0459,62.21201,66.1181,61.4295,33.33333
17.11999,67.07819,62.25874,66.15074,61.47626,33.33333
17.13999,67.11032,62.30536,66.18326,61.52288,33.33333
17.15999,67.14233,62.35181,66.21564,61.56936,33.33333
17.17999,67.17419,62.39813,66.2479,61.61569,33.33333
17.19999,67.20593,62.44432,66.28003,61.66189,33.33333
17.21999,67.23755,62.49036,66.31203,61.70795,33.33333
17.23999,67.26904,62.53624,66.3439,61.75387,33.33333
17.25999,67.30038,62.582,66.37564,61.79964,33.33333
17.27999,67.3316,62.62761,66.40726,61.84528,33.33333
17.29999,67.36267,62.6731,66.43874,61.89079,33.33333
17.31999,67.39362,62.71844,66.4701,61.93615,33.33333
17.33999,67.42444,62.76364,66.50134,61.98137,33.33333
17.35999,67.45514,62.8087,66.53244,62.02646,33.33333
17.37999,67.48572,62.85361,66.56342,62.0714,33.33333
17.39999,67.51614,62.89841,66.59427,62.11621,33.33333
17.41999,67.54645,62.94305,66.625,62.16088,33.33333
17.43999,67.57663,62.98756,66.6556,62.20541,33.33333
17.45999,67.60666,63.03194,66.68607,62.24981,33.33333
17.47999,67.63657,63.07617,66.71643,62.29406,33.33333
17.49999,67.66638,63.12024,66.74666,62.33818,33.33333
17.51999,67.69608,63.16417,66.77676,62.38216,33.33333
17.53999,67.72562,63.20798,66.80674,62.426,33.33333
17.55999,67.75504,63.25165,66.8366,62.4697,33.33333
17.57999,67.78433,63.29518,66.86633,62.51328,33.33333
17.59999,67.81351,63.33856,66.89594,62.55671,33.33333
17.61999,67.84256,63.38182,66.92543,62.60001,33.33333
17.63999,67.87146,63.42494,66.9548,62.64317,33.33333
17.65999,67.90027,63.46791,66.98404,62.68619,33.33333
17.67999,67.92892,63.51076,67.01317,62.72908,33.33333
17.69999,67.95749,63.55345,67.04217,62.77183,33.33333
17.71999,67.9859,63.59602,67.07105,62.81445,33.33333
17.73999,68.01422,63.63844,67.09982,62.85693,33.33333
17.75999,68.04239,63.68076,67.12846,62.89927,33.33333
17.77999,68.07043,63.72292,67.15697,62.94147,33.33333
17.79999,68.09839,63.76492,67.18538,62.98355,33.33333
17.81999,68.12622,63.80679,67.21366,63.02549,33.33333
17.83999,68.1539,63.84854,67.24183,63.06729,33.33333
17.85999,68.18146,63.89015,67.26987,63.10896,33.33333
17.87999,68.20889,63.93163,67.2978,63.1505,33.33333
17.89999,68.23624,63.97296,67.32561,63.19189,33.33333
17.91999,68.26346,64.01416,67.35331,63.23316,33.33333
17.93999,68.29056,64.05522,67.38088,63.2743,33.33333
17.95999,68.31754,64.09615,67.40835,63.3153,33.33333
17.97999,68.34439,64.13693,67.43569,63.35616,33.33333
17.99999,68.37112,64.17758,67.46292,63.3969,33.33333
18.01999,68.39774,64.21811,67.49003,63.4375,33.33333
18.03999,68.42422,64.2585,67.51703,63.47797,33.33333
18.05999,68.45059,64.29877,67.54391,63.5183,33.33333
18.07999,68.47687,64.33887,67.57068,63.55849,33.33333
18.09999,68.50302,64.37885,67.59733,63.59856,33.33333
18.11999,68.52905,64.4187,67.62387,63.6385,33.33333
18.13999,68.55496,64.45844,67.65029,63.67831,33.33333
18.15999,68.58075,64.49802,67.67661,63.71798,33.33333
18.17999,68.60641,64.53748,67.7028,63.75751,33.33333
18.19999,68.63199,64.57678,67.7289,63.79693,33.33333
18.21999,68.65744,64.61597,67.75487,63.8362,33.33333
18.23999,68.68277,64.65501,67.78073,63.87535,33.33333
18.25999,68.70798,64.69394,67.80649,63.91437,33.33333
18.27999,68.73309,64.73273,67.83213,63.95325,33.33333
18.29999,68.75806,64.77139,67.85766,63.99201,33.33333
18.31999,68.78293,64.80992,67.88308,64.03064,33.33333
18.33999,68.80771,64.84831,67.90839,64.06913,33.33333
18.35999,68.83237,64.88657,67.93359,64.1075,33.33333
18.37999,68.8569,64.92471,67.95868,64.14573,33.33333
18.39999,68.88132,64.96272,67.98367,64.18384,33.33333
18.41999,68.90564,65.0006,68.00854,64.22182,33.33333
18.43999,68.92984,65.03833,68.0333,64.25967,33.33333
18.45999,68.95395,65.07593,68.05795,64.29739,33.33333
18.47999,68.97794,65.1134,68.0825,64.33498,33.33333
18.49999,69.00183,65.15074,68.10694,64.37244,33.33333
18.51999,69.0256,65.18796,68.13128,64.40978,33.33333
18.53999,69.04926,65.22504,68.1555,64.44699,33.33333
18.55999,69.07281,65.26199,68.17963,64.48407,33.33333
18.57999,69.09625,65.29883,68.20364,64.52102,33.33333
18.59999,69.11957,65.33554,68.22755,64.55785,33.33333
18.61999,69.14279,65.37212,68.25135,64.59454,33.33333
18.63999,69.16592,65.40855,68.27505,64.63112,33.33333
18.65999,69.18893,65.44487,68.29865,64.66756,33.33333
18.67999,69.21182,65.48106,68.32214,64.70388,33.33333
18.69999,69.23462,65.51711,68.34552,64.74007,33.33333
18.71999,69.25732,65.55302,68.3688,64.77615,33.33333
18.73999,69.27991,65.58884,68.39198,64.81209,33.33333
18.75999,69.3024,65.6245,68.41505,64.8479,33.33333
18.77999,69.32477,65.66005,68.43803,64.88359,33.33333
18.79999,69.34705,65.69547,68.46089,64.91916,33.33333
18.81999,69.3692,65.73077,68.48367,64.95461,33.33333
18.83999,69.39127,65.76593,68.50633,64.98992,33.33333
18.85999,69.41324,65.80095,68.5289,65.02512,33.33333
18.87999,69.43509,65.83586,68.55136,65.06019,33.33333
18.89999,69.45685,65.87064,68.57373,65.09513,33.33333
18.91999,69.47852,65.90529,68.59599,65.12996,33.33333
18.93999,69.50006,65.93983,68.61816,65.16466,33.33333
18.95999,69.52151,65.97424,68.64022,65.19923,33.33333
18.97999,69.54285,66.00853,68.66219,65.23369,33.33333
18.99999,69.56409,66.04268,68.68405,65.26802,33.33333
19.01999,69.58524,66.07671,68.70582,65.30223,33.33333
19.03999,69.60626,66.11063,68.72749,65.33632,33.33333
19.05999,69.6272,66.14442,68.74906,65.37029,33.33333
19.07999,69.64801,66.1781,68.77053,65.40413,33.33333
19.09999,69.66873,66.21165,68.79191,65.43785,33.33333
19.11999,69.68936,66.24509,68.81319,65.47145,33.33333
19.13999,69.7099,66.2784,68.83437,65.50494,33.33333
19.15999,69.73035,66.31155,68.85546,65.53829,33.33333
19.17999,69.7507,66.34459,68.87646,65.57153,33.33333
19.19999,69.77097,66.3775,68.89735,65.60465,33.33333
19.21999,69.79111,66.41031,68.91815,65.63766,33.33333
19.23999,69.81116,66.44299,68.93886,65.67054,33.33333
19.25999,69.83109,66.47556,68.95947,65.7033,33.33333
19.27999,69.85095,66.508,68.97999,65.73594,33.33333
19.29999,69.8707,66.54031,69.00041,65.76846,33.33333
19.31999,69.89035,66.57251,69.02074,65.80087,33.33333
19.33999,69.90991,66.60458,69.04098,65.83316,33.33333
19.35999,69.92938,66.63654,69.06113,65.86533,33.33333
19.37999,69.94876,66.66837,69.08118,65.89738,33.33333
19.39999,69.96805,66.70007,69.10114,65.92931,33.33333
19.41999,69.98724,66.73166,69.121,65.96113,33.33333
19.43999,70.00635,66.76315,69.14078,65.99283,33.33333
19.45999,70.02536,66.79449,69.16046,66.02441,33.33333
19.47999,70.04425,66.82574,69.18005,66.05589,33.33333
19.49999,70.06308,66.85687,69.19955,66.08723,33.33333
19.51999,70.08179,66.88788,69.21897,66.11847,33.33333
19.53999,70.1004,66.91876,69.23829,66.14959,33.33333
19.55999,70.11896,66.94952,69.25752,66.1806,33.33333
19.57999,70.13742,66.98016,69.27667,66.21149,33.33333
19.59999,70.15576,67.01071,69.29572,66.24226,33.33333
19.61999,70.17404,67.04114,69.31469,66.27292,33.33333
19.63999,70.19223,67.07144,69.33357,66.30346,33.33333
19.65999,70.21033,67.10162,69.35236,66.33389,33.33333
19.67999,70.22833,67.13168,69.37106,66.36421,33.33333
19.69999,70.24622,67.16165,69.38968,66.39442,33.33333
19.71999,70.26401,67.1915,69.40821,66.42451,33.33333
19.73999,70.28174,67.22122,69.42665,66.45448,33.33333
19.75999,70.29938,67.25082,69.44501,66.48434,33.33333
19.77999,70.31693,67.28033,69.46327,66.5141,33.33333
19.79999,70.33438,67.30972,69.48146,66.54374,33.33333
19.81999,70.35175,67.33899,69.49956,66.57327,33.33333
19.83999,70.36905,67.36813,69.51757,66.60268,33.33333
19.85999,70.38626,67.39716,69.5355,66.63199,33.33333
19.87999,70.40338,67.42609,69.55334,66.66118,33.33333
19.89999,70.42041,67.4549,69.57111,66.69026,33.33333
19.91999,70.43735,67.48361,69.58878,66.71924,33.33333
19.93999,70.45419,67.51221,69.60638,66.7481,33.33333
19.95999,70.47098,67.54068,69.62389,66.77685,33.33333
19.97999,70.48767,67.56903,69.64131,66.80549,33.33333
19.99999,70.50427,67.59729,69.65865,66.83402,33.33333
20.01999,70.52081,67.62543,69.67592,66.86245,33.33333
20.03999,70.53726,67.65344,69.6931,66.89076,33.33333
20.05999,70.55359,67.68137,69.7102,66.91897,33.33333
20.07999,70.56985,67.70917,69.72721,66.94707,33.33333
20.09999,70.58603,67.73688,69.74415,66.97505,33.33333
20.11999,70.60214,67.76447,69.76101,67.00294,33.33333
20.13999,70.61816,67.79193,69.77779,67.03071,33.33333
20.15999,70.63409,67.81927,69.79448,67.05838,33.33333
20.17999,70.64993,67.84653,69.8111,67.08594,33.33333
20.19999,70.66571,67.87366,69.82764,67.11339,33.33333
20.21999,70.68143,67.90067,69.84409,67.14073,33.33333
20.23999,70.69702,67.92758,69.86047,67.16798,33.33333
20.25999,70.71255,67.95441,69.87677,67.19511,33.33333
20.27999,70.72803,67.98111,69.893,67.22214,33.33333
20.29999,70.74341,68.00772,69.90914,67.24906,33.33333
20.31999,70.7587,68.03421,69.92521,67.27588,33.33333
20.33999,70.77393,68.06058,69.9412,67.30259,33.33333
20.35999,70.78906,68.08685,69.95711,67.32919,33.33333
20.37999,70.80411,68.11304,69.97295,67.3557,33.33333
20.39999,70.81909,68.1391,69.9887,67.3821,33.33333
20.41999,70.83398,68.16507,70.00439,67.40839,33.33333
20.43999,70.84882,68.19092,70.02,67.43459,33.33333
20.45999,70.86356,68.21667,70.03553,67.46067,33.33333
20.47999,70.87823,68.24231,70.05099,67.48666,33.33333
20.49999,70.89282,68.26785,70.06637,67.51254,33.33333
20.51999,70.90735,68.29327,70.08168,67.53832,33.33333
20.53999,70.92178,68.3186,70.09692,67.564,33.33333
20.55999,70.93616,68.34381,70.11208,67.58958,33.33333
20.57999,70.95044,68.36893,70.12716,67.61505,33.33333
20.59999,70.96466,68.39395,70.14217,67.64043,33.33333
20.61999,70.97879,68.41885,70.15711,67.6657,33.33333
20.63999,70.99286,68.44366,70.17198,67.69087,33.33333
20.65999,71.00684,68.46838,70.18678,67.71594,33.33333
20.67999,71.02075,68.49301,70.2015,67.74091,33.33333
20.69999,71.03461,68.51752,70.21615,67.76579,33.33333
20.71999,71.04837,68.5419,70.23073,67.79056,33.33333
20.73999,71.06207,68.56619,70.24524,67.81523,33.33333
20.75999,71.07568,68.59039,70.25967,67.83981,33.33333
20.77999,71.08923,68.61447,70.27404,67.86428,33.33333
20.79999,71.10272,68.63846,70.28834,67.88866,33.33333
20.81999,71.11612,68.66235,70.30257,67.91293,33.33333
20.83999,71.12946,68.68613,70.31672,67.93711,33.33333
20.85999,71.14273,68.70984,70.3308,67.9612,33.33333
20.87999,71.15591,68.73346,70.34482,67.98518,33.33333
20.89999,71.16904,68.75696,70.35876,68.00906,33.33333
20.91999,71.18207,68.78036,70.37264,68.03286,33.33333
20.93999,71.19507,68.80365,70.38645,68.05655,33.33333
20.95999,71.20798,68.82687,70.40019,68.08015,33.33333
20.97999,71.22083,68.84998,70.41386,68.10365,33.33333
20.99999,71.23358,68.87299,70.42747,68.12706,33.33333
21.01999,71.24628,68.8959,70.44102,68.15037,33.33333
21.03999,71.25894,68.9187,70.45449,68.17358,33.33333
21.05999,71.27151,68.94141,70.4679,68.19671,33.33333
21.07999,71.28403,68.96402,70.48123,68.21973,33.33333
21.09999,71.29645,68.98654,70.49451,68.24266,33.33333
21.11999,71.30881,69.00897,70.50771,68.2655,33.33333
21.13999,71.32111,69.03128,70.52086,68.28825,33.33333
21.15999,71.33334,69.0535,70.53394,68.3109,33.33333
21.17999,71.34549,69.07565,70.54694,68.33345,33.33333
21.19999,71.3576,69.09769,70.55989,68.35592,33.33333
21.21999,71.36966,69.11963,70.57277,68.37829,33.33333
21.23999,71.38165,69.14148,70.58559,68.40057,33.33333
21.25999,71.39355,69.16324,70.59834,68.42275,33.33333
21.27999,71.4054,69.18491,70.61103,68.44485,33.33333
21.29999,71.41718,69.20648,70.62366,68.46685,33.33333
21.31999,71.42889,69.22797,70.63622,68.48876,33.33333
21.33999,71.44055,69.24936,70.64872,68.51058,33.33333
21.35999,71.45215,69.27063,70.66116,68.53231,33.33333
21.37999,71.46368,69.29181,70.67353,68.55395,33.33333
21.39999,71.47516,69.3129,70.68584,68.5755,33.33333
21.41999,71.48657,69.33389,70.6981,68.59695,33.33333
21.43999,71.49789,69.3548,70.71029,68.61832,33.33333
21.45999,71.50916,69.37561,70.72242,68.6396,33.33333
21.47999,71.52036,69.39633,70.73449,68.6608,33.33333
21.49999,71.53149,69.41696,70.7465,68.6819,33.33333
21.51999,71.54257,69.43753,70.75845,68.70291,33.33333
21.53999,71.55359,69.45801,70.77033,68.72384,33.33333
21.55999,71.56454,69.47839,70.78216,68.74467,33.33333
21.57999,71.57544,69.49869,70.79392,68.76542,33.33333
21.59999,71.5863,69.51886,70.80563,68.78609,33.33333
21.61999,71.59708,69.53897,70.81728,68.80666,33.33333
21.63999,71.60779,69.55899,70.82887,68.82715,33.33333
21.65999,71.61844,69.57892,70.84039,68.84755,33.33333
21.67999,71.62903,69.59875,70.85187,68.86787,33.33333
21.69999,71.63959,69.6185,70.86328,68.8881,33.33333
21.71999,71.65005,69.63815,70.87463,68.90824,33.33333
21.73999,71.66046,69.65775,70.88593,68.9283,33.33333
21.75999,71.67084,69.67722,70.89717,68.94827,33.33333
21.77999,71.68115,69.69662,70.90836,68.96815,33.33333
21.79999,71.69138,69.71594,70.91948,68.98796,33.33333
21.81999,71.70157,69.73517,70.93055,69.00768,33.33333
21.83999,71.7117,69.7543,70.94156,69.02731,33.33333
21.85999,71.72177,69.77338,70.95251,69.04686,33.33333
21.87999,71.73178,69.79233,70.96342,69.06633,33.33333
21.89999,71.74173,69.81122,70.97426,69.08571,33.33333
21.91999,71.75165,69.83002,70.98505,69.10501,33.33333
21.93999,71.76147,69.84872,70.99578,69.12423,33.33333
21.95999,71.77127,69.86734,71.00646,69.14336,33.33333
21.97999,71.78101,69.88589,71.01709,69.16241,33.33333
21.99999,71.79068,69.90436,71.02766,69.18138,33.33333
22.01999,71.80029,69.92276,71.03817,69.20027,33.33333
22.03999,71.80988,69.94104,71.04863,69.21908,33.33333
22.05999,71.81937,69.95926,71.05904,69.2378,33.33333
22.07999,71.82883,69.97739,71.06939,69.25645,33.33333
22.09999,71.83823,69.99542,71.07969,69.27501,33.33333
22.11999,71.84756,70.0134,71.08994,69.2935,33.33333
22.13999,71.85687,70.03128,71.10013,69.3119,33.33333
22.15999,71.86612,70.04907,71.11027,69.33022,33.33333
22.17999,71.87531,70.0668,71.12036,69.34846,33.33333
22.19999,71.88443,70.08444,71.1304,69.36663,33.33333
22.21999,71.89352,70.10199,71.14039,69.38471,33.33333
22.23999,71.90256,70.11945,71.15032,69.40272,33.33333
22.25999,71.91153,70.13684,71.1602,69.42065,33.33333
22.27999,71.92044,70.15414,71.17004,69.4385,33.33333
22.29999,71.92932,70.17139,71.17982,69.45627,33.33333
22.31999,71.93814,70.18854,71.18954,69.47396,33.33333
22.33999,71.94693,70.2056,71.19923,69.49158,33.33333
22.35999,71.95563,70.2226,71.20885,69.50912,33.33333
22.37999,71.96429,70.23953,71.21844,69.52658,33.33333
22.39999,71.9729,70.25638,71.22797,69.54397,33.33333
22.41999,71.98148,70.27313,71.23745,69.56128,33.33333
22.43999,71.98999,70.28983,71.24688,69.57851,33.33333
22.45999,71.99847,70.30643,71.25626,69.59566,33.33333
22.47999,72.0069,70.32294,71.26559,69.61275,33.33333
22.49999,72.01529,70.33939,71.27488,69.62975,33.33333
22.51999,72.02362,70.35574,71.28412,69.64668,33.33333
22.53999,72.03189,70.37204,71.2933,69.66354,33.33333
22.55999,72.04013,70.38824,71.30244,69.68032,33.33333
22.57999,72.04831,70.40439,71.31154,69.69703,33.33333
22.59999,72.05646,70.42044,71.32059,69.71366,33.33333
22.61999,72.06454,70.43643,71.32958,69.73022,33.33333
22.63999,72.07257,70.45233,71.33853,69.7467,33.33333
22.65999,72.08057,70.46817,71.34743,69.76311,33.33333
22.67999,72.0885,70.48395,71.35629,69.77946,33.33333
22.69999,72.09637,70.49963,71.3651,69.79572,33.33333
22.71999,72.10422,70.51526,71.37387,69.81191,33.33333
22.73999,72.112,70.53082,71.38259,69.82803,33.33333
22.75999,72.11975,70.5463,71.39127,69.84409,33.33333
22.77999,72.12747,70.56168,71.39989,69.86006,33.33333
22.79999,72.13513,70.577,71.40848,69.87597,33.33333
22.81999,72.14273,70.59225,71.41702,69.8918,33.33333
22.83999,72.1503,70.60745,71.42551,69.90756,33.33333
22.85999,72.15784,70.62256,71.43395,69.92326,33.33333
22.87999,72.16534,70.6376,71.44235,69.93888,33.33333
22.89999,72.17276,70.65256,71.45071,69.95443,33.33333
22.91999,72.18015,70.66745,71.45902,69.96991,33.33333
22.93999,72.18747,70.68225,71.46729,69.98532,33.33333
22.95999,72.19476,70.69699,71.47552,70.00066,33.33333
22.97999,72.20203,70.71167,71.4837,70.01594,33.33333
22.99999,72.20923,70.72626,71.49184,70.03114,33.33333
23.01999,72.2164,70.74078,71.49993,70.04628,33.33333
23.03999,72.22354,70.75525,71.50798,70.06135,33.33333
23.05999,72.23062,70.76962,71.51599,70.07635,33.33333
23.07999,72.23767,70.78397,71.52396,70.09128,33.33333
23.09999,72.24466,70.79822,71.53188,70.10614,33.33333
23.11999,72.25162,70.81241,71.53976,70.12093,33.33333
23.13999,72.25848,70.82654,71.54761,70.13567,33.33333
23.15999,72.26535,70.84058,71.5554,70.15032,33.33333
23.17999,72.27219,70.85455,71.56316,70.16492,33.33333
23.19999,72.27896,70.86847,71.57088,70.17945,33.33333
23.21999,72.28571,70.88232,71.57855,70.19391,33.33333
23.23999,72.29239,70.89609,71.58619,70.20831,33.33333
23.25999,72.29904,70.90982,71.59378,70.22263,33.33333
23.27999,72.30569,70.92346,71.60133,70.23689,33.33333
23.29999,72.31226,70.93704,71.60885,70.25109,33.33333
23.31999,72.31882,70.95056,71.61632,70.26522,33.33333
23.33999,72.32529,70.96402,71.62375,70.27929,33.33333
23.35999,72.33176,70.97739,71.63114,70.29329,33.33333
23.37999,72.33817,70.99069,71.6385,70.30723,33.33333
23.39999,72.34454,71.00394,71.64581,70.32111,33.33333
23.41999,72.35086,71.01712,71.65308,70.33492,33.33333
23.43999,72.35715,71.03024,71.66031,70.34866,33.33333
23.45999,72.36337,71.0433,71.6675,70.36234,33.33333
23.47999,72.3696,71.05627,71.67466,70.37596,33.33333
23.49999,72.37579,71.06921,71.68178,70.38952,33.33333
23.51999,72.38193,71.08206,71.68886,70.40302,33.33333
23.53999,72.38806,71.09485,71.6959,70.41645,33.33333
23.55999,72.3941,71.1076,71.7029,70.42982,33.33333
23.57999,72.40015,71.12027,71.70987,70.44312,33.33333
23.59999,72.40613,71.13287,71.7168,70.45637,33.33333
23.61999,72.41211,71.14542,71.72369,70.46955,33.33333
23.63999,72.418,71.1579,71.73054,70.48267,33.33333
23.65999,72.42389,71.17032,71.73736,70.49574,33.33333
23.67999,72.42972,71.18268,71.74414,70.50874,33.33333
23.69999,72.43555,71.19498,71.75089,70.52168,33.33333
23.71999,72.44131,71.20718,71.75759,70.53455,33.33333
23.73999,72.44705,71.21936,71.76426,70.54737,33.33333
23.75999,72.45273,71.23148,71.7709,70.56013,33.33333
23.77999,72.4584,71.24353,71.7775,70.57283,33.33333
23.79999,72.46402,71.25552,71.78406,70.58547,33.33333
23.81999,72.46964,71.26746,71.79059,70.59805,33.33333
23.83999,72.47519,71.2793,71.79708,70.61057,33.33333
23.85999,72.48074,71.29108,71.80354,70.62304,33.33333
23.87999,72.48621,71.30283,71.80996,70.63544,33.33333
23.89999,72.49167,71.31451,71.81635,70.64779,33.33333
23.91999,72.49707,71.32614,71.8227,70.66008,33.33333
23.93999,72.50241,71.33771,71.82902,70.67231,33.33333
23.95999,72.50775,71.34921,71.8353,70.68448,33.33333
23.97999,72.51303,71.36066,71.84155,70.69659,33.33333
23.99999,72.51831,71.37204,71.84776,70.70865,33.33333
24.01999,72.52353,71.38336,71.85394,70.72065,33.33333
24.03999,72.52875,71.39462,71.86009,70.7326,33.33333
24.05999,72.53391,71.40585,71.8662,70.74448,33.33333
24.07999,72.53906,71.41702,71.87228,70.75632,33.33333
24.09999,72.54416,71.42813,71.87833,70.76809,33.33333
24.11999,72.54926,71.43918,71.88434,70.77981,33.33333
24.13999,72.55429,71.45016,71.89032,70.79147,33.33333
24.15999,72.55927,71.46109,71.89627,70.80308,33.33333
24.17999,72.56424,71.47198,71.90218,70.81463,33.33333
24.19999,72.56915,71.48282,71.90807,70.82613,33.33333
24.21999,72.57407,71.49359,71.91392,70.83757,33.33333
24.23999,72.57892,71.5043,71.91974,70.84896,33.33333
24.25999,72.5838,71.51495,71.92552,70.8603,33.33333
24.27999,72.58862,71.52554,71.93127,70.87157,33.33333
24.29999,72.59338,71.53607,71.937,70.8828,33.33333
24.31999,72.59814,71.54657,71.94269,70.89397,33.33333
24.33999,72.60284,71.55701,71.94835,70.90508,33.33333
24.35999,72.60754,71.56738,71.95398,70.91615,33.33333
24.37999,72.61218,71.57773,71.95958,70.92715,33.33333
24.39999,72.61679,71.58798,71.96515,70.93811,33.33333
24.41999,72.6214,71.59821,71.97069,70.94902,33.33333
24.43999,72.62595,71.60837,71.9762,70.95988,33.33333
24.45999,72.63049,71.61847,71.98167,70.97068,33.33333
24.47999,72.63498,71.62854,71.98712,70.98143,33.33333
24.49999,72.63943,71.63852,71.99254,70.99213,33.33333
24.51999,72.64389,71.64847,71.99792,71.00277,33.33333
24.53999,72.64828,71.65836,72.00328,71.01337,33.33333
24.55999,72.65268,71.66821,72.00861,71.02391,33.33333
24.57999,72.65704,71.67801,72.0139,71.0344,33.33333
24.59999,72.66135,71.68774,72.01917,71.04485,33.33333
24.61999,72.66565,71.69745,72.0244,71.05524,33.33333
24.63999,72.66989,71.70709,72.02961,71.06557,33.33333
24.65999,72.67416,71.71667,72.03479,71.07587,33.33333
24.67999,72.67838,71.72623,72.03994,71.08611,33.33333
24.69999,72.68253,71.73572,72.04506,71.0963,33.33333
24.71999,72.68671,71.74515,72.05015,71.10644,33.33333
24.73999,72.69083,71.75455,72.05521,71.11653,33.33333
24.75999,72.69489,71.76389,72.06025,71.12657,33.33333
24.77999,72.69897,71.77316,72.06525,71.13657,33.33333
24.79999,72.703,71.78241,72.07024,71.14651,33.33333
24.81999,72.70703,71.79163,72.07519,71.1564,33.33333
24.83999,72.71103,71.80075,72.08011,71.16625,33.33333
24.85999,72.71497,71.80984,72.08501,71.17605,33.33333
24.87999,72.71893,71.81888,72.08987,71.1858,33.33333
24.89999,72.72284,71.82788,72.09472,71.1955,33.33333
24.91999,72.72672,71.83682,72.09953,71.20516,33.33333
24.93999,72.73059,71.8457,72.10432,71.21477,33.33333
24.95999,72.73441,71.85455,72.10909,71.22433,33.33333
24.97999,72.73819,71.86334,72.11382,71.23384,33.33333
24.99999,72.74197,71.8721,72.11853,71.24331,33.33333
25.01999,72.74573,71.8808,72.12321,71.25273,33.33333
25.03999,72.74942,71.88947,72.12787,71.26211,33.33333
25.05999,72.75311,71.8981,72.1325,71.27144,33.33333
25.07999,72.75677,71.90668,72.1371,71.28072,33.33333
25.09999,72.76038,71.91522,72.14168,71.28996,33.33333
25.11999,72.76404,71.92368,72.14623,71.29916,33.33333
25.13999,72.76764,71.9321,72.15076,71.3083,33.33333
25.15999,72.77118,71.94049,72.15526,71.31741,33.33333
25.17999,72.77472,71.94885,72.15974,71.32646,33.33333
25.19999,72.77826,71.95712,72.16418,71.33547,33.33333
25.21999,72.78174,71.96536,72.16861,71.34444,33.33333
25.23999,72.78522,71.97357,72.17301,71.35336,33.33333
25.25999,72.7887,71.98169,72.17738,71.36224,33.33333
25.27999,72.79211,71.98978,72.18173,71.37107,33.33333
25.29999,72.79553,71.99783,72.18606,71.37986,33.33333
25.31999,72.79889,72.00586,72.19036,71.3886,33.33333
25.33999,72.80225,72.01382,72.19464,71.39731,33.33333
25.35999,72.80554,72.02176,72.19889,71.40597,33.33333
25.37999,72.80884,72.02966,72.20312,71.41458,33.33333
25.39999,72.81213,72.03748,72.20732,71.42316,33.33333
25.41999,72.81537,72.04526,72.2115,71.43169,33.33333
25.43999,72.8186,72.05304,72.21566,71.44017,33.33333
25.45999,72.82184,72.06073,72.2198,71.44862,33.33333
25.47999,72.82501,72.06839,72.22391,71.45702,33.33333
25.49999,72.82819,72.07602,72.228,71.46538,33.33333
25.51999,72.83136,72.08359,72.23206,71.47369,33.33333
25.53999,72.83447,72.09113,72.23611,71.48197,33.33333
25.55999,72.83752,72.09863,72.24013,71.4902,33.33333
25.57999,72.84064,72.10605,72.24413,71.4984,33.33333
25.59999,72.84369,72.11346,72.2481,71.50655,33.33333
25.61999,72.84668,72.12085,72.25205,71.51466,33.33333
25.63999,72.84973,72.12817,72.25598,71.52273,33.33333
25.65999,72.85272,72.13547,72.25989,71.53075,33.33333
25.67999,72.85565,72.14273,72.26377,71.53874,33.33333
25.69999,72.85858,72.14993,72.26763,71.54669,33.33333
25.71999,72.86151,72.1571,72.27147,71.5546,33.33333
25.73999,72.86438,72.16428,72.27528,71.56246,33.33333
25.75999,72.86725,72.17136,72.27908,71.57029,33.33333
25.77999,72.87012,72.17841,72.28284,71.57808,33.33333
25.79999,72.87299,72.18539,72.2866,71.58583,33.33333
25.81999,72.87579,72.19235,72.29033,71.59354,33.33333
25.83999,72.87854,72.19931,72.29404,71.6012,33.33333
25.85999,72.88135,72.20618,72.29772,71.60883,33.33333
25.87999,72.88409,72.21304,72.30138,71.61642,33.33333
25.89999,72.88684,72.21982,72.30503,71.62398,33.33333
25.91999,72.88953,72.22659,72.30865,71.63149,33.33333
25.93999,72.89221,72.23334,72.31226,71.63897,33.33333
25.95999,72.8949,72.24002,72.31583,71.64641,33.33333
25.97999,72.89752,72.2467,72.3194,71.65381,33.33333
25.99999,72.90015,72.2533,72.32294,71.66117,33.33333
26.01999,72.90277,72.25989,72.32645,71.6685,33.33333
26.03999,72.9054,72.26639,72.32996,71.67578,33.33333
26.05999,72.90796,72.27289,72.33344,71.68303,33.33333
26.07999,72.91046,72.27939,72.3369,71.69024,33.33333
26.09999,72.91302,72.2858,72.34034,71.69742,33.33333
26.11999,72.91553,72.29221,72.34376,71.70456,33.33333
26.13999,72.91803,72.29855,72.34716,71.71166,33.33333
26.15999,72.92047,72.30487,72.35054,71.71873,33.33333
26.17999,72.92297,72.31113,72.3539,71.72575,33.33333
26.19999,72.92542,72.31738,72.35725,71.73275,33.33333
26.21999,72.9278,72.32361,72.36057,71.73971,33.33333
26.23999,72.93018,72.32977,72.36387,71.74663,33.33333
26.25999,72.93256,72.33594,72.36715,71.75352,33.33333
26.27999,72.93494,72.34204,72.37041,71.76037,33.33333
26.29999,72.93726,72.34811,72.37366,71.76718,33.33333
26.31999,72.93958,72.35413,72.37688,71.77396,33.33333
26.33999,72.94183,72.36014,72.3801,71.78071,33.33333
26.35999,72.94415,72.36609,72.38329,71.78742,33.33333
26.37999,72.94641,72.37204,72.38646,71.7941,33.33333
26.39999,72.94867,72.3779,72.38961,71.80074,33.33333
26.41999,72.95087,72.38376,72.39275,71.80734,33.33333
26.43999,72.95313,72.38956,72.39586,71.81391,33.33333
26.45999,72.95532,72.39536,72.39896,71.82045,33.33333
26.47999,72.95752,72.40109,72.40204,71.82695,33.33333
26.49999,72.95966,72.40683,72.4051,71.83342,33.33333
26.51999,72.96179,72.41251,72.40814,71.83986,33.33333
26.53999,72.96393,72.41818,72.41117,71.84626,33.33333
26.55999,72.96606,72.42377,72.41418,71.85263,33.33333
26.57999,72.96814,72.42935,72.41717,71.85897,33.33333
26.59999,72.97021,72.43488,72.42014,71.86527,33.33333
26.61999,72.97229,72.4404,72.4231,71.87154,33.33333
26.63999,72.97437,72.44586,72.42604,71.87778,33.33333
26.65999,72.97638,72.45132,72.42896,71.88399,33.33333
26.67999,72.97839,72.45673,72.43187,71.89016,33.33333
26.69999,72.98035,72.46213,72.43476,71.8963,33.33333
26.71999,72.98236,72.46747,72.43763,71.90241,33.33333
26.73999,72.98431,72.47281,72.44048,71.90849,33.33333
26.75999,72.98627,72.47809,72.44332,71.91453,33.33333
26.77999,72.98816,72.48337,72.44614,71.92054,33.33333
26.79999,72.99005,72.48859,72.44895,71.92652,33.33333
26.81999,72.992,72.49374,72.45174,71.93247,33.33333
26.83999,72.9939,72.4989,72.45451,71.93839,33.33333
26.85999,72.99579,72.504,72.45726,71.94428,33.33333
26.87999,72.99762,72.50909,72.46,71.95013,33.33333
26.89999,72.99945,72.51416,72.46272,71.95596,33.33333
26.91999,73.00128,72.51923,72.46543,71.96175,33.33333
26.93999,73.00311,72.52423,72.46812,71.96751,33.33333
26.95999,73.00488,72.52924,72.4708,71.97324,33.33333
26.97999,73.00665,72.53418,72.47346,71.97894,33.33333
26.99999,73.00842,72.53906,72.4761,71.9846,33.33333
27.01999,73.01019,72.54395,72.47872,71.99025,33.33333
27.03999,73.01196,72.54877,72.48133,71.99586,33.33333
27.05999,73.01367,72.55362,72.48392,72.00145,33.33333
27.07999,73.01538,72.55841,72.4865,72.007,33.33333
27.09999,73.01703,72.5632,72.48907,72.01253,33.33333
27.11999,73.01868,72.56793,72.49162,72.01802,33.33333
27.13999,73.02039,72.5726,72.49415,72.02348,33.33333
27.15999,73.02203,72.5773,72.49667,72.02892,33.33333
27.17999,73.02368,72.58194,72.49917,72.03432,33.33333
27.19999,73.02527,72.58658,72.50166,72.0397,33.33333
27.21999,73.02686,72.59116,72.50414,72.04505,33.33333
27.23999,73.0285,72.5957,72.50661,72.05037,33.33333
27.25999,73.03009,72.60022,72.50906,72.05566,33.33333
27.27999,73.03168,72.60474,72.51149,72.06093,33.33333
27.29999,73.0332,72.60925,72.51391,72.06616,33.33333
27.31999,73.03473,72.61371,72.51631,72.07137,33.33333
27.33999,73.03625,72.6181,72.5187,72.07655,33.33333
27.35999,73.03778,72.6225,72.52107,72.0817,33.33333
27.37999,73.03931,72.62683,72.52343,72.08683,33.33333
27.39999,73.04077,72.63123,72.52578,72.09193,33.33333
27.41999,73.04224,72.63556,72.52811,72.09699,33.33333
27.43999,73.0437,72.63983,72.53043,72.10204,33.33333
27.45999,73.0451,72.6441,72.53274,72.10705,33.33333
27.47999,73.04657,72.64832,72.53503,72.11204,33.33333
27.49999,73.04803,72.65247,72.5373,72.117,33.33333
27.51999,73.04944,72.65668,72.53957,72.12193,33.33333
27.53999,73.05084,72.66083,72.54182,72.12684,33.33333
27.55999,73.05219,72.66498,72.54405,72.13172,33.33333
27.57999,73.05353,72.66907,72.54627,72.13657,33.33333
27.59999,73.05487,72.6731,72.54848,72.1414,33.33333
27.61999,73.05621,72.67719,72.55068,72.1462,33.33333
27.63999,73.05756,72.68121,72.55286,72.15098,33.33333
27.65999,73.0589,72.68518,72.55503,72.15573,33.33333
27.67999,73.06018,72.68915,72.55719,72.16045,33.33333
27.69999,73.06146,72.69312,72.55933,72.16515,33.33333
27.71999,73.06274,72.69702,72.56146,72.16983,33.33333
27.73999,73.06403,72.70093,72.56358,72.17448,33.33333
27.75999,73.06531,72.70477,72.56569,72.1791,33.33333
27.77999,73.06659,72.70856,72.56778,72.1837,33.33333
27.79999,73.06781,72.7124,72.56986,72.18827,33.33333
27.81999,73.06903,72.71619,72.57193,72.19282,33.33333
27.83999,73.07025,72.71991,72.57398,72.19734,33.33333
27.85999,73.07141,72.72363,72.57603,72.20184,33.33333
27.87999,73.07263,72.72736,72.57806,72.20631,33.33333
27.89999,73.07385,72.73102,72.58008,72.21075,33.33333
27.91999,73.07501,72.73468,72.58208,72.21518,33.33333
27.93999,73.07617,72.73834,72.58408,72.21958,33.33333
27.95999,73.07733,72.74194,72.58606,72.22396,33.33333
27.97999,73.07843,72.74554,72.58803,72.22831,33.33333
27.99999,73.07953,72.74908,72.58999,72.23264,33.33333
28.01999,73.08069,72.75262,72.59193,72.23694,33.33333
28.03999,73.08179,72.75616,72.59387,72.24122,33.33333
28.05999,73.08289,72.75964,72.59579,72.24548,33.33333
28.07999,73.08398,72.76312,72.5977,72.24971,33.33333
28.09999,73.08502,72.7666,72.5996,72.25392,33.33333
28.11999,73.08606,72.77002,72.60149,72.25811,33.33333
28.13999,73.0871,72.77344,72.60336,72.26228,33.33333
28.15999,73.08813,72.77686,72.60522,72.26642,33.33333
28.17999,73.08917,72.78021,72.60708,72.27054,33.33333
28.19999,73.09021,72.78357,72.60892,72.27464,33.33333
28.21999,73.09119,72.78693,72.61075,72.27871,33.33333
28.23999,73.09216,72.79022,72.61256,72.28276,33.33333
28.25999,73.09314,72.79352,72.61437,72.28679,33.33333
28.27999,73.09412,72.79675,72.61617,72.29079,33.33333
28.29999,73.09503,72.79999,72.61796,72.29478,33.33333
28.31999,73.09601,72.80322,72.61974,72.29874,33.33333
28.33999,73.09698,72.8064,72.6215,72.30267,33.33333
28.35999,73.0979,72.80957,72.62325,72.30659,33.33333
28.37999,73.09882,72.81274,72.62499,72.31049,33.33333
28.39999,73.09973,72.81586,72.62672,72.31436,33.33333
28.41999,73.10065,72.81891,72.62845,72.31821,33.33333
28.43999,73.1015,72.82202,72.63016,72.32204,33.33333
28.45999,73.10236,72.82507,72.63186,72.32585,33.33333
28.47999,73.10327,72.82813,72.63355,72.32964,33.33333
28.49999,73.10413,72.83118,72.63523,72.3334,33.33333
28.51999,73.10498,72.83417,72.6369,72.33715,33.33333
28.53999,73.10583,72.83716,72.63856,72.34087,33.33333
28.55999,73.10669,72.84009,72.64021,72.34457,33.33333
28.57999,73.10748,72.84308,72.64185,72.34826,33.33333
28.59999,73.10828,72.84601,72.64347,72.35192,33.33333
28.61999,73.10907,72.84888,72.64509,72.35556,33.33333
28.63999,73.10986,72.85175,72.6467,72.35918,33.33333
28.65999,73.11066,72.85461,72.6483,72.36279,33.33333
28.67999,73.11145,72.85748,72.64989,72.36636,33.33333
28.69999,73.11224,72.86029,72.65147,72.36993,33.33333
28.71999,73.11304,72.86304,72.65304,72.37347,33.33333
28.73999,73.11377,72.86584,72.65459,72.37698,33.33333
28.75999,73.1145,72.86859,72.65614,72.38049,33.33333
28.77999,73.11523,72.87134,72.65768,72.38396,33.33333
28.79999,73.11597,72.87402,72.65922,72.38743,33.33333
28.81999,73.1167,72.87677,72.66074,72.39087,33.33333
28.83999,73.11743,72.87946,72.66225,72.39429,33.33333
28.85999,73.11816,72.88208,72.66375,72.3977,33.33333
28.87999,73.1189,72.8847,72.66525,72.40108,33.33333
28.89999,73.11957,72.88733,72.66673,72.40444,33.33333
28.91999,73.12024,72.88995,72.6682,72.40778,33.33333
28.93999,73.12091,72.89252,72.66966,72.41111,33.33333
28.95999,73.12158,72.89508,72.67112,72.41441,33.33333
28.97999,73.12219,72.89764,72.67257,72.4177,33.33333
28.99999,73.1228,72.90021,72.674,72.42097,33.33333
29.01999,73.12347,72.90271,72.67543,72.42422,33.33333
29.03999,73.12415,72.90521,72.67685,72.42746,33.33333
29.05999,73.12476,72.90771,72.67826,72.43067,33.33333
29.07999,73.12537,72.91016,72.67966,72.43387,33.33333
29.09999,73.12598,72.9126,72.68106,72.43704,33.33333
29.11999,73.12659,72.91498,72.68244,72.4402,33.33333
29.13999,73.1272,72.91736,72.68382,72.44334,33.33333
29.15999,73.12775,72.91974,72.68518,72.44646,33.33333
29.17999,73.1283,72.92212,72.68654,72.44957,33.33333
29.19999,73.12885,72.92444,72.68789,72.45266,33.33333
29.21999,73.12946,72.92676,72.68923,72.45573,33.33333
29.23999,73.13,72.92908,72.69057,72.45878,33.33333
29.25999,73.13055,72.9314,72.69189,72.46181,33.33333
29.27999,73.1311,72.93365,72.69321,72.46483,33.33333
29.29999,73.13165,72.93591,72.69452,72.46783,33.33333
29.31999,73.1322,72.93811,72.69582,72.47081,33.33333
29.33999,73.13269,72.94037,72.69711,72.47378,33.33333
29.35999,73.13318,72.94257,72.69839,72.47672,33.33333
29.37999,73.13367,72.94476,72.69966,72.47965,33.33333
29.39999,73.13416,72.94696,72.70093,72.48257,33.33333
29.41999,73.13464,72.9491,72.70219,72.48547,33.33333
29.43999,73.13513,72.95129,72.70344,72.48835,33.33333
29.45999,73.13562,72.95343,72.70468,72.49121,33.33333
29.47999,73.13611,72.95557,72.70592,72.49406,33.33333
29.49999,73.1366,72.95764,72.70715,72.49689,33.33333
29.51999,73.13708,72.95972,72.70837,72.4997,33.33333
29.53999,73.13751,72.96179,72.70958,72.5025,33.33333
29.55999,73.13794,72.96387,72.71078,72.50529,33.33333
29.57999,73.13837,72.96588,72.71198,72.50805,33.33333
29.59999,73.13879,72.9679,72.71317,72.5108,33.33333
29.61999,73.13922,72.96985,72.71436,72.51353,33.33333
29.63999,73.13959,72.97186,72.71553,72.51624,33.33333
29.65999,73.14001,72.97388,72.7167,72.51894,33.33333
29.67999,73.14044,72.97583,72.71786,72.52163,33.33333
29.69999,73.14087,72.97778,72.71901,72.5243,33.33333
29.71999,73.1413,72.97968,72.72015,72.52695,33.33333
29.73999,73.14166,72.98163,72.72129,72.52959,33.33333
29.75999,73.14203,72.98352,72.72242,72.53222,33.33333
29.77999,73.1424,72.98541,72.72354,72.53483,33.33333
29.79999,73.14276,72.9873,72.72466,72.53742,33.33333
29.81999,73.14313,72.98914,72.72576,72.54,33.33333
29.83999,73.14343,72.99103,72.72686,72.54256,33.33333
29.85999,73.14374,72.99286,72.72795,72.54511,33.33333
29.87999,73.14404,72.99469,72.72903,72.54765,33.33333
29.89999,73.14441,72.99646,72.73012,72.55016,33.33333
29.91999,73.14478,72.99823,72.73119,72.55267,33.33333
29.93999,73.14514,73,72.73226,72.55515,33.33333
29.95999,73.14545,73.00177,72.73332,72.55762,33.33333
29.97999,73.14575,73.00354,72.73438,72.56008,33.33333
29.99999,73.14606,73.00525,72.73542,72.56252,33.33333
30.01999,73.14636,73.00696,72.73646,72.56495,33.33333
30.03999,73.14667,73.00867,72.73749,72.56737,33.33333
30.05999,73.14697,73.01031,72.73851,72.56977,33.33333
30.07999,73.14722,73.01202,72.73953,72.57216,33.33333
30.09999,73.14746,73.01367,72.74055,72.57453,33.33333
30.11999,73.14771,73.01532,72.74155,72.57689,33.33333
30.13999,73.14795,73.01697,72.74255,72.57923,33.33333
30.15999,73.14825,73.01855,72.74355,72.58156,33.33333
30.17999,73.14856,73.02014,72.74453,72.58388,33.33333
30.19999,73.1488,73.02179,72.74551,72.58618,33.33333
30.21999,73.14905,73.02338,72.74648,72.58847,33.33333
30.23999,73.14929,73.02496,72.74745,72.59074,33.33333
30.25999,73.14954,73.02649,72.74841,72.593,33.33333
30.27999,73.14978,73.02802,72.74937,72.59525,33.33333
30.29999,73.15002,73.02954,72.75031,72.59749,33.33333
30.31999,73.15021,73.03107,72.75126,72.59971,33.33333
30.33999,73.15039,73.03259,72.7522,72.60191,33.33333
30.35999,73.15057,73.03412,72.75313,72.60411,33.33333
30.37999,73.15076,73.03558,72.75405,72.60629,33.33333
30.39999,73.15094,73.03705,72.75497,72.60846,33.33333
30.41999,73.15112,73.03851,72.75588,72.61062,33.33333
30.43999,73.15131,73.03992,72.75679,72.61276,33.33333
30.45999,73.15149,73.04138,72.75769,72.61489,33.33333
30.47999,73.15167,73.04279,72.75858,72.617,33.33333
30.49999,73.15186,73.04419,72.75947,72.61911,33.33333
30.51999,73.15204,73.04559,72.76035,72.6212,33.33333
30.53999,73.15222,73.04694,72.76123,72.62328,33.33333
30.55999,73.1524,73.04828,72.7621,72.62534,33.33333
30.57999,73.15259,73.04962,72.76296,72.6274,33.33333
30.59999,73.15271,73.05096,72.76382,72.62943,33.33333
30.61999,73.15283,73.05231,72.76468,72.63146,33.33333
30.63999,73.15295,73.05365,72.76553,72.63348,33.33333
30.65999,73.15308,73.05493,72.76637,72.63548,33.33333
30.67999,73.1532,73.05621,72.7672,72.63747,33.33333
30.69999,73.15332,73.0575,72.76804,72.63945,33.33333
30.71999,73.15344,73.05872,72.76886,72.64142,33.33333
30.73999,73.1535,73.06,72.76968,72.64337,33.33333
30.75999,73.15363,73.06128,72.77049,72.64532,33.33333
30.77999,73.15375,73.06256,72.7713,72.64725,33.33333
30.79999,73.15387,73.06378,72.7721,72.64917,33.33333
30.81999,73.15399,73.065,72.7729,72.65108,33.33333
30.83999,73.15411,73.06622,72.7737,72.65298,33.33333
30.85999,73.15424,73.06738,72.77448,72.65486,33.33333
30.87999,73.15436,73.06854,72.77527,72.65674,33.33333
30.89999,73.15442,73.06976,72.77605,72.6586,33.33333
30.91999,73.15448,73.07092,72.77682,72.66045,33.33333
30.93999,73.15454,73.07208,72.77759,72.66229,33.33333
30.95999,73.1546,73.07324,72.77835,72.66412,33.33333
30.97999,73.15466,73.07434,72.77911,72.66594,33.33333
30.99999,73.15472,73.07544,72.77986,72.66775,33.33333
31.01999,73.15479,73.07654,72.78061,72.66954,33.33333
31.03999,73.15485,73.07764,72.78135,72.67133,33.33333
31.05999,73.15485,73.07874,72.78209,72.6731,33.33333
31.07999,73.15485,73.07983,72.78282,72.67486,33.33333
31.09999,73.15491,73.08093,72.78355,72.67661,33.33333
31.11999,73.15497,73.08197,72.78427,72.67834,33.33333
31.13999,73.15503,73.08301,72.78499,72.68008,33.33333
31.15999,73.15509,73.08405,72.7857,72.68179,33.33333
31.17999,73.15515,73.08508,72.78641,72.6835,33.33333
31.19999,73.15521,73.08606,72.78711,72.6852,33.33333
31.21999,73.15521,73.0871,72.7878,72.68688,33.33333
31.23999,73.15521,73.08813,72.7885,72.68856,33.33333
31.25999,73.15521,73.08911,72.78918,72.69022,33.33333
31.27999,73.15521,73.09009,72.78987,72.69188,33.33333
31.29999,73.15521,73.09106,72.79055,72.69352,33.33333
31.31999,73.15521,73.09204,72.79122,72.69515,33.33333
31.33999,73.15521,73.09296,72.79189,72.69678,33.33333
31.35999,73.15521,73.09387,72.79256,72.69839,33.33333
31.37999,73.15521,73.09479,72.79322,72.69999,33.33333
31.39999,73.15515,73.09576,72.79388,72.70158,33.33333
31.41999,73.15509,73.09668,72.79453,72.70316,33.33333
31.43999,73.15503,73.0976,72.79517,72.70473,33.33333
31.45999,73.15497,73.09851,72.79581,72.7063,33.33333
31.47999,73.15491,73.09943,72.79646,72.70786,33.33333
31.49999,73.15491,73.10028,72.79709,72.7094,33.33333
31.51999,73.15491,73.10114,72.79772,72.71093,33.33333
31.53999,73.15491,73.10199,72.79835,72.71246,33.33333
31.55999,73.15491,73.10284,72.79897,72.71397,33.33333
31.57999,73.15491,73.10364,72.79958,72.71547,33.33333
31.59999,73.15485,73.10449,72.80019,72.71696,33.33333
31.61999,73.15479,73.10535,72.8008,72.71845,33.33333
31.63999,73.15472,73.1062,72.80141,72.71992,33.33333
31.65999,73.15466,73.10699,72.80201,72.72139,33.33333
31.67999,73.1546,73.10779,72.8026,72.72285,33.33333
31.69999,73.15454,73.10858,72.8032,72.7243,33.33333
31.71999,73.15448,73.10938,72.80379,72.72574,33.33333
31.73999,73.15442,73.11011,72.80437,72.72717,33.33333
31.75999,73.15436,73.11084,72.80495,72.72858,33.33333
31.77999,73.1543,73.11157,72.80553,72.73,33.33333
31.79999,73.15417,73.11237,72.8061,72.7314,33.33333
31.81999,73.15405,73.11316,72.80666,72.7328,33.33333
31.83999,73.15393,73.11389,72.80723,72.73418,33.33333
31.85999,73.15381,73.11462,72.80779,72.73555,33.33333
31.87999,73.15369,73.11536,72.80834,72.73692,33.33333
31.89999,73.15356,73.11609,72.80889,72.73827,33.33333
31.91999,73.1535,73.11676,72.80944,72.73962,33.33333
31.93999,73.15344,73.11743,72.80998,72.74097,33.33333
31.95999,73.15338,73.1181,72.81052,72.7423,33.33333
31.97999,73.15332,73.11877,72.81106,72.74362,33.33333
31.99999,73.15326,73.11945,72.81159,72.74493,33.33333
32.01999,73.1532,73.12006,72.81212,72.74624,33.33333
32.03999,73.15308,73.12073,72.81264,72.74754,33.33333
32.05999,73.15295,73.1214,72.81316,72.74883,33.33333
32.07999,73.15283,73.12207,72.81368,72.75011,33.33333
32.09999,73.15271,73.12268,72.81419,72.75138,33.33333
32.11999,73.15259,73.12329,72.8147,72.75265,33.33333
32.13999,73.15247,73.1239,72.81521,72.75391,33.33333
32.15999,73.15234,73.12451,72.81571,72.75516,33.33333
32.17999,73.15222,73.12512,72.81622,72.75639,33.33333
32.19999,73.1521,73.12567,72.81671,72.75762,33.33333
32.21999,73.15198,73.12622,72.81721,72.75884,33.33333
32.23999,73.15186,73.12677,72.8177,72.76006,33.33333
32.25999,73.15173,73.12732,72.81818,72.76126,33.33333
32.27999,73.15155,73.12793,72.81866,72.76246,33.33333
32.29999,73.15137,73.12848,72.81915,72.76365,33.33333
32.31999,73.15118,73.12903,72.81962,72.76483,33.33333
32.33999,73.151,73.12958,72.82009,72.76601,33.33333
32.35999,73.15082,73.13013,72.82056,72.76717,33.33333
32.37999,73.15063,73.13068,72.82102,72.76833,33.33333
32.39999,73.15045,73.13116,72.82149,72.76949,33.33333
32.41999,73.15033,73.13165,72.82195,72.77063,33.33333
32.43999,73.15021,73.13214,72.8224,72.77177,33.33333
32.45999,73.15009,73.13263,72.82285,72.7729,33.33333
32.47999,73.14996,73.13312,72.8233,72.77402,33.33333
32.49999,73.14984,73.13361,72.82375,72.77513,33.33333
32.51999,73.14972,73.13403,72.82419,72.77624,33.33333
32.53999,73.14954,73.13452,72.82463,72.77734,33.33333
32.55999,73.14935,73.13501,72.82507,72.77843,33.33333
32.57999,73.14917,73.1355,72.8255,72.77951,33.33333
32.59999,73.14899,73.13599,72.82593,72.78059,33.33333
32.61999,73.1488,73.13641,72.82635,72.78165,33.33333
32.63999,73.14862,73.13684,72.82678,72.78271,33.33333
32.65999,73.14844,73.13727,72.8272,72.78378,33.33333
32.67999,73.14825,73.1377,72.82762,72.78483,33.33333
32.69999,73.14807,73.13812,72.82803,72.78587,33.33333
32.71999,73.14789,73.13855,72.82845,72.78691,33.33333
32.73999,73.14771,73.13892,72.82886,72.78794,33.33333
32.75999,73.14752,73.13928,72.82926,72.78896,33.33333
32.77999,73.14734,73.13965,72.82967,72.78998,33.33333
32.79999,73.14716,73.14001,72.83006,72.79099,33.33333
32.81999,73.14697,73.14038,72.83046,72.79198,33.33333
32.83999,73.14673,73.14081,72.83086,72.79298,33.33333
32.85999,73.14648,73.14117,72.83125,72.79396,33.33333
32.87999,73.14624,73.14154,72.83163,72.79494,33.33333
32.89999,73.146,73.14191,72.83202,72.79592,33.33333
32.91999,73.14575,73.14227,72.8324,72.79689,33.33333
32.93999,73.14551,73.14264,72.83278,72.79785,33.33333
32.95999,73.14526,73.14301,72.83315,72.79881,33.33333
32.97999,73.14502,73.14337,72.83353,72.79975,33.33333
32.99999,73.14478,73.14368,72.8339,72.80069,33.33333
33.01999,73.14459,73.14398,72.83427,72.80163,33.33333
33.03999,73.14441,73.14429,72.83463,72.80256,33.33333
33.05999,73.14423,73.14459,72.835,72.80348,33.33333
33.07999,73.14404,73.1449,72.83536,72.8044,33.33333
33.09999,73.14386,73.1452,72.83572,72.80531,33.33333
33.11999,73.14368,73.14545,72.83607,72.80621,33.33333
33.13999,73.14349,73.14569,72.83642,72.80711,33.33333
33.15999,73.14325,73.146,72.83677,72.808,33.33333
33.17999,73.14301,73.1463,72.83711,72.80888,33.33333
33.19999,73.14276,73.14661,72.83746,72.80976,33.33333
33.21999,73.14252,73.14691,72.8378,72.81063,33.33333
33.23999,73.14227,73.14722,72.83813,72.8115,33.33333
33.25999,73.14203,73.14746,72.83847,72.81236,33.33333
33.27999,73.14178,73.14771,72.83881,72.81322,33.33333
33.29999,73.14154,73.14795,72.83913,72.81406,33.33333
33.31999,73.1413,73.14819,72.83946,72.8149,33.33333
33.33999,73.14105,73.14844,72.83979,72.81574,33.33333
33.35999,73.14081,73.14868,72.84011,72.81657,33.33333
33.37999,73.14056,73.14893,72.84043,72.8174,33.33333
33.39999,73.14032,73.14917,72.84075,72.81821,33.33333
33.41999,73.14008,73.14935,72.84106,72.81903,33.33333
33.43999,73.13983,73.14954,72.84138,72.81984,33.33333
33.45999,73.13959,73.14972,72.84169,72.82064,33.33333
33.47999,73.13934,73.1499,72.842,72.82143,33.33333
33.49999,73.1391,73.15009,72.84231,72.82223,33.33333
33.51999,73.13885,73.15027,72.84261,72.82301,33.33333
33.53999,73.13855,73.15051,72.84292,72.82379,33.33333
33.55999,73.13824,73.1507,72.84322,72.82456,33.33333
33.57999,73.13794,73.15088,72.84351,72.82533,33.33333
33.59999,73.13763,73.15106,72.84381,72.8261,33.33333
33.61999,73.13733,73.15125,72.8441,72.82685,33.33333
33.63999,73.13702,73.15143,72.84439,72.82761,33.33333
33.65999,73.13672,73.15161,72.84468,72.82835,33.33333
33.67999,73.13641,73.15179,72.84496,72.82909,33.33333
33.69999,73.13611,73.15198,72.84525,72.82983,33.33333
33.71999,73.1358,73.1521,72.84553,72.83056,33.33333
33.73999,73.13556,73.15222,72.84581,72.83128,33.33333
33.75999,73.13531,73.15234,72.84608,72.832,33.33333
33.77999,73.13507,73.15247,72.84636,72.83272,33.33333
33.79999,73.13483,73.15259,72.84663,72.83343,33.33333
33.81999,73.13458,73.15271,72.8469,72.83413,33.33333
33.83999,73.13434,73.15283,72.84717,72.83483,33.33333
33.85999,73.13409,73.15295,72.84743,72.83553,33.33333
33.87999,73.13385,73.15308,72.8477,72.83621,33.33333
33.89999,73.13361,73.15314,72.84796,72.8369,33.33333
33.91999,73.13336,73.1532,72.84822,72.83758,33.33333
33.93999,73.13312,73.15326,72.84848,72.83825,33.33333
33.95999,73.13287,73.15332,72.84874,72.83892,33.33333
33.97999,73.13257,73.15344,72.84899,72.83958,33.33333
33.99999,73.13226,73.15356,72.84924,72.84024,33.33333
34.01999,73.13196,73.15369,72.84949,72.8409,33.33333
34.03999,73.13165,73.15381,72.84975,72.84155,33.33333
34.05999,73.13135,73.15393,72.84999,72.84219,33.33333
34.07999,73.13104,73.15399,72.85023,72.84283,33.33333
34.09999,73.13074,73.15405,72.85048,72.84347,33.33333
34.11999,73.13043,73.15411,72.85072,72.8441,33.33333
34.13999,73.13013,73.15417,72.85095,72.84473,33.33333
34.15999,73.12982,73.15424,72.85119,72.84534,33.33333
34.17999,73.12952,73.1543,72.85143,72.84596,33.33333
34.19999,73.12921,73.15436,72.85165,72.84657,33.33333
34.21999,73.12891,73.15442,72.85188,72.84718,33.33333
34.23999,73.1286,73.15448,72.85211,72.84779,33.33333
34.25999,73.1283,73.15454,72.85234,72.84838,33.33333
34.27999,73.12799,73.15454,72.85256,72.84898,33.33333
34.29999,73.12769,73.15454,72.85278,72.84956,33.33333
34.31999,73.12738,73.15454,72.853,72.85015,33.33333
34.33999,73.12708,73.15454,72.85323,72.85073,33.33333
34.35999,73.12677,73.15454,72.85344,72.8513,33.33333
34.37999,73.12646,73.15454,72.85365,72.85188,33.33333
34.39999,73.12616,73.15454,72.85387,72.85244,33.33333
34.41999,73.12585,73.15454,72.85408,72.853,33.33333
34.43999,73.12555,73.15454,72.85429,72.85356,33.33333
34.45999,73.12524,73.15454,72.8545,72.85412,33.33333
34.47999,73.12494,73.15454,72.85471,72.85467,33.33333
34.49999,73.12457,73.15454,72.85491,72.85522,33.33333
34.51999,73.12421,73.15454,72.85512,72.85576,33.33333
34.53999,73.12384,73.15454,72.85532,72.85629,33.33333
34.55999,73.12347,73.15454,72.85551,72.85683,33.33333
34.57999,73.12311,73.15454,72.85571,72.85735,33.33333
34.59999,73.12274,73.15454,72.85591,72.85788,33.33333
34.61999,73.12238,73.15454,72.8561,72.8584,33.33333
34.63999,73.12207,73.15454,72.85629,72.85892,33.33333
34.65999,73.12177,73.15454,72.85648,72.85943,33.33333
34.67999,73.12146,73.15454,72.85667,72.85994,33.33333
34.69999,73.12115,73.15454,72.85686,72.86044,33.33333
34.71999,73.12085,73.15454,72.85705,72.86095,33.33333
34.73999,73.12054,73.15448,72.85723,72.86144,33.33333
34.75999,73.12024,73.15442,72.85741,72.86194,33.33333
34.77999,73.11993,73.15436,72.8576,72.86243,33.33333
34.79999,73.11963,73.1543,72.85778,72.86292,33.33333
34.81999,73.11932,73.15424,72.85796,72.8634,33.33333
34.83999,73.11902,73.15417,72.85813,72.86388,33.33333
34.85999,73.11871,73.15411,72.85831,72.86435,33.33333
34.87999,73.11841,73.15405,72.85848,72.86482,33.33333
34.89999,73.1181,73.15399,72.85866,72.86529,33.33333
34.91999,73.1178,73.15393,72.85883,72.86575,33.33333
34.93999,73.11749,73.15387,72.85899,72.86621,33.33333
34.95999,73.11719,73.15381,72.85916,72.86667,33.33333
34.97999,73.11688,73.15369,72.85933,72.86712,33.33333
34.99999,73.11658,73.15356,72.8595,72.86757,33.33333
35.01999,73.11627,73.15344,72.85966,72.86801,33.33333
35.03999,73.11597,73.15332,72.85982,72.86845,33.33333
35.05999,73.11566,73.1532,72.85998,72.86889,33.33333
35.07999,73.11536,73.15308,72.86014,72.86932,33.33333
35.09999,73.11505,73.15295,72.8603,72.86975,33.33333
35.11999,73.11475,73.15283,72.86046,72.87018,33.33333
35.13999,73.11444,73.15271,72.86061,72.8706,33.33333
35.15999,73.11414,73.15259,72.86076,72.87102,33.33333
35.17999,73.11383,73.15247,72.86092,72.87144,33.33333
35.19999,73.11346,73.1524,72.86107,72.87185,33.33333
35.21999,73.1131,73.15234,72.86122,72.87226,33.33333
35.23999,73.11273,73.15228,72.86137,72.87267,33.33333
35.25999,73.11237,73.15222,72.86151,72.87307,33.33333
35.27999,73.112,73.1521,72.86166,72.87347,33.33333
35.29999,73.11163,73.15198,72.8618,72.87386,33.33333
35.31999,73.11127,73.15186,72.86195,72.87426,33.33333
35.33999,73.1109,73.15173,72.86209,72.87465,33.33333
35.35999,73.11053,73.15161,72.86223,72.87504,33.33333
35.37999,73.11017,73.15149,72.86237,72.87542,33.33333
35.39999,73.1098,73.15137,72.8625,72.8758,33.33333
35.41999,73.10944,73.15125,72.86264,72.87617,33.33333
35.43999,73.10907,73.15112,72.86278,72.87655,33.33333
35.45999,73.1087,73.151,72.86291,72.87692,33.33333
35.47999,73.10834,73.15088,72.86304,72.87729,33.33333
35.49999,73.10797,73.15076,72.86317,72.87766,33.33333
35.51999,73.1076,73.15063,72.8633,72.87801,33.33333
35.53999,73.10724,73.15051,72.86343,72.87837,33.33333
35.55999,73.10687,73.15039,72.86356,72.87873,33.33333
35.57999,73.10651,73.15027,72.86368,72.87908,33.33333
35.59999,73.10614,73.15009,72.8638,72.87943,33.33333
35.61999,73.10577,73.1499,72.86392,72.87978,33.33333
35.63999,73.10541,73.14972,72.86404,72.88012,33.33333
35.65999,73.10504,73.14954,72.86417,72.88046,33.33333
35.67999,73.10468,73.14935,72.86429,72.8808,33.33333
35.69999,73.10431,73.14917,72.8644,72.88113,33.33333
35.71999,73.10394,73.14899,72.86452,72.88146,33.33333
35.73999,73.10358,73.1488,72.86463,72.88179,33.33333
35.75999,73.10321,73.14862,72.86475,72.88212,33.33333
35.77999,73.10284,73.14844,72.86486,72.88244,33.33333
35.79999,73.10248,73.14825,72.86497,72.88276,33.33333
35.81999,73.10211,73.14807,72.86509,72.88307,33.33333
35.83999,73.10175,73.14789,72.8652,72.88338,33.33333
35.85999,73.10138,73.14771,72.8653,72.8837,33.33333
35.87999,73.10101,73.14752,72.86541,72.884,33.33333
35.89999,73.10065,73.14734,72.86552,72.88431,33.33333
35.91999,73.10034,73.14716,72.86562,72.88461,33.33333
35.93999,73.10004,73.14697,72.86573,72.88491,33.33333
35.95999,73.09973,73.14679,72.86584,72.88521,33.33333
35.97999,73.09943,73.14655,72.86594,72.88551,33.33333
35.99999,73.09912,73.1463,72.86604,72.8858,33.33333
36.01999,73.09882,73.14606,72.86613,72.88609,33.33333
36.03999,73.09851,73.14581,72.86623,72.88638,33.33333
36.05999,73.09821,73.14557,72.86633,72.88666,33.33333
36.07999,73.0979,73.14532,72.86643,72.88694,33.33333
36.09999,73.0976,73.14508,72.86653,72.88721,33.33333
36.11999,73.09729,73.14484,72.86663,72.88749,33.33333
36.13999,73.09698,73.14459,72.86672,72.88776,33.33333
36.15999,73.09668,73.14435,72.86681,72.88803,33.33333
36.17999,73.09637,73.1441,72.86691,72.8883,33.33333
36.19999,73.09607,73.14386,72.867,72.88857,33.33333
36.21999,73.09576,73.14362,72.86709,72.88882,33.33333
36.23999,73.0954,73.14343,72.86718,72.88908,33.33333
36.25999,73.09503,73.14325,72.86727,72.88934,33.33333
36.27999,73.09467,73.14307,72.86736,72.8896,33.33333
36.29999,73.0943,73.14288,72.86745,72.88985,33.33333
36.31999,73.09393,73.1427,72.86753,72.8901,33.33333
36.33999,73.09357,73.14252,72.86761,72.89035,33.33333
36.35999,73.0932,73.14233,72.8677,72.89059,33.33333
36.37999,73.09283,73.14215,72.86778,72.89084,33.33333
36.39999,73.09247,73.14197,72.86787,72.89108,33.33333
36.41999,73.0921,73.14178,72.86795,72.89132,33.33333
36.43999,73.09174,73.14154,72.86803,72.89156,33.33333
36.45999,73.09137,73.1413,72.86811,72.89179,33.33333
36.47999,73.091,73.14105,72.86819,72.89202,33.33333
36.49999,73.09064,73.14081,72.86826,72.89225,33.33333
36.51999,73.09027,73.14056,72.86834,72.89248,33.33333
36.53999,73.0899,73.14032,72.86842,72.89271,33.33333
36.55999,73.08954,73.14008,72.86849,72.89293,33.33333
36.57999,73.08917,73.13983,72.86857,72.89315,33.33333
36.59999,73.08881,73.13959,72.86864,72.89337,33.33333
36.61999,73.08844,73.13934,72.86871,72.89359,33.33333
36.63999,73.08807,73.1391,72.86878,72.8938,33.33333
36.65999,73.08771,73.13885,72.86885,72.89401,33.33333
36.67999,73.08734,73.13861,72.86892,72.89423,33.33333
36.69999,73.08698,73.13837,72.86899,72.89443,33.33333
36.71999,73.08661,73.13812,72.86906,72.89464,33.33333
36.73999,73.08624,73.13788,72.86913,72.89484,33.33333
36.75999,73.08588,73.13763,72.86919,72.89504,33.33333
36.77999,73.08551,73.13739,72.86926,72.89524,33.33333
36.79999,73.08514,73.13715,72.86932,72.89544,33.33333
36.81999,73.08478,73.1369,72.86938,72.89564,33.33333
36.83999,73.08441,73.13666,72.86945,72.89583,33.33333
36.85999,73.08405,73.13641,72.86951,72.89602,33.33333
36.87999,73.08368,73.13617,72.86957,72.89621,33.33333
36.89999,73.08331,73.13593,72.86963,72.8964,33.33333
36.91999,73.08295,73.13568,72.86969,72.89658,33.33333
36.93999,73.08258,73.13544,72.86975,72.89677,33.33333
36.95999,73.08221,73.13519,72.86981,72.89695,33.33333
36.97999,73.08185,73.13495,72.86987,72.89713,33.33333
36.99999,73.08148,73.1347,72.86993,72.89731,33.33333
37.01999,73.08112,73.13446,72.86998,72.89748,33.33333
37.03999,73.08075,73.13416,72.87003,72.89766,33.33333
37.05999,73.08038,73.13385,72.87009,72.89783,33.33333
37.07999,73.08002,73.13354,72.87014,72.898,33.33333
37.09999,73.07965,73.13324,72.87019,72.89817,33.33333
37.11999,73.07928,73.13293,72.87025,72.89834,33.33333
37.13999,73.07892,73.13263,72.8703,72.8985,33.33333
37.15999,73.07855,73.13232,72.87035,72.89866,33.33333
37.17999,73.07819,73.13202,72.87041,72.89882,33.33333
37.19999,73.07782,73.13171,72.87045,72.89898,33.33333
37.21999,73.07745,73.13141,72.8705,72.89914,33.33333
37.23999,73.07709,73.1311,72.87054,72.89929,33.33333
37.25999,73.07672,73.1308,72.87059,72.89944,33.33333
37.27999,73.07635,73.13049,72.87064,72.8996,33.33333
37.29999,73.07599,73.13019,72.87068,72.89975,33.33333
37.31999,73.07562,73.12988,72.87073,72.89989,33.33333
37.33998,73.07526,73.12958,72.87077,72.90004,33.33333
37.35999,73.07489,73.12927,72.87082,72.90018,33.33333
37.37999,73.07452,73.12897,72.87086,72.90033,33.33333
37.39999,73.07416,73.12866,72.87091,72.90047,33.33333
37.41999,73.07379,73.12836,72.87095,72.9006,33.33333
37.43999,73.07343,73.12805,72.87099,72.90074,33.33333
37.45999,73.07306,73.12775,72.87103,72.90088,33.33333
37.47999,73.07269,73.12744,72.87106,72.90101,33.33333
37.49999,73.07233,73.12714,72.8711,72.90114,33.33333
37.51999,73.07196,73.12683,72.87114,72.90127,33.33333
37.53999,73.07159,73.12653,72.87118,72.9014,33.33333
37.55999,73.07123,73.12622,72.87122,72.90153,33.33333
37.57999,73.07086,73.12592,72.87125,72.90165,33.33333
37.59999,73.0705,73.12561,72.87129,72.90177,33.33333
37.61999,73.07013,73.12531,72.87133,72.90189,33.33333
37.63999,73.06976,73.125,72.87136,72.90202,33.33333
37.65999,73.0694,73.12469,72.87139,72.90214,33.33333
37.67999,73.06903,73.12439,72.87142,72.90225,33.33333
37.69999,73.06866,73.12408,72.87145,72.90237,33.33333
37.71999,73.0683,73.12378,72.87148,72.90248,33.33333
37.73999,73.06793,73.12347,72.87151,72.9026,33.33333
37.75999,73.06757,73.12317,72.87154,72.90271,33.33333
37.77999,73.0672,73.12286,72.87157,72.90282,33.33333
37.79999,73.06683,73.12256,72.8716,72.90292,33.33333
37.81999,73.06647,73.12225,72.87164,72.90303,33.33333
37.83998,73.0661,73.12195,72.87167,72.90314,33.33333
37.85999,73.06573,73.12164,72.8717,72.90324,33.33333
37.87999,73.06537,73.12134,72.87173,72.90334,33.33333
37.89999,73.065,73.12103,72.87175,72.90344,33.33333
37.91999,73.06464,73.12073,72.87177,72.90354,33.33333
37.93999,73.06427,73.12042,72.8718,72.90364,33.33333
37.95999,73.0639,73.12006,72.87182,72.90374,33.33333
37.97999,73.0636,73.11969,72.87184,72.90383,33.33333
37.99998,73.06329,73.11932,72.87186,72.90392,33.33333
38.01999,73.06299,73.11896,72.87189,72.90401,33.33333
38.03999,73.06268,73.11859,72.87191,72.90411,33.33333
38.05999,73.06238,73.11823,72.87193,72.9042,33.33333
38.07999,73.06207,73.11786,72.87196,72.90428,33.33333
38.09999,73.06177,73.11749,72.87198,72.90437,33.33333
38.11999,73.06146,73.11713,72.872,72.90445,33.33333
38.13999,73.06116,73.11676,72.87202,72.90453,33.33333
38.15998,73.06085,73.11639,72.87205,72.90462,33.33333
38.17999,73.06055,73.11603,72.87207,72.9047,33.33333
38.19999,73.06024,73.11566,72.87209,72.90478,33.33333
38.21999,73.05994,73.1153,72.87212,72.90485,33.33333
38.23999,73.05963,73.11493,72.87213,72.90493,33.33333
38.25999,73.05927,73.11456,72.87215,72.90501,33.33333
38.27999,73.05896,73.1142,72.87216,72.90508,33.33333
38.29999,73.05865,73.11383,72.87218,72.90516,33.33333
38.31999,73.05835,73.11346,72.87219,72.90523,33.33333
38.33998,73.05804,73.1131,72.87221,72.9053,33.33333
38.35999,73.05774,73.11273,72.87222,72.90536,33.33333
38.37999,73.05743,73.11237,72.87224,72.90543,33.33333
38.39999,73.05713,73.112,72.87225,72.9055,33.33333
38.41999,73.05682,73.11163,72.87227,72.90557,33.33333
38.43999,73.05652,73.11127,72.87228,72.90563,33.33333
38.45999,73.05621,73.1109,72.8723,72.90569,33.33333
38.47999,73.05591,73.11053,72.87231,72.90575,33.33333
38.49998,73.0556,73.11017,72.87233,72.90582,33.33333
38.51999,73.0553,73.1098,72.87234,72.90588,33.33333
38.53999,73.05499,73.10944,72.87236,72.90594,33.33333
38.55999,73.05469,73.10907,72.87238,72.90599,33.33333
38.57999,73.05438,73.1087,72.87239,72.90604,33.33333
38.59999,73.05408,73.10834,72.87241,72.9061,33.33333
38.61999,73.05377,73.10797,72.87242,72.90615,33.33333
38.63999,73.05347,73.1076,72.87243,72.9062,33.33333
38.65998,73.05316,73.10724,72.87244,72.90626,33.33333
38.67999,73.05286,73.10687,72.87244,72.90631,33.33333
38.69999,73.05255,73.10651,72.87245,72.90636,33.33333
38.71999,73.05225,73.10614,72.87246,72.9064,33.33333
38.73999,73.05194,73.10577,72.87247,72.90645,33.33333
38.75999,73.05164,73.10541,72.87247,72.90649,33.33333
38.77999,73.05133,73.10504,72.87248,72.90654,33.33333
38.79999,73.05103,73.10468,72.87249,72.90659,33.33333
38.81998,73.05072,73.10431,72.8725,72.90662,33.33333
38.83998,73.05042,73.10394,72.87251,72.90666,33.33333
38.85999,73.05011,73.10358,72.87251,72.9067,33.33333
38.87999,73.0498,73.10321,72.87252,72.90674,33.33333
38.89999,73.0495,73.10284,72.87253,72.90678,33.33333
38.91999,73.04919,73.10248,72.87254,72.90681,33.33333
38.93999,73.04889,73.10211,72.87254,72.90685,33.33333
38.95999,73.04858,73.10175,72.87255,72.90689,33.33333
38.97998,73.04828,73.10138,72.87256,72.90692,33.33333
38.99998,73.04797,73.10101,72.87257,72.90695,33.33333
39.01999,73.04767,73.10065,72.87257,72.90698,33.33333
39.03999,73.04736,73.10028,72.87258,72.90701,33.33333
39.05999,73.04706,73.09991,72.87258,72.90704,33.33333
39.07999,73.04675,73.09955,72.87258,72.90707,33.33333
39.09999,73.04645,73.09918,72.87258,72.9071,33.33333
39.11999,73.04614,73.09882,72.87258,72.90714,33.33333
39.13999,73.04584,73.09845,72.87258,72.90716,33.33333
39.15998,73.04553,73.09808,72.87258,72.90718,33.33333
39.17999,73.04523,73.09772,72.87258,72.9072,33.33333
39.19999,73.04492,73.09735,72.87258,72.90723,33.33333
39.21999,73.04462,73.09698,72.87258,72.90725,33.33333
39.23999,73.04431,73.09662,72.87258,72.90727,33.33333
39.25999,73.04401,73.09625,72.87258,72.9073,33.33333
39.27999,73.0437,73.09589,72.87258,72.90732,33.33333
39.29999,73.0434,73.09552,72.87258,72.90733,33.33333
39.31998,73.04309,73.09515,72.87258,72.90735,33.33333
39.33998,73.04279,73.09479,72.87258,72.90736,33.33333
39.35999,73.04248,73.09442,72.87258,72.90738,33.33333
39.37999,73.04218,73.09406,72.87258,72.90739,33.33333
39.39999,73.04187,73.09369,72.87258,72.90741,33.33333
39.41999,73.04156,73.09332,72.87258,72.90742,33.33333
39.43999,73.04126,73.09296,72.87258,72.90744,33.33333
39.45999,73.04095,73.09259,72.87258,72.90746,33.33333
39.47998,73.04065,73.09222,72.87258,72.90746,33.33333
39.49998,73.04034,73.09186,72.87258,72.90747,33.33333
39.51999,73.04004,73.09149,72.87258,72.90748,33.33333
39.53999,73.03973,73.09113,72.87258,72.90749,33.33333
39.55999,73.03943,73.09076,72.87258,72.90749,33.33333
39.57999,73.03912,73.09039,72.87258,72.9075,33.33333
39.59999,73.03882,73.09003,72.87257,72.90751,33.33333
39.61999,73.03851,73.08966,72.87257,72.90752,33.33333
39.63998,73.03821,73.08929,72.87256,72.90752,33.33333
39.65998,73.0379,73.08893,72.87255,72.90753,33.33333
39.67999,73.0376,73.08856,72.87254,72.90753,33.33333
39.69999,73.03729,73.0882,72.87254,72.90753,33.33333
39.71999,73.03699,73.08783,72.87253,72.90753,33.33333
39.73999,73.03668,73.08746,72.87252,72.90753,33.33333
39.75999,73.03638,73.0871,72.87251,72.90753,33.33333
39.77999,73.03607,73.08673,72.87251,72.90753,33.33333
39.79999,73.03577,73.08636,72.8725,72.90753,33.33333
39.81998,73.03546,73.086,72.87249,72.90753,33.33333
39.83998,73.03516,73.08563,72.87248,72.90753,33.33333
39.85999,73.03485,73.08527,72.87247,72.90753,33.33333
39.87999,73.03455,73.0849,72.87247,72.90752,33.33333
39.89999,73.03424,73.08453,72.87246,72.90752,33.33333
39.91999,73.03394,73.08417,72.87245,72.90751,33.33333
39.93999,73.03363,73.0838,72.87244,72.9075,33.33333
39.95999,73.03333,73.08344,72.87244,72.90749,33.33333
39.97998,73.03302,73.08307,72.87243,72.90749,33.33333
39.99998,73.03271,73.0827,72.87242,72.90748,33.33333
40.01999,73.03241,73.08234,72.87241,72.90747,33.33333
40.03999,73.0321,73.08197,72.87241,72.90746,33.33333
40.05999,73.0318,73.0816,72.8724,72.90746,33.33333
40.07999,73.03149,73.08124,72.87239,72.90745,33.33333
40.09999,73.03119,73.08087,72.87238,72.90744,33.33333
40.11999,73.03088,73.08051,72.87238,72.90742,33.33333
40.13998,73.03058,73.08014,72.87237,72.90741,33.33333
40.15998,73.03027,73.07977,72.87236,72.90739,33.33333
40.17999,73.02997,73.07941,72.87234,72.90738,33.33333
40.19999,73.02966,73.07904,72.87233,72.90736,33.33333
40.21999,73.02936,73.07867,72.87231,72.90735,33.33333
40.23999,73.02905,73.07831,72.8723,72.90733,33.33333
40.25999,73.02875,73.07794,72.87228,72.90732,33.33333
40.27999,73.02844,73.07758,72.87227,72.9073,33.33333
40.29998,73.02814,73.07721,72.87225,72.90729,33.33333
40.31998,73.02783,73.07684,72.87224,72.90727,33.33333
40.33998,73.02753,73.07648,72.87222,72.90726,33.33333
40.35999,73.02722,73.07611,72.87221,72.90723,33.33333
40.37999,73.02692,73.07574,72.87219,72.90721,33.33333
40.39999,73.02661,73.07538,72.87218,72.90719,33.33333
40.41999,73.02631,73.07501,72.87216,72.90717,33.33333
40.43999,73.026,73.07465,72.87215,72.90714,33.33333
40.45998,73.02563,73.07434,72.87213,72.90712,33.33333
40.47998,73.02527,73.07404,72.87212,72.9071,33.33333
40.49998,73.0249,73.07373,72.8721,72.90707,33.33333
40.51999,73.02454,73.07343,72.87209,72.90705,33.33333
40.53999,73.02417,73.07312,72.87207,72.90703,33.33333
40.55999,73.0238,73.07281,72.87206,72.90701,33.33333
40.57999,73.02344,73.07251,72.87204,72.90698,33.33333
40.59999,73.02307,73.0722,72.87202,72.90696,33.33333
40.61999,73.02271,73.0719,72.87201,72.90694,33.33333
40.63998,73.02234,73.07159,72.87199,72.90691,33.33333
40.65998,73.02197,73.07129,72.87198,72.90689,33.33333
40.67999,73.02161,73.07098,72.87196,72.90686,33.33333
40.69999,73.02124,73.07068,72.87195,72.90683,33.33333
40.71999,73.02087,73.07037,72.87193,72.9068,33.33333
40.73999,73.02051,73.07007,72.87192,72.90677,33.33333
40.75999,73.02014,73.06976,72.8719,72.90674,33.33333
40.77999,73.01978,73.06946,72.87188,72.90671,33.33333
40.79998,73.01941,73.06915,72.87186,72.90668,33.33333
40.81998,73.01904,73.06885,72.87183,72.90665,33.33333
40.83998,73.01868,73.06854,72.87181,72.90662,33.33333
40.85999,73.01831,73.06824,72.87179,72.90659,33.33333
40.87999,73.01794,73.06793,72.87177,72.90656,33.33333
40.89999,73.01758,73.06763,72.87174,72.90652,33.33333
40.91999,73.01721,73.06732,72.87172,72.90649,33.33333
40.93999,73.01685,73.06702,72.8717,72.90646,33.33333
40.95998,73.01648,73.06671,72.87167,72.90643,33.33333
40.97998,73.01611,73.06641,72.87165,72.9064,33.33333
40.99998,73.01575,73.0661,72.87163,72.90637,33.33333
41.01999,73.01538,73.0658,72.8716,72.90634,33.33333
41.03999,73.01501,73.06549,72.87158,72.9063,33.33333
41.05999,73.01465,73.06519,72.87156,72.90627,33.33333
41.07999,73.01428,73.06488,72.87154,72.90623,33.33333
41.09999,73.01392,73.06458,72.87151,72.90619,33.33333
41.11998,73.01355,73.06427,72.87149,72.90615,33.33333
41.13998,73.01318,73.06396,72.87147,72.90611,33.33333
41.15998,73.01282,73.06366,72.87144,72.90607,33.33333
41.17999,73.01245,73.06335,72.87142,72.90604,33.33333
41.19999,73.01208,73.06305,72.8714,72.906,33.33333
41.21999,73.01172,73.06274,72.87138,72.90596,33.33333
41.23999,73.01135,73.06244,72.87135,72.90592,33.33333
41.25999,73.01099,73.06213,72.87133,72.90588,33.33333
41.27998,73.01062,73.06183,72.87131,72.90585,33.33333
41.29998,73.01025,73.06152,72.87128,72.90581,33.33333
41.31998,73.00989,73.06122,72.87126,72.90577,33.33333
41.33998,73.00952,73.06091,72.87124,72.90573,33.33333
41.35999,73.00916,73.06061,72.87121,72.90569,33.33333
41.37999,73.00879,73.0603,72.87118,72.90565,33.33333
41.39999,73.00842,73.06,72.87115,72.90562,33.33333
41.41999,73.00806,73.05969,72.87112,72.90558,33.33333
41.43999,73.00769,73.05939,72.87109,72.90553,33.33333
41.45998,73.00732,73.05908,72.87106,72.90549,33.33333
41.47998,73.00696,73.05878,72.87103,72.90544,33.33333
41.49998,73.00659,73.05847,72.87099,72.9054,33.33333
41.51999,73.00623,73.05817,72.87096,72.90535,33.33333
41.53999,73.00586,73.05786,72.87093,72.9053,33.33333
41.55999,73.00549,73.05756,72.8709,72.90526,33.33333
41.57999,73.00513,73.05725,72.87087,72.90521,33.33333
41.59999,73.00476,73.05695,72.87084,72.90517,33.33333
41.61998,73.00439,73.05664,72.87081,72.90512,33.33333
41.63998,73.00403,73.05634,72.87078,72.90508,33.33333
41.65998,73.00366,73.05603,72.87075,72.90503,33.33333
41.67999,73.0033,73.05573,72.87072,72.90498,33.33333
41.69999,73.00293,73.05542,72.87069,72.90494,33.33333
41.71999,73.00256,73.05511,72.87066,72.90489,33.33333
41.73999,73.0022,73.05481,72.87063,72.90485,33.33333
41.75999,73.00183,73.0545,72.8706,72.9048,33.33333
41.77998,73.00146,73.0542,72.87057,72.90475,33.33333
41.79998,73.0011,73.05389,72.87054,72.90471,33.33333
41.81998,73.00073,73.05359,72.87051,72.90466,33.33333
41.83998,73.00037,73.05328,72.87048,72.90462,33.33333
41.85999,73,73.05298,72.87045,72.90457,33.33333
41.87999,72.99963,73.05267,72.87041,72.90453,33.33333
41.89999,72.99927,73.05237,72.87038,72.90447,33.33333
41.91999,72.9989,73.05206,72.87035,72.90442,33.33333
41.93998,72.99854,73.05176,72.87032,72.90437,33.33333
41.95998,72.99817,73.05145,72.87029,72.90431,33.33333
41.97998,72.9978,73.05115,72.87026,72.90426,33.33333
41.99998,72.99744,73.05084,72.87023,72.90421,33.33333
42.01999,72.99707,73.05054,72.8702,72.90415,33.33333
42.03999,72.9967,73.05023,72.87017,72.9041,33.33333
42.05999,72.99646,73.0498,72.87014,72.90405,33.33333
42.07999,72.99622,73.04938,72.87011,72.90399,33.33333
42.09998,72.99597,73.04895,72.87008,72.90394,33.33333
42.11998,72.99573,73.04852,72.87005,72.90388,33.33333
42.13998,72.99548,73.0481,72.87002,72.90383,33.33333
42.15998,72.99524,73.04767,72.86999,72.90378,33.33333
42.17999,72.995,73.04724,72.86996,72.90372,33.33333
42.19999,72.99475,73.04688,72.86993,72.90367,33.33333
42.21999,72.99451,73.04651,72.8699,72.90362,33.33333
42.23999,72.99426,73.04614,72.86987,72.90356,33.33333
42.25999,72.99402,73.04578,72.86983,72.90351,33.33333
42.27998,72.99377,73.04541,72.8698,72.90346,33.33333
42.29998,72.99353,73.04504,72.86977,72.9034,33.33333
42.31998,72.99329,73.04468,72.86974,72.90335,33.33333
42.33998,72.99304,73.04431,72.86971,72.90329,33.33333
42.35999,72.9928,73.04395,72.86968,72.90323,33.33333
42.37999,72.99255,73.04358,72.86965,72.90317,33.33333
42.39999,72.99231,73.04321,72.86962,72.90311,33.33333
42.41999,72.99207,73.04285,72.86959,72.90305,33.33333
42.43998,72.99182,73.04248,72.86956,72.90298,33.33333
42.45998,72.99158,73.04211,72.86953,72.90292,33.33333
42.47998,72.99133,73.04175,72.8695,72.90286,33.33333
42.49998,72.99109,73.04138,72.86947,72.9028,33.33333
42.51999,72.99084,73.04102,72.86944,72.90274,33.33333
42.53999,72.9906,73.04065,72.86941,72.90268,33.33333
42.55999,72.99036,73.04028,72.86938,72.90262,33.33333
42.57999,72.99011,73.03992,72.86935,72.90256,33.33333
42.59998,72.98987,73.03955,72.86932,72.9025,33.33333
42.61998,72.98962,73.03918,72.86929,72.90244,33.33333
42.63998,72.98938,73.03882,72.86926,72.90237,33.33333
42.65998,72.98914,73.03845,72.86922,72.90231,33.33333
42.67999,72.98889,73.03809,72.86919,72.90225,33.33333
42.69999,72.98865,73.03772,72.86916,72.90219,33.33333
42.71999,72.9884,73.03735,72.86913,72.90213,33.33333
42.73999,72.98816,73.03699,72.8691,72.90207,33.33333
42.75998,72.98792,73.03662,72.86907,72.90201,33.33333
42.77998,72.98767,73.03625,72.86904,72.90195,33.33333
42.79998,72.98743,73.03589,72.86901,72.90189,33.33333
42.81998,72.98718,73.03552,72.86898,72.90182,33.33333
42.83998,72.98694,73.03516,72.86895,72.90176,33.33333
42.85999,72.98669,73.03479,72.86892,72.9017,33.33333
42.87999,72.98645,73.03442,72.86889,72.90164,33.33333
42.89999,72.98621,73.03406,72.86886,72.90158,33.33333
42.91998,72.98596,73.03369,72.86883,72.90151,33.33333
42.93998,72.98572,73.03333,72.8688,72.90144,33.33333
42.95998,72.98547,73.03296,72.86877,72.90137,33.33333
42.97998,72.98523,73.03259,72.86873,72.90131,33.33333
42.99998,72.98499,73.03223,72.8687,72.90124,33.33333
43.01999,72.98474,73.03186,72.86866,72.90117,33.33333
43.03999,72.9845,73.03149,72.86863,72.9011,33.33333
43.05999,72.98425,73.03113,72.86859,72.90103,33.33333
43.07999,72.98401,73.03076,72.86856,72.90096,33.33333
43.09998,72.98376,73.0304,72.86852,72.90089,33.33333
43.11998,72.98352,73.03003,72.86849,72.90083,33.33333
43.13998,72.98328,73.02966,72.86845,72.90076,33.33333
43.15998,72.98303,73.0293,72.86842,72.90069,33.33333
43.17999,72.98279,73.02893,72.86839,72.90062,33.33333
43.19999,72.98254,73.02856,72.86835,72.90055,33.33333
43.21999,72.9823,73.0282,72.86832,72.90048,33.33333
43.23999,72.98206,73.02783,72.86829,72.90041,33.33333
43.25998,72.98181,73.02747,72.86826,72.90034,33.33333
43.27998,72.98157,73.0271,72.86822,72.90028,33.33333
43.29998,72.98132,73.02673,72.86819,72.90021,33.33333
43.31998,72.98108,73.02637,72.86815,72.90014,33.33333
43.33998,72.98083,73.026,72.86812,72.90007,33.33333
43.35999,72.98059,73.02563,72.86809,72.9,33.33333
43.37999,72.98035,73.02527,72.86805,72.89993,33.33333
43.39999,72.9801,73.0249,72.86802,72.89986,33.33333
43.41998,72.97986,73.02454,72.86798,72.8998,33.33333
43.43998,72.97961,73.02417,72.86795,72.89973,33.33333
43.45998,72.97937,73.0238,72.86791,72.89966,33.33333
43.47998,72.97913,73.02344,72.86788,72.89959,33.33333
43.49998,72.97888,73.02307,72.86784,72.89952,33.33333
43.51999,72.97864,73.02271,72.86781,72.89945,33.33333
43.53999,72.97839,73.02234,72.86777,72.89938,33.33333
43.55999,72.97815,73.02197,72.86774,72.89931,33.33333
43.57998,72.97791,73.02161,72.86771,72.89925,33.33333
43.59998,72.97766,73.02124,72.86768,72.89918,33.33333
43.61998,72.97742,73.02087,72.86765,72.89911,33.33333
43.63998,72.97717,73.02051,72.86761,72.89904,33.33333
43.65998,72.97693,73.02014,72.86758,72.89896,33.33333
43.67999,72.97668,73.01978,72.86754,72.89889,33.33333
43.69999,72.97644,73.01941,72.86751,72.89881,33.33333
43.71999,72.9762,73.01904,72.86747,72.89874,33.33333
43.73998,72.97595,73.01868,72.86744,72.89866,33.33333
43.75998,72.97571,73.01831,72.86741,72.89858,33.33333
43.77998,72.97546,73.01794,72.86737,72.89851,33.33333
43.79998,72.97522,73.01758,72.86734,72.89843,33.33333
43.81998,72.97498,73.01721,72.8673,72.89835,33.33333
43.83998,72.97473,73.01685,72.86727,72.89828,33.33333
43.85999,72.97449,73.01648,72.86723,72.8982,33.33333
43.87999,72.97424,73.01611,72.8672,72.89812,33.33333
43.89999,72.974,73.01575,72.86716,72.89805,33.33333
43.91998,72.97375,73.01538,72.86713,72.89797,33.33333
43.93998,72.97351,73.01501,72.8671,72.8979,33.33333
43.95998,72.97327,73.01465,72.86707,72.89782,33.33333
43.97998,72.97302,73.01428,72.86703,72.89774,33.33333
43.99998,72.97278,73.01392,72.867,72.89767,33.33333
44.01999,72.97253,73.01355,72.86697,72.89759,33.33333
44.03999,72.97229,73.01318,72.86693,72.89751,33.33333
44.05999,72.97205,73.01282,72.8669,72.89744,33.33333
44.07998,72.9718,73.01245,72.86686,72.89736,33.33333
44.09998,72.97156,73.01208,72.86683,72.89729,33.33333
44.11998,72.97131,73.01172,72.86679,72.89721,33.33333
44.13998,72.97107,73.01135,72.86676,72.89713,33.33333
44.15998,72.97083,73.01099,72.86672,72.89706,33.33333
44.17999,72.97058,73.01062,72.86669,72.89698,33.33333
44.19999,72.97034,73.01025,72.86666,72.8969,33.33333
44.21999,72.97009,73.00989,72.86662,72.89683,33.33333
44.23998,72.96985,73.00952,72.86659,72.89675,33.33333
44.25998,72.9696,73.00916,72.86655,72.89668,33.33333
44.27998,72.96936,73.00879,72.86652,72.8966,33.33333
44.29998,72.96912,73.00842,72.86649,72.89652,33.33333
44.31998,72.96887,73.00806,72.86646,72.89645,33.33333
44.33998,72.96863,73.00769,72.86642,72.89637,33.33333
44.35999,72.96838,73.00732,72.86639,72.89629,33.33333
44.37999,72.96814,73.00696,72.86636,72.89622,33.33333
44.39998,72.9679,73.00659,72.86632,72.89614,33.33333
44.41998,72.96765,73.00623,72.86629,72.89606,33.33333
44.43998,72.96741,73.00586,72.86625,72.89599,33.33333
44.45998,72.96716,73.00549,72.86622,72.89591,33.33333
44.47998,72.96692,73.00513,72.86618,72.89584,33.33333
44.49998,72.96667,73.00476,72.86615,72.89576,33.33333
44.51999,72.96643,73.00439,72.86611,72.89568,33.33333
44.53999,72.96619,73.00403,72.86608,72.89561,33.33333
44.55999,72.96594,73.00366,72.86604,72.89553,33.33333
44.57998,72.9657,73.0033,72.86601,72.89545,33.33333
44.59998,72.96545,73.00293,72.86598,72.89538,33.33333
44.61998,72.96521,73.00256,72.86594,72.8953,33.33333
44.63998,72.96497,73.0022,72.86591,72.89523,33.33333
44.65998,72.96472,73.00183,72.86588,72.89515,33.33333
44.67999,72.96448,73.00146,72.86584,72.89507,33.33333
44.69999,72.96423,73.0011,72.86581,72.895,33.33333
44.71999,72.96399,73.00073,72.86578,72.89492,33.33333
44.73998,72.96375,73.00037,72.86574,72.89484,33.33333
44.75998,72.9635,73,72.86571,72.89477,33.33333
44.77998,72.96326,72.99963,72.86568,72.89469,33.33333
44.79998,72.96301,72.99927,72.86564,72.89462,33.33333
44.81998,72.96277,72.99902,72.86561,72.89454,33.33333
44.83998,72.96252,72.99878,72.86557,72.89446,33.33333
44.85999,72.96228,72.99854,72.86554,72.89439,33.33333
44.87999,72.96204,72.99829,72.8655,72.89431,33.33333
44.89998,72.96179,72.99805,72.86547,72.89423,33.33333
44.91998,72.96155,72.9978,72.86543,72.89416,33.33333
44.93998,72.9613,72.99756,72.8654,72.89408,33.33333
44.95998,72.96106,72.99731,72.86536,72.894,33.33333
44.97998,72.96082,72.99707,72.86533,72.89393,33.33333
44.99998,72.96057,72.99683,72.8653,72.89385,33.33333
45.01999,72.96033,72.99658,72.86526,72.89378,33.33333
45.03999,72.96008,72.99634,72.86523,72.8937,33.33333
45.05998,72.95984,72.99609,72.8652,72.89362,33.33333
45.07998,72.95959,72.99585,72.86517,72.89355,33.33333
45.09998,72.95935,72.99561,72.86513,72.89347,33.33333
45.11998,72.95911,72.99536,72.8651,72.89339,33.33333
45.13998,72.95886,72.99512,72.86506,72.89332,33.33333
45.15998,72.95862,72.99487,72.86503,72.89324,33.33333
45.17999,72.95837,72.99463,72.865,72.89317,33.33333
45.19999,72.95813,72.99438,72.86496,72.89309,33.33333
45.21998,72.95789,72.99414,72.86493,72.89301,33.33333
45.23998,72.95764,72.9939,72.86489,72.89294,33.33333
45.25998,72.9574,72.99365,72.86486,72.89286,33.33333
45.27998,72.95715,72.99341,72.86482,72.89278,33.33333
45.29998,72.95691,72.99316,72.86479,72.89271,33.33333
45.31998,72.95667,72.99292,72.86475,72.89263,33.33333
45.33998,72.95642,72.99268,72.86472,72.89256,33.33333
45.35999,72.95618,72.99243,72.86469,72.89248,33.33333
45.37999,72.95593,72.99219,72.86465,72.8924,33.33333
45.39998,72.95569,72.99194,72.86462,72.89233,33.33333
45.41998,72.95544,72.9917,72.86459,72.89225,33.33333
45.43998,72.9552,72.99146,72.86456,72.89217,33.33333
45.45998,72.95496,72.99121,72.86452,72.8921,33.33333
45.47998,72.95471,72.99097,72.86449,72.89202,33.33333
45.49998,72.95447,72.99072,72.86445,72.89194,33.33333
45.51999,72.95422,72.99048,72.86442,72.89187,33.33333
45.53999,72.95398,72.99023,72.86438,72.89179,33.33333
45.55998,72.95374,72.98999,72.86435,72.89172,33.33333
45.57998,72.95349,72.98975,72.86431,72.89164,33.33333
45.59998,72.95325,72.9895,72.86428,72.89156,33.33333
45.61998,72.953,72.98926,72.86425,72.89149,33.33333
45.63998,72.95276,72.98901,72.86421,72.89141,33.33333
45.65998,72.95251,72.98877,72.86417,72.89133,33.33333
45.67999,72.95227,72.98853,72.86414,72.89126,33.33333
45.69999,72.95203,72.98828,72.8641,72.89118,33.33333
45.71998,72.95178,72.98804,72.86406,72.89111,33.33333
45.73998,72.95154,72.98779,72.86402,72.89103,33.33333
45.75998,72.95129,72.98755,72.86398,72.89095,33.33333
45.77998,72.95105,72.9873,72.86395,72.89088,33.33333
45.79998,72.95081,72.98706,72.86391,72.8908,33.33333
45.81998,72.95056,72.98682,72.86387,72.89072,33.33333
45.83998,72.95032,72.98657,72.86383,72.89065,33.33333
45.85999,72.95007,72.98633,72.86379,72.89057,33.33333
45.87998,72.94983,72.98608,72.86375,72.8905,33.33333
45.89998,72.94958,72.98584,72.86372,72.89042,33.33333
45.91998,72.94934,72.9856,72.86368,72.89034,33.33333
45.93998,72.9491,72.98535,72.86364,72.89027,33.33333
45.95998,72.94885,72.98511,72.8636,72.89019,33.33333
45.97998,72.94861,72.98486,72.86356,72.89011,33.33333
45.99998,72.94836,72.98462,72.86353,72.89004,33.33333
46.01999,72.94812,72.98438,72.86349,72.88996,33.33333
46.03998,72.94788,72.98413,72.86345,72.88988,33.33333
46.05998,72.94763,72.98389,72.86341,72.88981,33.33333
46.07998,72.94739,72.98364,72.86337,72.88973,33.33333
46.09998,72.94714,72.9834,72.86333,72.88966,33.33333
46.11998,72.9469,72.98315,72.8633,72.88958,33.33333
46.13998,72.94666,72.98291,72.86326,72.8895,33.33333
46.15998,72.94641,72.98267,72.86322,72.88943,33.33333
46.17999,72.94617,72.98242,72.86318,72.88935,33.33333
46.19999,72.94592,72.98218,72.86314,72.88927,33.33333
46.21998,72.94568,72.98193,72.86311,72.8892,33.33333
46.23998,72.94543,72.98169,72.86307,72.88912,33.33333
46.25998,72.94519,72.98145,72.86303,72.88905,33.33333
46.27998,72.94495,72.9812,72.86299,72.88897,33.33333
46.29998,72.9447,72.98096,72.86295,72.88889,33.33333
46.31998,72.94446,72.98071,72.86292,72.88882,33.33333
46.33998,72.94421,72.98047,72.86288,72.88874,33.33333
46.35999,72.94397,72.98022,72.86284,72.88866,33.33333
46.37998,72.94373,72.97998,72.8628,72.88859,33.33333
46.39998,72.94348,72.97974,72.86276,72.88851,33.33333
46.41998,72.94324,72.97949,72.86272,72.88844,33.33333
46.43998,72.94299,72.97925,72.86269,72.88836,33.33333
46.45998,72.94275,72.979,72.86265,72.88828,33.33333
46.47998,72.9425,72.97876,72.86261,72.88821,33.33333
46.49998,72.94226,72.97852,72.86257,72.88813,33.33333
46.51999,72.94202,72.97827,72.86253,72.88805,33.33333
46.53998,72.94177,72.97803,72.8625,72.88798,33.33333
46.55998,72.94153,72.97778,72.86246,72.8879,33.33333
46.57998,72.94128,72.97754,72.86242,72.88783,33.33333
46.59998,72.94104,72.97729,72.86238,72.88775,33.33333
46.61998,72.9408,72.97705,72.86234,72.88767,33.33333
46.63998,72.94055,72.97681,72.8623,72.8876,33.33333
46.65998,72.94031,72.97656,72.86227,72.88752,33.33333
46.67999,72.94006,72.97632,72.86223,72.88744,33.33333
46.69998,72.93982,72.97607,72.86219,72.88737,33.33333
46.71998,72.93958,72.97583,72.86215,72.88729,33.33333
46.73998,72.93933,72.97559,72.86211,72.88721,33.33333
46.75998,72.93909,72.97534,72.86208,72.88714,33.33333
46.77998,72.93884,72.9751,72.86204,72.88706,33.33333
46.79998,72.9386,72.97485,72.862,72.88699,33.33333
46.81998,72.93835,72.97461,72.86196,72.88691,33.33333
46.83998,72.93811,72.97437,72.86192,72.88683,33.33333
46.85998,72.93787,72.97412,72.86189,72.88676,33.33333
46.87998,72.93762,72.97388,72.86185,72.88668,33.33333
46.89998,72.93738,72.97363,72.86181,72.8866,33.33333
46.91998,72.93713,72.97339,72.86177,72.88653,33.33333
46.93998,72.93689,72.97314,72.86173,72.88645,33.33333
46.95998,72.93665,72.9729,72.86169,72.88638,33.33333
46.97998,72.9364,72.97266,72.86166,72.8863,33.33333
46.99998,72.93616,72.97241,72.86162,72.88622,33.33333
47.01999,72.93591,72.97217,72.86158,72.88615,33.33333
47.03998,72.93567,72.97192,72.86154,72.88607,33.33333
47.05998,72.93542,72.97168,72.8615,72.88599,33.33333
47.07998,72.93518,72.97144,72.86147,72.88592,33.33333
47.09998,72.93494,72.97119,72.86143,72.88584,33.33333
47.11998,72.93469,72.97095,72.86139,72.88577,33.33333
47.13998,72.93445,72.9707,72.86135,72.88569,33.33333
47.15998,72.9342,72.97046,72.86131,72.88561,33.33333
47.17999,72.93396,72.97021,72.86127,72.88554,33.33333
47.19998,72.93372,72.96997,72.86124,72.88546,33.33333
47.21998,72.93347,72.96973,72.8612,72.88538,33.33333
47.23998,72.93323,72.96948,72.86116,72.88531,33.33333
47.25998,72.93298,72.96924,72.86112,72.88523,33.33333
47.27998,72.93274,72.96899,72.86108,72.88515,33.33333
47.29998,72.9325,72.96875,72.86105,72.88508,33.33333
47.31998,72.93225,72.96851,72.86101,72.885,33.33333
47.33998,72.93201,72.96826,72.86097,72.88493,33.33333
47.35998,72.93176,72.96802,72.86093,72.88485,33.33333
47.37998,72.93152,72.96777,72.86089,72.88478,33.33333
47.39998,72.93127,72.96753,72.86086,72.8847,33.33333
47.41998,72.93103,72.96729,72.86082,72.88464,33.33333
47.43998,72.93079,72.96704,72.86078,72.88456,33.33333
47.45998,72.93054,72.9668,72.86074,72.88449,33.33333
47.47998,72.9303,72.96655,72.8607,72.88441,33.33333
47.49998,72.93005,72.96631,72.86066,72.88435,33.33333
47.51998,72.92981,72.96606,72.86063,72.88427,33.33333
47.53998,72.92957,72.96582,72.86059,72.8842,33.33333
47.55998,72.92932,72.96558,72.86055,72.88413,33.33333
47.57998,72.92908,72.96533,72.86051,72.88406,33.33333
47.59998,72.92883,72.96509,72.86047,72.88399,33.33333
47.61998,72.92859,72.96484,72.86044,72.88391,33.33333
47.63998,72.92834,72.9646,72.8604,72.88384,33.33333
47.65998,72.9281,72.96436,72.86036,72.88377,33.33333
47.67998,72.92786,72.96411,72.86032,72.8837,33.33333
47.69998,72.92761,72.96387,72.86028,72.88363,33.33333
47.71998,72.92737,72.96362,72.86024,72.88355,33.33333
47.73998,72.92712,72.96338,72.86021,72.88348,33.33333
47.75998,72.92688,72.96313,72.86017,72.88341,33.33333
47.77998,72.92664,72.96289,72.86013,72.88334,33.33333
47.79998,72.92639,72.96265,72.86009,72.88326,33.33333
47.81998,72.92615,72.9624,72.86005,72.88319,33.33333
47.83998,72.9259,72.96216,72.86002,72.88312,33.33333
47.85998,72.92566,72.96191,72.85998,72.88305,33.33333
47.87998,72.92542,72.96167,72.85994,72.88298,33.33333
47.89998,72.92517,72.96143,72.8599,72.8829,33.33333
47.91998,72.92493,72.96118,72.85986,72.88284,33.33333
47.93998,72.92468,72.96094,72.85983,72.88276,33.33333
47.95998,72.92444,72.96069,72.85979,72.88269,33.33333
47.97998,72.92419,72.96045,72.85975,72.88261,33.33333
47.99998,72.92395,72.96021,72.85971,72.88255,33.33333
48.01998,72.92371,72.95996,72.85967,72.88248,33.33333
48.03998,72.92346,72.95972,72.85963,72.8824,33.33333
48.05998,72.92322,72.95959,72.8596,72.88233,33.33333
48.07998,72.92297,72.95947,72.85956,72.88226,33.33333
48.09998,72.92273,72.95935,72.85952,72.88219,33.33333
48.11998,72.92249,72.95923,72.85948,72.88213,33.33333
48.13998,72.92224,72.95911,72.85944,72.88206,33.33333
48.15998,72.922,72.95898,72.85941,72.88199,33.33333
48.17998,72.92175,72.95886,72.85937,72.88192,33.33333
48.19998,72.92151,72.95874,72.85933,72.88185,33.33333
48.21998,72.92126,72.95862,72.85929,72.88178,33.33333
48.23998,72.92102,72.9585,72.85925,72.88171,33.33333
48.25998,72.92078,72.95837,72.85921,72.88165,33.33333
48.27998,72.92053,72.95825,72.85918,72.88158,33.33333
48.29998,72.92029,72.95813,72.85914,72.88151,33.33333
48.31998,72.92004,72.95801,72.8591,72.88144,33.33333
48.33998,72.9198,72.95789,72.85906,72.88137,33.33333
48.35998,72.91956,72.95776,72.85902,72.8813,33.33333
48.37998,72.91931,72.95764,72.85899,72.88123,33.33333
48.39998,72.91907,72.95752,72.85895,72.88116,33.33333
48.41998,72.91882,72.9574,72.85891,72.8811,33.33333
48.43998,72.91858,72.95728,72.85887,72.88103,33.33333
48.45998,72.91833,72.95715,72.85883,72.88096,33.33333
48.47998,72.91809,72.95703,72.8588,72.88089,33.33333
48.49998,72.91785,72.95691,72.85876,72.88082,33.33333
48.51998,72.9176,72.95679,72.85872,72.88075,33.33333
48.53998,72.91736,72.95667,72.85868,72.88068,33.33333
48.55998,72.91711,72.95654,72.85864,72.88062,33.33333
48.57998,72.91687,72.95642,72.8586,72.88055,33.33333
48.59998,72.91663,72.9563,72.85857,72.88048,33.33333
48.61998,72.91638,72.95618,72.85853,72.88041,33.33333
48.63998,72.91614,72.95605,72.85849,72.88034,33.33333
48.65998,72.91589,72.95593,72.85845,72.88027,33.33333
48.67998,72.91565,72.95581,72.85841,72.8802,33.33333
48.69998,72.91541,72.95569,72.85838,72.88013,33.33333
48.71998,72.91516,72.95557,72.85834,72.88007,33.33333
48.73998,72.91492,72.95544,72.8583,72.88,33.33333
48.75998,72.91467,72.95532,72.85826,72.87993,33.33333
48.77998,72.91443,72.9552,72.85822,72.87986,33.33333
48.79998,72.91418,72.95508,72.85818,72.87979,33.33333
48.81998,72.91394,72.95496,72.85815,72.87972,33.33333
48.83998,72.9137,72.95483,72.85811,72.87965,33.33333
48.85998,72.91345,72.95471,72.85807,72.87959,33.33333
48.87998,72.91321,72.95459,72.85803,72.87952,33.33333
48.89998,72.91296,72.95447,72.85799,72.87945,33.33333
48.91998,72.91272,72.95435,72.85796,72.87939,33.33333
48.93998,72.9126,72.9541,72.85792,72.87933,33.33333
48.95998,72.91248,72.95386,72.85788,72.87926,33.33333
48.97998,72.91235,72.95361,72.85784,72.8792,33.33333
48.99998,72.91223,72.95337,72.8578,72.87913,33.33333
49.01998,72.91211,72.95313,72.85777,72.87906,33.33333
49.03998,72.91199,72.95288,72.85773,72.87899,33.33333
49.05998,72.91187,72.95264,72.85769,72.87892,33.33333
49.07998,72.91174,72.95239,72.85765,72.87885,33.33333
49.09998,72.91162,72.95215,72.85761,72.87878,33.33333
49.11998,72.9115,72.9519,72.85757,72.87872,33.33333
49.13998,72.91138,72.95166,72.85754,72.87865,33.33333
49.15998,72.91125,72.95142,72.8575,72.87858,33.33333
49.17998,72.91113,72.95117,72.85746,72.87851,33.33333
49.19998,72.91101,72.95093,72.85742,72.87844,33.33333
49.21998,72.91089,72.95068,72.85738,72.87837,33.33333
49.23998,72.91077,72.95044,72.85735,72.8783,33.33333
49.25998,72.91064,72.9502,72.85731,72.87823,33.33333
49.27998,72.91052,72.94995,72.85728,72.87817,33.33333
49.29998,72.9104,72.94971,72.85725,72.8781,33.33333
49.31998,72.91028,72.94946,72.85722,72.87803,33.33333
49.33998,72.91016,72.94922,72.85719,72.87796,33.33333
49.35998,72.91003,72.94897,72.85715,72.87789,33.33333
49.37998,72.90991,72.94873,72.85712,72.87782,33.33333
49.39998,72.90979,72.94849,72.85709,72.87776,33.33333
49.41998,72.90967,72.94824,72.85706,72.87769,33.33333
49.43998,72.90955,72.948,72.85703,72.87763,33.33333
49.45998,72.90942,72.94775,72.857,72.87756,33.33333
49.47998,72.9093,72.94751,72.85697,72.8775,33.33333
49.49998,72.90918,72.94727,72.85694,72.87743,33.33333
49.51998,72.90906,72.94702,72.85691,72.87737,33.33333
49.53998,72.90894,72.94678,72.85688,72.87731,33.33333
49.55998,72.90881,72.94653,72.85685,72.87724,33.33333
49.57998,72.90869,72.94629,72.85682,72.87718,33.33333
49.59998,72.90857,72.94604,72.85679,72.87711,33.33333
49.61998,72.90845,72.9458,72.85676,72.87705,33.33333
49.63998,72.90833,72.94556,72.85673,72.87698,33.33333
49.65998,72.9082,72.94531,72.8567,72.87692,33.33333
49.67998,72.90808,72.94507,72.85667,72.87686,33.33333
49.69998,72.90796,72.94482,72.85664,72.87679,33.33333
49.71998,72.90784,72.94458,72.85661,72.87673,33.33333
49.73998,72.90771,72.94434,72.85658,72.87666,33.33333
49.75998,72.90759,72.94409,72.85654,72.8766,33.33333
49.77998,72.90747,72.94385,72.85651,72.87653,33.33333
49.79998,72.90735,72.9436,72.85648,72.87647,33.33333
49.81998,72.90723,72.94336,72.85645,72.87641,33.33333
49.83998,72.9071,72.94312,72.85642,72.87634,33.33333
49.85998,72.90698,72.94287,72.85639,72.87628,33.33333
49.87998,72.90686,72.94263,72.85636,72.87621,33.33333
49.89998,72.90674,72.94238,72.85633,72.87615,33.33333
49.91998,72.90662,72.94214,72.8563,72.87608,33.33333
49.93998,72.90649,72.94189,72.85627,72.87602,33.33333
49.95998,72.90637,72.94165,72.85624,72.87596,33.33333
49.97998,72.90625,72.94141,72.85621,72.87589,33.33333
49.99998,72.90613,72.94116,72.85618,72.87583,33.33333
50.01998,72.90601,72.94092,72.85615,72.87576,33.33333
50.03998,72.90588,72.94067,72.85612,72.8757,33.33333
50.05998,72.90576,72.94043,72.85609,72.87563,33.33333
50.07998,72.90564,72.94019,72.85606,72.87557,33.33333
50.09998,72.90552,72.93994,72.85603,72.87551,33.33333
50.11998,72.9054,72.9397,72.856,72.87544,33.33333
50.13998,72.90527,72.93945,72.85596,72.87538,33.33333
50.15998,72.90515,72.93921,72.85593,72.87531,33.33333
50.17998,72.90503,72.93896,72.8559,72.87525,33.33333
50.19998,72.90491,72.93872,72.85587,72.87518,33.33333
50.21998,72.90479,72.93848,72.85584,72.87512,33.33333
50.23998,72.90466,72.93823,72.85581,72.87506,33.33333
50.25998,72.90454,72.93799,72.85578,72.87499,33.33333
50.27998,72.90442,72.93774,72.85575,72.87493,33.33333
50.29998,72.9043,72.9375,72.85572,72.87486,33.33333
50.31998,72.90417,72.93726,72.85569,72.8748,33.33333
50.33998,72.90405,72.93701,72.85566,72.87473,33.33333
50.35998,72.90393,72.93677,72.85563,72.87467,33.33333
50.37998,72.90381,72.93652,72.8556,72.87461,33.33333
50.39998,72.90369,72.93628,72.85557,72.87454,33.33333
50.41998,72.90356,72.93604,72.85554,72.87448,33.33333
50.43998,72.90344,72.93579,72.85551,72.87441,33.33333
50.45998,72.90332,72.93555,72.85548,72.87435,33.33333
50.47998,72.9032,72.9353,72.85545,72.87428,33.33333
50.49998,72.90308,72.93506,72.85542,72.87422,33.33333
50.51998,72.90295,72.93481,72.85538,72.87416,33.33333
50.53998,72.90283,72.93457,72.85535,72.87409,33.33333
50.55998,72.90271,72.93433,72.85532,72.87403,33.33333
50.57998,72.90259,72.93408,72.85529,72.87396,33.33333
50.59998,72.90247,72.93384,72.85526,72.8739,33.33333
50.61998,72.90234,72.93359,72.85524,72.87383,33.33333
50.63998,72.90222,72.93335,72.85522,72.87377,33.33333
50.65998,72.9021,72.93311,72.85519,72.87371,33.33333
50.67998,72.90198,72.93286,72.85517,72.87365,33.33333
50.69998,72.90186,72.93262,72.85515,72.87359,33.33333
50.71998,72.90173,72.93237,72.85513,72.87353,33.33333
50.73998,72.90161,72.93213,72.8551,72.87347,33.33333
50.75998,72.90149,72.93188,72.85508,72.87341,33.33333
50.77998,72.90137,72.93164,72.85506,72.87334,33.33333
50.79998,72.90125,72.9314,72.85503,72.87328,33.33333
50.81998,72.90112,72.93115,72.85501,72.87322,33.33333
50.83998,72.901,72.93091,72.85499,72.87316,33.33333
50.85998,72.90088,72.93066,72.85497,72.8731,33.33333
50.87998,72.90076,72.93042,72.85494,72.87304,33.33333
50.89998,72.90063,72.93018,72.85492,72.87298,33.33333
50.91998,72.90051,72.92993,72.8549,72.87292,33.33333
50.93998,72.90039,72.92969,72.85487,72.87286,33.33333
50.95998,72.90027,72.92944,72.85485,72.8728,33.33333
50.97998,72.90015,72.9292,72.85483,72.87273,33.33333
50.99998,72.90002,72.92896,72.8548,72.87267,33.33333
51.01998,72.8999,72.92871,72.85478,72.87261,33.33333
51.03998,72.89978,72.92847,72.85476,72.87255,33.33333
51.05998,72.89966,72.92822,72.85474,72.87249,33.33333
51.07998,72.89954,72.92798,72.85471,72.87243,33.33333
51.09998,72.89941,72.92773,72.85469,72.87237,33.33333
51.11998,72.89929,72.92749,72.85467,72.87231,33.33333
51.13998,72.89917,72.92725,72.85464,72.87225,33.33333
51.15998,72.89905,72.927,72.85462,72.87218,33.33333
51.17998,72.89893,72.92676,72.8546,72.87212,33.33333
51.19998,72.8988,72.92651,72.85458,72.87206,33.33333
51.21998,72.89868,72.92627,72.85455,72.872,33.33333
51.23998,72.89856,72.92603,72.85453,72.87194,33.33333
51.25998,72.89844,72.92578,72.85451,72.87188,33.33333
51.27998,72.89832,72.92554,72.85448,72.87182,33.33333
51.29998,72.89819,72.92529,72.85446,72.87176,33.33333
51.31998,72.89807,72.92505,72.85444,72.8717,33.33333
51.33998,72.89795,72.9248,72.85442,72.87164,33.33333
51.35998,72.89783,72.92456,72.85439,72.87157,33.33333
51.37998,72.89771,72.92432,72.85437,72.87151,33.33333
51.39998,72.89758,72.92407,72.85435,72.87145,33.33333
51.41998,72.89746,72.92383,72.85432,72.87139,33.33333
51.43998,72.89734,72.92358,72.8543,72.87133,33.33333
51.45998,72.89722,72.92334,72.85428,72.87127,33.33333
51.47998,72.89709,72.9231,72.85426,72.87121,33.33333
51.49998,72.89697,72.92285,72.85423,72.87115,33.33333
51.51998,72.89685,72.92261,72.85421,72.87109,33.33333
51.53998,72.89673,72.92236,72.85419,72.87103,33.33333
51.55998,72.89661,72.92212,72.85416,72.87096,33.33333
51.57998,72.89648,72.92188,72.85414,72.8709,33.33333
51.59998,72.89636,72.92163,72.85412,72.87084,33.33333
51.61998,72.89624,72.92139,72.8541,72.87078,33.33333
51.63998,72.89612,72.92114,72.85407,72.87072,33.33333
51.65998,72.896,72.9209,72.85405,72.87066,33.33333
51.67998,72.89587,72.92065,72.85403,72.8706,33.33333
51.69998,72.89575,72.92041,72.854,72.87054,33.33333
51.71998,72.89563,72.92017,72.85398,72.87048,33.33333
51.73998,72.89551,72.91992,72.85396,72.87041,33.33333
51.75998,72.89539,72.91968,72.85394,72.87035,33.33333
51.77998,72.89526,72.91943,72.85391,72.87029,33.33333
51.79998,72.89514,72.91919,72.85389,72.87023,33.33333
51.81998,72.89502,72.91895,72.85387,72.87017,33.33333
51.83998,72.8949,72.91882,72.85384,72.87011,33.33333
51.85998,72.89478,72.9187,72.85382,72.87005,33.33333
51.87998,72.89465,72.91858,72.8538,72.86999,33.33333
51.89998,72.89453,72.91846,72.85378,72.86993,33.33333
51.91998,72.89441,72.91833,72.85375,72.86987,33.33333
51.93998,72.89429,72.91821,72.85373,72.8698,33.33333
51.95998,72.89417,72.91809,72.85371,72.86974,33.33333
51.97998,72.89404,72.91797,72.85368,72.86968,33.33333
51.99998,72.89392,72.91785,72.85366,72.86962,33.33333
52.01998,72.8938,72.91772,72.85364,72.86956,33.33333
52.03998,72.89368,72.9176,72.85361,72.8695,33.33333
52.05998,72.89355,72.91748,72.85359,72.86944,33.33333
52.07998,72.89343,72.91736,72.85357,72.86938,33.33333
52.09998,72.89331,72.91724,72.85355,72.86932,33.33333
52.11998,72.89319,72.91711,72.85352,72.86926,33.33333
52.13998,72.89307,72.91699,72.8535,72.86919,33.33333
52.15998,72.89294,72.91687,72.85348,72.86913,33.33333
52.17998,72.89282,72.91675,72.85345,72.86907,33.33333
52.19998,72.8927,72.91663,72.85343,72.86901,33.33333
52.21998,72.89258,72.9165,72.85341,72.86895,33.33333
52.23998,72.89246,72.91638,72.85339,72.86889,33.33333
52.25998,72.89233,72.91626,72.85336,72.86883,33.33333
52.27998,72.89221,72.91614,72.85334,72.86877,33.33333
52.29998,72.89209,72.91602,72.85332,72.86871,33.33333
52.31998,72.89197,72.91589,72.85329,72.86864,33.33333
52.33998,72.89185,72.91577,72.85327,72.86858,33.33333
52.35998,72.89172,72.91565,72.85325,72.86853,33.33333
52.37998,72.8916,72.91553,72.85323,72.86848,33.33333
52.39998,72.89148,72.91541,72.8532,72.86842,33.33333
52.41998,72.89136,72.91528,72.85318,72.86837,33.33333
52.43998,72.89124,72.91516,72.85316,72.86832,33.33333
52.45998,72.89111,72.91504,72.85313,72.86826,33.33333
52.47998,72.89099,72.91492,72.85311,72.86821,33.33333
52.49998,72.89087,72.91479,72.85309,72.86816,33.33333
52.51998,72.89075,72.91467,72.85307,72.8681,33.33333
52.53998,72.89063,72.91455,72.85304,72.86805,33.33333
52.55998,72.8905,72.91443,72.85302,72.868,33.33333
52.57998,72.89038,72.91431,72.853,72.86794,33.33333
52.59998,72.89026,72.91418,72.85297,72.86789,33.33333
52.61998,72.89014,72.91406,72.85295,72.86784,33.33333
52.63998,72.89001,72.91394,72.85293,72.86778,33.33333
52.65998,72.88989,72.91382,72.85291,72.86773,33.33333
52.67998,72.88977,72.9137,72.85288,72.86768,33.33333
52.69998,72.88965,72.91357,72.85286,72.86762,33.33333
52.71998,72.88953,72.91345,72.85284,72.86757,33.33333
52.73998,72.8894,72.91333,72.85281,72.86752,33.33333
52.75998,72.88928,72.91321,72.85279,72.86746,33.33333
52.77998,72.88916,72.91309,72.85277,72.86741,33.33333
52.79998,72.88904,72.91296,72.85275,72.86736,33.33333
52.81998,72.88892,72.91284,72.85272,72.8673,33.33333
52.83998,72.88879,72.91272,72.8527,72.86725,33.33333
52.85998,72.88867,72.9126,72.85268,72.8672,33.33333
52.87998,72.88855,72.91248,72.85265,72.86714,33.33333
52.89998,72.88843,72.91235,72.85263,72.86709,33.33333
52.91998,72.88831,72.91223,72.85261,72.86703,33.33333
52.93998,72.88818,72.91211,72.85258,72.86698,33.33333
52.95998,72.88806,72.91199,72.85256,72.86693,33.33333
52.97998,72.88794,72.91187,72.85254,72.86687,33.33333
52.99998,72.88782,72.91174,72.85252,72.86682,33.33333
53.01998,72.8877,72.91162,72.85249,72.86677,33.33333
53.03998,72.88757,72.9115,72.85247,72.86671,33.33333
53.05998,72.88745,72.91138,72.85245,72.86666,33.33333
53.07998,72.88733,72.91125,72.85242,72.86661,33.33333
53.09998,72.88721,72.91113,72.8524,72.86655,33.33333
53.11998,72.88708,72.91101,72.85238,72.8665,33.33333
53.13998,72.88696,72.91089,72.85236,72.86645,33.33333
53.15998,72.88684,72.91077,72.85233,72.86639,33.33333
53.17998,72.88672,72.91064,72.85231,72.86634,33.33333
53.19998,72.8866,72.91052,72.85229,72.86629,33.33333
53.21998,72.88647,72.9104,72.85226,72.86623,33.33333
53.23998,72.88635,72.91028,72.85224,72.86618,33.33333
53.25998,72.88623,72.91016,72.85222,72.86613,33.33333
53.27998,72.88611,72.91003,72.8522,72.86607,33.33333
53.29998,72.88599,72.90991,72.85217,72.86602,33.33333
53.31998,72.88586,72.90979,72.85215,72.86597,33.33333
53.33998,72.88574,72.90967,72.85213,72.86593,33.33333
53.35998,72.88562,72.90955,72.8521,72.86588,33.33333
53.37998,72.8855,72.90942,72.85208,72.86584,33.33333
53.39998,72.88538,72.9093,72.85206,72.86579,33.33333
53.41998,72.88525,72.90918,72.85204,72.86575,33.33333
53.43998,72.88513,72.90906,72.85201,72.8657,33.33333
53.45998,72.88501,72.90894,72.85199,72.86565,33.33333
53.47998,72.88489,72.90881,72.85197,72.86561,33.33333
53.49998,72.88477,72.90869,72.85194,72.86556,33.33333
53.51998,72.88464,72.90857,72.85192,72.86552,33.33333
53.53998,72.88452,72.90845,72.8519,72.86547,33.33333
53.55998,72.8844,72.90833,72.85188,72.86543,33.33333
53.57998,72.88428,72.9082,72.85185,72.86538,33.33333
53.59998,72.88416,72.90808,72.85183,72.86533,33.33333
53.61998,72.88403,72.90796,72.85181,72.86529,33.33333
53.63998,72.88391,72.90784,72.85178,72.86524,33.33333
53.65998,72.88379,72.90771,72.85176,72.8652,33.33333
53.67998,72.88367,72.90759,72.85174,72.86515,33.33333
53.69998,72.88354,72.90747,72.85172,72.8651,33.33333
53.71998,72.88342,72.90735,72.85169,72.86506,33.33333
53.73998,72.8833,72.90723,72.85167,72.86501,33.33333
53.75998,72.88318,72.9071,72.85165,72.86497,33.33333
53.77998,72.88306,72.90698,72.85162,72.86492,33.33333
53.79998,72.88293,72.90686,72.8516,72.86488,33.33333
53.81998,72.88281,72.90674,72.85158,72.86483,33.33333
53.83998,72.88269,72.90662,72.85155,72.86478,33.33333
53.85998,72.88257,72.90649,72.85153,72.86474,33.33333
53.87998,72.88245,72.90637,72.85151,72.86469,33.33333
53.89998,72.88232,72.90625,72.85149,72.86465,33.33333
53.91998,72.8822,72.90613,72.85146,72.8646,33.33333
53.93998,72.88208,72.90601,72.85144,72.86456,33.33333
53.95998,72.88196,72.90588,72.85142,72.86451,33.33333
53.97998,72.88184,72.90576,72.85139,72.86446,33.33333
53.99998,72.88171,72.90564,72.85137,72.86442,33.33333
54.01998,72.88159,72.90552,72.85135,72.86437,33.33333
54.03998,72.88147,72.9054,72.85133,72.86433,33.33333
54.05998,72.88135,72.90527,72.8513,72.86428,33.33333
54.07998,72.88123,72.90515,72.85128,72.86423,33.33333
54.09998,72.8811,72.90503,72.85126,72.86419,33.33333
54.11998,72.88098,72.90491,72.85123,72.86414,33.33333
54.13998,72.88086,72.90479,72.85121,72.8641,33.33333
54.15998,72.88074,72.90466,72.85119,72.86405,33.33333
54.17998,72.88062,72.90454,72.85117,72.86401,33.33333
54.19998,72.88049,72.90442,72.85114,72.86396,33.33333
54.21998,72.88037,72.9043,72.85112,72.86391,33.33333
54.23998,72.88025,72.90417,72.8511,72.86387,33.33333
54.25998,72.88013,72.90405,72.85107,72.86382,33.33333
54.27998,72.88,72.90393,72.85105,72.86378,33.33333
54.29998,72.87988,72.90381,72.85103,72.86373,33.33333
54.31998,72.87976,72.90369,72.85101,72.86369,33.33333
54.33998,72.87964,72.90356,72.85098,72.86364,33.33333
54.35998,72.87952,72.90344,72.85096,72.86359,33.33333
54.37998,72.87939,72.90332,72.85094,72.86355,33.33333
54.39998,72.87927,72.9032,72.85091,72.8635,33.33333
54.41998,72.87915,72.90308,72.85089,72.86346,33.33333
54.43998,72.87903,72.90295,72.85087,72.86341,33.33333
54.45998,72.87891,72.90283,72.85085,72.86337,33.33333
54.47998,72.87878,72.90271,72.85082,72.86332,33.33333
54.49998,72.87866,72.90259,72.8508,72.86327,33.33333
54.51998,72.87854,72.90247,72.85078,72.86323,33.33333
54.53998,72.87842,72.90234,72.85075,72.86318,33.33333
54.55998,72.8783,72.90222,72.85073,72.86314,33.33333
54.57998,72.87817,72.9021,72.85071,72.86309,33.33333
54.59998,72.87805,72.90198,72.85069,72.86304,33.33333
54.61998,72.87793,72.90186,72.85066,72.863,33.33333
54.63998,72.87781,72.90173,72.85064,72.86295,33.33333
54.65998,72.87769,72.90161,72.85062,72.86291,33.33333
54.67998,72.87756,72.90149,72.85059,72.86286,33.33333
54.69998,72.87744,72.90137,72.85057,72.86282,33.33333
54.71998,72.87732,72.90125,72.85055,72.86277,33.33333
54.73998,72.8772,72.90112,72.85052,72.86272,33.33333
54.75998,72.87708,72.901,72.8505,72.86268,33.33333
54.77998,72.87695,72.90088,72.85048,72.86263,33.33333
54.79998,72.87683,72.90076,72.85046,72.86259,33.33333
54.81998,72.87671,72.90063,72.85043,72.86254,33.33333
54.83998,72.87659,72.90051,72.85041,72.8625,33.33333
54.85998,72.87646,72.90039,72.85039,72.86245,33.33333
54.87998,72.87634,72.90027,72.85036,72.8624,33.33333
54.89998,72.87622,72.90015,72.85034,72.86236,33.33333
54.91998,72.8761,72.90002,72.85032,72.86231,33.33333
54.93998,72.87598,72.8999,72.8503,72.86227,33.33333
54.95998,72.87585,72.89978,72.85027,72.86222,33.33333
54.97998,72.87573,72.89966,72.85025,72.86217,33.33333
54.99998,72.87561,72.89954,72.85023,72.86213,33.33333
55.01998,72.87549,72.89941,72.8502,72.86208,33.33333
55.03998,72.87537,72.89929,72.85018,72.86204,33.33333
55.05998,72.87524,72.89917,72.85016,72.86199,33.33333
55.07998,72.87512,72.89905,72.85014,72.86195,33.33333
55.09998,72.875,72.89893,72.85011,72.8619,33.33333
55.11998,72.87488,72.8988,72.85009,72.86185,33.33333
55.13998,72.87476,72.89868,72.85007,72.86181,33.33333
55.15998,72.87463,72.89856,72.85004,72.86176,33.33333
55.17998,72.87451,72.89844,72.85002,72.86172,33.33333
55.19998,72.87439,72.89832,72.85,72.86167,33.33333
55.21998,72.87427,72.89819,72.84998,72.86163,33.33333
55.23998,72.87415,72.89807,72.84995,72.86158,33.33333
55.25998,72.87402,72.89795,72.84993,72.86153,33.33333
55.27998,72.8739,72.89783,72.84991,72.86149,33.33333
55.29998,72.87378,72.89771,72.84988,72.86144,33.33333
55.31998,72.87366,72.89758,72.84986,72.8614,33.33333
55.33998,72.87354,72.89746,72.84984,72.86135,33.33333
55.35998,72.87341,72.89734,72.84982,72.86131,33.33333
55.37998,72.87329,72.89722,72.84979,72.86127,33.33333
55.39998,72.87317,72.89709,72.84977,72.86124,33.33333
55.41998,72.87305,72.89697,72.84975,72.8612,33.33333
55.43998,72.87292,72.89685,72.84973,72.86116,33.33333
55.45998,72.8728,72.89673,72.84971,72.86112,33.33333
55.47998,72.87268,72.89661,72.84969,72.86108,33.33333
55.49998,72.87256,72.89648,72.84967,72.86105,33.33333
55.51998,72.87244,72.89636,72.84966,72.86101,33.33333
55.53998,72.87231,72.89624,72.84963,72.86097,33.33333
55.55998,72.87219,72.89612,72.84961,72.86093,33.33333
55.57998,72.87207,72.896,72.84959,72.86089,33.33333
55.59998,72.87195,72.89587,72.84957,72.86086,33.33333
55.61998,72.87183,72.89575,72.84956,72.86082,33.33333
55.63998,72.8717,72.89563,72.84953,72.86078,33.33333
55.65998,72.87158,72.89551,72.84951,72.86074,33.33333
55.67998,72.87146,72.89539,72.84949,72.8607,33.33333
55.69998,72.87134,72.89526,72.84947,72.86066,33.33333
55.71998,72.87122,72.89514,72.84945,72.86063,33.33333
55.73998,72.87109,72.89502,72.84943,72.86059,33.33333
55.75998,72.87097,72.8949,72.84941,72.86055,33.33333
55.77998,72.87085,72.89478,72.8494,72.86051,33.33333
55.79998,72.87073,72.89465,72.84937,72.86047,33.33333
55.81998,72.87061,72.89453,72.84935,72.86044,33.33333
55.83998,72.87048,72.89441,72.84933,72.8604,33.33333
55.85998,72.87036,72.89429,72.84931,72.86036,33.33333
55.87998,72.87024,72.89417,72.8493,72.86032,33.33333
55.89998,72.87012,72.89404,72.84927,72.86028,33.33333
55.91998,72.87,72.89392,72.84925,72.86024,33.33333
55.93998,72.86987,72.8938,72.84924,72.86021,33.33333
55.95998,72.86975,72.89368,72.84921,72.86017,33.33333
55.97998,72.86963,72.89355,72.84919,72.86013,33.33333
55.99998,72.86951,72.89343,72.84917,72.86009,33.33333
56.01998,72.86938,72.89331,72.84915,72.86005,33.33333
56.03998,72.86926,72.89319,72.84914,72.86002,33.33333
56.05998,72.86914,72.89307,72.84911,72.85998,33.33333
56.07998,72.86902,72.89294,72.84909,72.85994,33.33333
56.09998,72.8689,72.89282,72.84908,72.8599,33.33333
56.11998,72.86877,72.8927,72.84905,72.85986,33.33333
56.13998,72.86865,72.89258,72.84904,72.85983,33.33333
56.15998,72.86853,72.89246,72.84901,72.85979,33.33333
56.17998,72.86841,72.89233,72.84899,72.85975,33.33333
56.19998,72.86829,72.89221,72.84898,72.85971,33.33333
56.21998,72.86816,72.89209,72.84895,72.85967,33.33333
56.23998,72.86804,72.89197,72.84893,72.85963,33.33333
56.25998,72.86792,72.89185,72.84892,72.8596,33.33333
56.27998,72.8678,72.89172,72.84889,72.85956,33.33333
56.29998,72.86768,72.8916,72.84888,72.85952,33.33333
56.31998,72.86755,72.89148,72.84885,72.85948,33.33333
56.33998,72.86743,72.89136,72.84883,72.85944,33.33333
56.35998,72.86731,72.89124,72.84882,72.85941,33.33333
56.37998,72.86719,72.89111,72.84879,72.85937,33.33333
56.39998,72.86707,72.89099,72.84878,72.85933,33.33333
56.41998,72.86694,72.89087,72.84875,72.85929,33.33333
56.43998,72.86682,72.89075,72.84873,72.85925,33.33333
56.45998,72.8667,72.89063,72.84872,72.85921,33.33333
56.47998,72.86658,72.8905,72.84869,72.85918,33.33333
56.49998,72.86646,72.89038,72.84868,72.85914,33.33333
56.51998,72.86633,72.89026,72.84866,72.8591,33.33333
56.53998,72.86621,72.89014,72.84863,72.85906,33.33333
56.55998,72.86609,72.89001,72.84862,72.85902,33.33333
56.57998,72.86597,72.88989,72.84859,72.85899,33.33333
56.59998,72.86584,72.88977,72.84857,72.85895,33.33333
56.61998,72.86572,72.88965,72.84856,72.85891,33.33333
56.63998,72.8656,72.88953,72.84853,72.85887,33.33333
56.65998,72.86548,72.8894,72.84852,72.85883,33.33333
56.67998,72.86536,72.88928,72.8485,72.8588,33.33333
56.69998,72.86523,72.88916,72.84847,72.85876,33.33333
56.71998,72.86511,72.88904,72.84846,72.85872,33.33333
56.73998,72.86499,72.88892,72.84843,72.85868,33.33333
56.75998,72.86487,72.88879,72.84842,72.85864,33.33333
56.77998,72.86475,72.88867,72.8484,72.8586,33.33333
56.79998,72.86462,72.88855,72.84837,72.85857,33.33333
56.81998,72.8645,72.88843,72.84836,72.85853,33.33333
56.83998,72.86438,72.88831,72.84834,72.85849,33.33333
56.85998,72.86426,72.88818,72.84831,72.85845,33.33333
56.87998,72.86414,72.88806,72.8483,72.85841,33.33333
56.89998,72.86401,72.88794,72.84827,72.85838,33.33333
56.91998,72.86389,72.88782,72.84826,72.85834,33.33333
56.93998,72.86377,72.8877,72.84824,72.8583,33.33333
56.95998,72.86365,72.88757,72.84821,72.85826,33.33333
56.97998,72.86353,72.88745,72.8482,72.85822,33.33333
56.99998,72.8634,72.88733,72.84818,72.85818,33.33333
57.01998,72.86328,72.88721,72.84816,72.85815,33.33333
57.03998,72.86316,72.88708,72.84814,72.85811,33.33333
57.05998,72.86304,72.88696,72.84811,72.85807,33.33333
57.07998,72.86292,72.88684,72.8481,72.85803,33.33333
57.09998,72.86279,72.88672,72.84808,72.85799,33.33333
57.11998,72.86267,72.8866,72.84805,72.85796,33.33333
57.13998,72.86255,72.8866,72.84804,72.85792,33.33333
57.15998,72.86243,72.8866,72.84801,72.85788,33.33333
57.17998,72.8623,72.8866,72.848,72.85784,33.33333
57.19998,72.86218,72.8866,72.84798,72.8578,33.33333
57.21998,72.86206,72.8866,72.84795,72.85777,33.33333
57.23998,72.86194,72.8866,72.84794,72.85773,33.33333
57.25998,72.86182,72.8866,72.84792,72.85769,33.33333
57.27998,72.86169,72.8866,72.8479,72.85765,33.33333
57.29998,72.86157,72.8866,72.84788,72.85761,33.33333
57.31998,72.86145,72.8866,72.84785,72.85757,33.33333
57.33998,72.86133,72.8866,72.84784,72.85754,33.33333
57.35998,72.86121,72.8866,72.84782,72.8575,33.33333
57.37998,72.86108,72.8866,72.84779,72.85746,33.33333
57.39998,72.86096,72.8866,72.84778,72.85742,33.33333
57.41998,72.86084,72.8866,72.84776,72.85738,33.33333
57.43998,72.86072,72.8866,72.84774,72.85735,33.33333
57.45998,72.8606,72.8866,72.84772,72.85731,33.33333
57.47998,72.86047,72.8866,72.84769,72.85727,33.33333
57.49998,72.86035,72.8866,72.84768,72.85723,33.33333
57.51998,72.86023,72.8866,72.84766,72.85719,33.33333
57.53998,72.86011,72.8866,72.84764,72.85715,33.33333
57.55998,72.85999,72.8866,72.84762,72.85712,33.33333
57.57998,72.85986,72.8866,72.8476,72.85708,33.33333
57.59998,72.85974,72.8866,72.84758,72.85704,33.33333
57.61998,72.85962,72.8866,72.84756,72.857,33.33333
57.63998,72.8595,72.8866,72.84753,72.85696,33.33333
57.65998,72.85938,72.8866,72.84752,72.85693,33.33333
57.67998,72.85925,72.8866,72.8475,72.8569,33.33333
57.69998,72.85913,72.8866,72.84748,72.85686,33.33333
57.71998,72.85901,72.8866,72.84746,72.85683,33.33333
57.73998,72.85889,72.8866,72.84743,72.8568,33.33333
57.75998,72.85876,72.8866,72.84742,72.85677,33.33333
57.77998,72.85864,72.8866,72.8474,72.85674,33.33333
57.79998,72.85852,72.8866,72.84738,72.85671,33.33333
57.81998,72.8584,72.8866,72.84736,72.85668,33.33333
57.83998,72.85828,72.8866,72.84734,72.85665,33.33333
57.85998,72.85815,72.8866,72.84732,72.85662,33.33333
57.87998,72.85803,72.8866,72.8473,72.85659,33.33333
57.89998,72.85791,72.8866,72.84728,72.85656,33.33333
57.91998,72.85779,72.8866,72.84726,72.85653,33.33333
57.93998,72.85767,72.8866,72.84724,72.8565,33.33333
57.95998,72.85754,72.8866,72.84722,72.85647,33.33333
57.97998,72.85742,72.8866,72.8472,72.85644,33.33333
57.99998,72.8573,72.8866,72.84718,72.85641,33.33333
58.01998,72.85718,72.8866,72.84716,72.85638,33.33333
58.03998,72.85706,72.8866,72.84714,72.85635,33.33333
58.05998,72.85693,72.8866,72.84712,72.85632,33.33333
58.07998,72.85681,72.8866,72.8471,72.85629,33.33333
58.09998,72.85669,72.8866,72.84708,72.85625,33.33333
58.11998,72.85657,72.8866,72.84706,72.85622,33.33333
58.13998,72.85645,72.8866,72.84704,72.85619,33.33333
58.15998,72.85632,72.8866,72.84702,72.85616,33.33333
58.17998,72.8562,72.8866,72.847,72.85613,33.33333
58.19998,72.85608,72.8866,72.84698,72.8561,33.33333
58.21998,72.85596,72.8866,72.84696,72.85607,33.33333
58.23998,72.85583,72.8866,72.84694,72.85604,33.33333
58.25998,72.85571,72.8866,72.84692,72.85601,33.33333
58.27998,72.85559,72.8866,72.8469,72.85598,33.33333
58.29998,72.85547,72.8866,72.84688,72.85595,33.33333
58.31998,72.85535,72.8866,72.84686,72.85592,33.33333
58.33998,72.85522,72.8866,72.84684,72.85589,33.33333
58.35998,72.8551,72.8866,72.84682,72.85586,33.33333
58.37998,72.85498,72.8866,72.8468,72.85583,33.33333
58.39998,72.85486,72.8866,72.84678,72.8558,33.33333
58.41998,72.85474,72.8866,72.84676,72.85577,33.33333
58.43998,72.85461,72.8866,72.84674,72.85574,33.33333
58.45998,72.85449,72.8866,72.84672,72.85571,33.33333
58.47998,72.85437,72.8866,72.8467,72.85567,33.33333
58.49998,72.85425,72.8866,72.84668,72.85564,33.33333
58.51998,72.85413,72.8866,72.84666,72.85561,33.33333
58.53998,72.854,72.8866,72.84664,72.85558,33.33333
58.55998,72.85388,72.8866,72.84662,72.85555,33.33333
58.57998,72.85376,72.8866,72.8466,72.85552,33.33333
58.59998,72.85364,72.8866,72.84658,72.85549,33.33333
58.61998,72.85352,72.8866,72.84656,72.85546,33.33333
58.63998,72.85339,72.8866,72.84654,72.85543,33.33333
58.65998,72.85327,72.8866,72.84652,72.8554,33.33333
58.67998,72.85315,72.8866,72.8465,72.85537,33.33333
58.69998,72.85303,72.8866,72.84648,72.85534,33.33333
58.71998,72.85291,72.8866,72.84646,72.85532,33.33333
58.73998,72.85278,72.8866,72.84644,72.85529,33.33333
58.75998,72.85266,72.8866,72.84642,72.85527,33.33333
58.77998,72.85254,72.8866,72.8464,72.85525,33.33333
58.79998,72.85242,72.8866,72.84638,72.85522,33.33333
58.81998,72.85229,72.8866,72.84636,72.8552,33.33333
58.83998,72.85217,72.8866,72.84634,72.85518,33.33333
58.85998,72.85205,72.8866,72.84632,72.85516,33.33333
58.87998,72.85193,72.8866,72.8463,72.85513,33.33333
58.89998,72.85181,72.8866,72.84628,72.85511,33.33333
58.91998,72.85168,72.8866,72.84626,72.85509,33.33333
58.93998,72.85156,72.8866,72.84624,72.85506,33.33333
58.95998,72.85144,72.8866,72.84622,72.85504,33.33333
58.97998,72.85132,72.8866,72.8462,72.85502,33.33333
58.99998,72.8512,72.8866,72.84618,72.855,33.33333
59.01998,72.85107,72.8866,72.84616,72.85497,33.33333
59.03998,72.85095,72.8866,72.84614,72.85495,33.33333
59.05998,72.85083,72.8866,72.84612,72.85493,33.33333
59.07998,72.85071,72.8866,72.8461,72.8549,33.33333
59.09998,72.85059,72.8866,72.84608,72.85488,33.33333
59.11998,72.85046,72.8866,72.84606,72.85486,33.33333
59.13998,72.85034,72.8866,72.84604,72.85484,33.33333
59.15998,72.85022,72.8866,72.84602,72.85481,33.33333
59.17998,72.8501,72.8866,72.846,72.85479,33.33333
59.19998,72.84998,72.8866,72.84599,72.85477,33.33333
59.21998,72.84985,72.8866,72.84596,72.85474,33.33333
59.23998,72.84973,72.8866,72.84594,72.85472,33.33333
59.25998,72.84961,72.8866,72.84592,72.8547,33.33333
59.27998,72.84949,72.8866,72.8459,72.85468,33.33333
59.29998,72.84937,72.8866,72.84588,72.85465,33.33333
59.31998,72.84924,72.8866,72.84586,72.85463,33.33333
59.33998,72.84912,72.8866,72.84584,72.85461,33.33333
59.35998,72.849,72.8866,72.84583,72.85458,33.33333
59.37998,72.84888,72.8866,72.8458,72.85456,33.33333
59.39998,72.84875,72.8866,72.84578,72.85454,33.33333
59.41998,72.84863,72.8866,72.84576,72.85452,33.33333
59.43998,72.84851,72.8866,72.84574,72.85449,33.33333
59.45998,72.84851,72.88647,72.84573,72.85447,33.33333
59.47998,72.84851,72.88635,72.84571,72.85445,33.33333
59.49998,72.84851,72.88623,72.8457,72.85442,33.33333
59.51998,72.84851,72.88611,72.84568,72.8544,33.33333
59.53998,72.84851,72.88599,72.84566,72.85438,33.33333
59.55998,72.84851,72.88586,72.84565,72.85435,33.33333
59.57998,72.84851,72.88574,72.84563,72.85433,33.33333
59.59998,72.84851,72.88562,72.84562,72.85431,33.33333
59.61998,72.84851,72.8855,72.8456,72.85429,33.33333
59.63998,72.84851,72.88538,72.84559,72.85426,33.33333
59.65998,72.84851,72.88525,72.84557,72.85424,33.33333
59.67998,72.84851,72.88513,72.84556,72.85422,33.33333
59.69998,72.84851,72.88501,72.84554,72.85419,33.33333
59.71998,72.84851,72.88489,72.84553,72.85417,33.33333
59.73998,72.84851,72.88477,72.84551,72.85415,33.33333
59.75998,72.84851,72.88464,72.8455,72.85413,33.33333
59.77998,72.84851,72.88452,72.84548,72.8541,33.33333
59.79998,72.84851,72.8844,72.84547,72.85408,33.33333
59.81998,72.84851,72.88428,72.84545,72.85406,33.33333
59.83998,72.84851,72.88416,72.84544,72.85403,33.33333
59.85998,72.84851,72.88403,72.84542,72.85401,33.33333
59.87998,72.84851,72.88391,72.84541,72.85399,33.33333
59.89998,72.84851,72.88379,72.84539,72.85397,33.33333
59.91998,72.84851,72.88367,72.84538,72.85394,33.33333
59.93998,72.84851,72.88354,72.84536,72.85392,33.33333
59.95998,72.84851,72.88342,72.84534,72.8539,33.33333
59.97998,72.84851,72.8833,72.84533,72.85387,33.33333
59.99998,72.84851,72.88318,72.84531,72.85385,33.33333
60.01998,72.84851,72.88306,72.8453,72.85383,33.33333
60.03998,72.84851,72.88293,72.84528,72.8538,33.33333
60.05998,72.84851,72.88281,72.84527,72.85377,33.33333
60.07998,72.84851,72.88269,72.84525,72.85374,33.33333
60.09998,72.84851,72.88257,72.84524,72.85371,33.33333
60.11998,72.84851,72.88245,72.84522,72.85368,33.33333
60.13998,72.84851,72.88232,72.84521,72.85365,33.33333
60.15998,72.84851,72.8822,72.84519,72.85361,33.33333
60.17998,72.84851,72.88208,72.84518,72.85358,33.33333
60.19998,72.84851,72.88196,72.84516,72.85355,33.33333
60.21998,72.84851,72.88184,72.84515,72.85352,33.33333
60.23998,72.84851,72.88171,72.84513,72.85349,33.33333
60.25998,72.84851,72.88159,72.84512,72.85346,33.33333
60.27998,72.84851,72.88147,72.8451,72.85343,33.33333
60.29998,72.84851,72.88135,72.84509,72.8534,33.33333
60.31998,72.84851,72.88123,72.84507,72.85337,33.33333
60.33998,72.84851,72.8811,72.84505,72.85334,33.33333
60.35998,72.84851,72.88098,72.84504,72.85331,33.33333
60.37998,72.84851,72.88086,72.84502,72.85328,33.33333
60.39998,72.84851,72.88074,72.84502,72.85325,33.33333
60.41998,72.84851,72.88062,72.84501,72.85322,33.33333
60.43998,72.84851,72.88049,72.845,72.85319,33.33333
60.45998,72.84851,72.88037,72.84499,72.85316,33.33333
60.47998,72.84851,72.88025,72.84499,72.85313,33.33333
60.49998,72.84851,72.88013,72.84498,72.85311,33.33333
60.51998,72.84851,72.88,72.84497,72.85308,33.33333
60.53998,72.84851,72.87988,72.84496,72.85306,33.33333
60.55998,72.84851,72.87976,72.84496,72.85303,33.33333
60.57998,72.84851,72.87964,72.84495,72.853,33.33333
60.59998,72.84851,72.87952,72.84494,72.85298,33.33333
60.61998,72.84851,72.87939,72.84493,72.85295,33.33333
60.63998,72.84851,72.87927,72.84492,72.85293,33.33333
60.65998,72.84851,72.87915,72.84492,72.85291,33.33333
60.67998,72.84851,72.87903,72.84491,72.85287,33.33333
60.69998,72.84851,72.87891,72.8449,72.85285,33.33333
60.71998,72.84851,72.87878,72.84489,72.85283,33.33333
60.73998,72.84851,72.87866,72.84489,72.8528,33.33333
60.75998,72.84851,72.87854,72.84488,72.85278,33.33333
60.77998,72.84851,72.87842,72.84487,72.85275,33.33333
60.79998,72.84851,72.8783,72.84486,72.85272,33.33333
60.81998,72.84851,72.87817,72.84486,72.8527,33.33333
60.83998,72.84851,72.87805,72.84485,72.85268,33.33333
60.85998,72.84851,72.87793,72.84484,72.85265,33.33333
60.87998,72.84851,72.87781,72.84483,72.85262,33.33333
60.89998,72.84851,72.87769,72.84483,72.8526,33.33333
60.91998,72.84851,72.87756,72.84482,72.85257,33.33333
60.93998,72.84851,72.87744,72.84481,72.85255,33.33333
60.95998,72.84851,72.87732,72.8448,72.85252,33.33333
60.97998,72.84851,72.8772,72.8448,72.85249,33.33333
60.99998,72.84851,72.87708,72.84479,72.85247,33.33333
61.01998,72.84851,72.87695,72.84478,72.85245,33.33333
61.03998,72.84851,72.87683,72.84477,72.85242,33.33333
61.05998,72.84851,72.87671,72.84476,72.85239,33.33333
61.07998,72.84851,72.87659,72.84476,72.85237,33.33333
61.09998,72.84851,72.87646,72.84475,72.85234,33.33333
61.11998,72.84851,72.87634,72.84474,72.85232,33.33333
61.13998,72.84851,72.87622,72.84473,72.85229,33.33333
61.15998,72.84851,72.8761,72.84473,72.85226,33.33333
61.17998,72.84851,72.87598,72.84472,72.85224,33.33333
61.19998,72.84851,72.87585,72.84471,72.85221,33.33333
61.21998,72.84851,72.87573,72.8447,72.85219,33.33333
61.23998,72.84851,72.87561,72.8447,72.85217,33.33333
61.25998,72.84851,72.87549,72.84469,72.85213,33.33333
61.27998,72.84851,72.87537,72.84468,72.85211,33.33333
61.29998,72.84851,72.87524,72.84467,72.85209,33.33333
61.31998,72.84851,72.87512,72.84467,72.85206,33.33333
61.33998,72.84851,72.875,72.84466,72.85204,33.33333
61.35998,72.84851,72.87488,72.84465,72.85201,33.33333
61.37998,72.84851,72.87476,72.84464,72.85198,33.33333
61.39998,72.84851,72.87463,72.84464,72.85196,33.33333
61.41998,72.84851,72.87451,72.84463,72.85194,33.33333
61.43998,72.84851,72.87439,72.84462,72.85191,33.33333
61.45998,72.84851,72.87427,72.84461,72.85188,33.33333
61.47998,72.84851,72.87415,72.8446,72.85186,33.33333
61.49998,72.84851,72.87402,72.8446,72.85183,33.33333
61.51998,72.84851,72.8739,72.84459,72.85181,33.33333
61.53998,72.84851,72.87378,72.84458,72.85178,33.33333
61.55998,72.84851,72.87366,72.84457,72.85175,33.33333
61.57998,72.84851,72.87354,72.84457,72.85173,33.33333
61.59998,72.84851,72.87341,72.84456,72.85171,33.33333
61.61998,72.84851,72.87329,72.84455,72.85168,33.33333
61.63998,72.84851,72.87317,72.84454,72.85165,33.33333
61.65998,72.84851,72.87305,72.84454,72.85163,33.33333
61.67998,72.84851,72.87292,72.84453,72.8516,33.33333
61.69998,72.84851,72.8728,72.84452,72.85158,33.33333
61.71998,72.84851,72.87268,72.84451,72.85155,33.33333
61.73998,72.84851,72.87256,72.84451,72.85152,33.33333
61.75998,72.84851,72.87244,72.8445,72.8515,33.33333
61.77998,72.84851,72.87231,72.84449,72.85147,33.33333
61.79998,72.84851,72.87219,72.84448,72.85145,33.33333
61.81998,72.84851,72.87207,72.84447,72.85143,33.33333
61.83998,72.84851,72.87195,72.84447,72.85139,33.33333
61.85998,72.84851,72.87183,72.84446,72.85137,33.33333
61.87998,72.84851,72.8717,72.84445,72.85135,33.33333
61.89998,72.84851,72.87158,72.84444,72.85132,33.33333
61.91998,72.84851,72.87146,72.84444,72.8513,33.33333
61.93998,72.84851,72.87134,72.84443,72.85127,33.33333
61.95998,72.84851,72.87122,72.84442,72.85124,33.33333
61.97998,72.84851,72.87109,72.84441,72.85122,33.33333
61.99998,72.84851,72.87097,72.84441,72.8512,33.33333
62.01998,72.84851,72.87085,72.8444,72.85117,33.33333
62.03998,72.84851,72.87073,72.84439,72.85114,33.33333
62.05998,72.84851,72.87061,72.84438,72.85112,33.33333
62.07998,72.84851,72.87048,72.84438,72.85109,33.33333
62.09998,72.84851,72.87036,72.84437,72.85107,33.33333
62.11998,72.84851,72.87024,72.84436,72.85104,33.33333
62.13998,72.84851,72.87012,72.84435,72.85101,33.33333
62.15998,72.84851,72.87,72.84435,72.85099,33.33333
62.17998,72.84851,72.86987,72.84434,72.85097,33.33333
62.19998,72.84851,72.86975,72.84433,72.85094,33.33333
62.21998,72.84851,72.86963,72.84432,72.85091,33.33333
62.23998,72.84851,72.86951,72.84431,72.85088,33.33333
62.25998,72.84851,72.86938,72.84431,72.85086,33.33333
62.27998,72.84851,72.86926,72.84431,72.85084,33.33333
62.29998,72.84851,72.86914,72.84431,72.85081,33.33333
62.31998,72.84851,72.86902,72.84431,72.85079,33.33333
62.33998,72.84851,72.8689,72.84431,72.85077,33.33333
62.35998,72.84851,72.86877,72.84431,72.85075,33.33333
62.37998,72.84851,72.86865,72.84431,72.85072,33.33333
62.39998,72.84851,72.86853,72.84431,72.8507,33.33333
62.41998,72.84851,72.86841,72.84431,72.85068,33.33333
62.43998,72.84851,72.86829,72.84431,72.85065,33.33333
62.45998,72.84851,72.86816,72.84431,72.85063,33.33333
62.47998,72.84851,72.86804,72.84431,72.85061,33.33333
62.49998,72.84851,72.86792,72.84431,72.85059,33.33333
62.51998,72.84851,72.8678,72.84431,72.85056,33.33333
62.53998,72.84851,72.86768,72.84431,72.85054,33.33333
62.55998,72.84851,72.86755,72.84431,72.85052,33.33333
62.57998,72.84851,72.86743,72.84431,72.85049,33.33333
62.59998,72.84851,72.86731,72.84431,72.85047,33.33333
62.61998,72.84851,72.86719,72.84431,72.85045,33.33333
62.63998,72.84851,72.86707,72.84431,72.85043,33.33333
62.65998,72.84851,72.86694,72.84431,72.8504,33.33333
62.67998,72.84851,72.86682,72.84431,72.85038,33.33333
62.69998,72.84851,72.8667,72.84431,72.85036,33.33333
62.71998,72.84851,72.86658,72.84431,72.85033,33.33333
62.73998,72.84851,72.86646,72.84431,72.85031,33.33333
62.75998,72.84851,72.86633,72.84431,72.85029,33.33333
62.77998,72.84851,72.86621,72.84431,72.85027,33.33333
62.79998,72.84851,72.86609,72.84431,72.85024,33.33333
62.81998,72.84851,72.86597,72.84431,72.85022,33.33333
62.83998,72.84851,72.86584,72.84431,72.8502,33.33333
62.85998,72.84851,72.86572,72.84431,72.85017,33.33333
62.87998,72.84851,72.8656,72.84431,72.85015,33.33333
62.89998,72.84851,72.86548,72.84431,72.85013,33.33333
62.91998,72.84851,72.86536,72.84431,72.85011,33.33333
62.93998,72.84851,72.86523,72.84431,72.85008,33.33333
62.95998,72.84851,72.86511,72.84431,72.85006,33.33333
62.97998,72.84851,72.86499,72.84431,72.85004,33.33333
62.99998,72.84851,72.86487,72.84431,72.85001,33.33333
63.01998,72.84851,72.86475,72.84431,72.84999,33.33333
63.03998,72.84851,72.86462,72.84431,72.84997,33.33333
63.05998,72.84851,72.8645,72.84431,72.84995,33.33333
63.07998,72.84851,72.86438,72.84431,72.84992,33.33333
63.09998,72.84851,72.86426,72.84431,72.8499,33.33333
63.11998,72.84851,72.86414,72.84431,72.84988,33.33333
63.13998,72.84851,72.86401,72.84431,72.84985,33.33333
63.15998,72.84851,72.86389,72.84431,72.84983,33.33333
63.17998,72.84851,72.86377,72.84431,72.84981,33.33333
63.19998,72.84851,72.86365,72.84431,72.84978,33.33333
63.21998,72.84851,72.86353,72.84431,72.84976,33.33333
63.23998,72.84851,72.8634,72.84431,72.84974,33.33333
63.25998,72.84851,72.86328,72.84431,72.84972,33.33333
63.27998,72.84851,72.86316,72.84431,72.84969,33.33333
63.29998,72.84851,72.86304,72.84431,72.84967,33.33333
63.31998,72.84851,72.86292,72.84431,72.84965,33.33333
63.33998,72.84851,72.86279,72.84431,72.84962,33.33333
63.35998,72.84851,72.86267,72.84431,72.8496,33.33333
63.37998,72.84851,72.86255,72.84431,72.84958,33.33333
63.39998,72.84851,72.86243,72.84431,72.84956,33.33333
63.41998,72.84851,72.8623,72.84431,72.84953,33.33333
63.43998,72.84851,72.86218,72.84431,72.84951,33.33333
63.45998,72.84851,72.86206,72.84431,72.84949,33.33333
63.47998,72.84851,72.86194,72.84431,72.84946,33.33333
63.49998,72.84851,72.86182,72.84431,72.84944,33.33333
63.51998,72.84851,72.86169,72.84431,72.84942,33.33333
63.53998,72.84851,72.86157,72.84431,72.8494,33.33333
63.55998,72.84851,72.86145,72.84431,72.84937,33.33333
63.57998,72.84851,72.86133,72.84431,72.84935,33.33333
63.59998,72.84851,72.86121,72.84431,72.84933,33.33333
63.61998,72.84851,72.86108,72.84431,72.8493,33.33333
63.63998,72.84851,72.86096,72.84431,72.84928,33.33333
63.65998,72.84851,72.86084,72.84431,72.84926,33.33333
63.67998,72.84851,72.86072,72.84431,72.84924,33.33333
63.69998,72.84851,72.8606,72.84431,72.84921,33.33333
63.71998,72.84851,72.86047,72.84431,72.84919,33.33333
63.73998,72.84851,72.86035,72.84431,72.84917,33.33333
63.75998,72.84851,72.86023,72.84431,72.84914,33.33333
63.77998,72.84851,72.86011,72.84431,72.84912,33.33333
63.79998,72.84851,72.85999,72.84431,72.8491,33.33333
63.81998,72.84851,72.85986,72.84431,72.84908,33.33333
63.83998,72.84851,72.85974,72.84431,72.84905,33.33333
63.85998,72.84851,72.85962,72.84431,72.84903,33.33333
63.87998,72.84851,72.8595,72.84431,72.84901,33.33333
63.89998,72.84851,72.85938,72.84431,72.84898,33.33333
63.91998,72.84851,72.85925,72.84431,72.84896,33.33333
63.93998,72.84851,72.85913,72.84431,72.84894,33.33333
63.95998,72.84851,72.85901,72.84431,72.84892,33.33333
63.97998,72.84851,72.85889,72.84431,72.84889,33.33333
63.99998,72.84851,72.85876,72.84431,72.84887,33.33333
64.01997,72.84851,72.85864,72.84431,72.84885,33.33333
64.03998,72.84851,72.85852,72.84431,72.84882,33.33333
64.05997,72.84851,72.8584,72.84431,72.8488,33.33333
64.07998,72.84851,72.85828,72.84431,72.84878,33.33333
64.09998,72.84851,72.85815,72.84431,72.84875,33.33333
64.11998,72.84851,72.85803,72.84431,72.84873,33.33333
64.13998,72.84851,72.85791,72.84431,72.84871,33.33333
64.15998,72.84851,72.85779,72.84431,72.84869,33.33333
64.17998,72.84851,72.85767,72.84431,72.84866,33.33333
64.19997,72.84851,72.85754,72.84431,72.84864,33.33333
64.21998,72.84851,72.85742,72.84431,72.84862,33.33333
64.23997,72.84851,72.8573,72.84431,72.84859,33.33333
64.25998,72.84851,72.85718,72.84431,72.84857,33.33333
64.27998,72.84851,72.85706,72.84431,72.84855,33.33333
64.29998,72.84851,72.85693,72.84431,72.84853,33.33333
64.31998,72.84851,72.85681,72.84431,72.8485,33.33333
64.33997,72.84851,72.85669,72.84431,72.84848,33.33333
64.35998,72.84851,72.85657,72.84431,72.84846,33.33333
64.37997,72.84851,72.85645,72.84431,72.84843,33.33333
64.39998,72.84851,72.85632,72.84431,72.84841,33.33333
64.41998,72.84851,72.8562,72.84431,72.84839,33.33333
64.43998,72.84851,72.85608,72.84431,72.84837,33.33333
64.45998,72.84851,72.85596,72.84431,72.84834,33.33333
64.47998,72.84851,72.85583,72.84431,72.84832,33.33333
64.49998,72.84851,72.85571,72.84431,72.8483,33.33333
64.51997,72.84851,72.85559,72.84431,72.84827,33.33333
64.53998,72.84851,72.85547,72.84431,72.84825,33.33333
64.55997,72.84851,72.85535,72.84431,72.84823,33.33333
64.57998,72.84851,72.85522,72.84431,72.84821,33.33333
64.59998,72.84851,72.8551,72.84431,72.84818,33.33333
64.61998,72.84851,72.85498,72.84431,72.84816,33.33333
64.63998,72.84851,72.85486,72.84431,72.84814,33.33333
64.65998,72.84851,72.85474,72.84431,72.84811,33.33333
64.67998,72.84851,72.85461,72.84431,72.84809,33.33333
64.69997,72.84851,72.85449,72.84431,72.84807,33.33333
64.71998,72.84851,72.85437,72.84431,72.84805,33.33333
64.73997,72.84851,72.85425,72.84431,72.84802,33.33333
64.75998,72.84851,72.85413,72.84431,72.848,33.33333
64.77998,72.84851,72.854,72.84431,72.84798,33.33333
64.79998,72.84851,72.85388,72.84431,72.84795,33.33333
64.81998,72.84851,72.85376,72.84431,72.84793,33.33333
64.83997,72.84851,72.85364,72.84431,72.84791,33.33333
64.85998,72.84851,72.85352,72.84431,72.84789,33.33333
64.87997,72.84851,72.85339,72.84431,72.84786,33.33333
64.89998,72.84851,72.85327,72.84431,72.84784,33.33333
64.91998,72.84851,72.85315,72.84431,72.84782,33.33333
64.93998,72.84851,72.85303,72.84431,72.84779,33.33333
64.95998,72.84851,72.85291,72.84431,72.84777,33.33333
64.97998,72.84851,72.85278,72.84431,72.84775,33.33333
64.99998,72.84851,72.85266,72.84431,72.84772,33.33333
65.01997,72.84851,72.85254,72.84431,72.8477,33.33333
65.03998,72.84851,72.85242,72.84431,72.84768,33.33333
65.05997,72.84851,72.85229,72.84431,72.84766,33.33333
65.07998,72.84851,72.85217,72.84431,72.84763,33.33333
65.09998,72.84851,72.85205,72.84431,72.84761,33.33333
65.11998,72.84851,72.85193,72.84431,72.84759,33.33333
65.13998,72.84851,72.85181,72.84431,72.84756,33.33333
65.15997,72.84851,72.85168,72.84431,72.84754,33.33333
65.17998,72.84851,72.85156,72.84431,72.84752,33.33333
65.19997,72.84851,72.85144,72.84431,72.8475,33.33333
65.21998,72.84851,72.85132,72.84431,72.84747,33.33333
65.23997,72.84851,72.8512,72.84431,72.84745,33.33333
65.25998,72.84851,72.85107,72.84431,72.84743,33.33333
65.27998,72.84851,72.85095,72.84431,72.8474,33.33333
65.29998,72.84851,72.85083,72.84431,72.84738,33.33333
65.31998,72.84851,72.85071,72.84431,72.84736,33.33333
65.33997,72.84851,72.85059,72.84431,72.84734,33.33333
65.35998,72.84851,72.85046,72.84431,72.84731,33.33333
65.37997,72.84851,72.85034,72.84431,72.84729,33.33333
65.39998,72.84851,72.85022,72.84431,72.84727,33.33333
65.41998,72.84851,72.8501,72.84431,72.84724,33.33333
65.43998,72.84851,72.84998,72.84431,72.84722,33.33333
65.45998,72.84851,72.84985,72.84431,72.8472,33.33333
65.47998,72.84851,72.84973,72.84431,72.84718,33.33333
65.49998,72.84851,72.84961,72.84431,72.84715,33.33333
65.51997,72.84851,72.84949,72.84431,72.84713,33.33333
65.53998,72.84851,72.84937,72.84431,72.84711,33.33333
65.55997,72.84851,72.84924,72.84431,72.84708,33.33333
65.57998,72.84851,72.84912,72.84431,72.84706,33.33333
65.59998,72.84851,72.849,72.84431,72.84704,33.33333
65.61998,72.84851,72.84888,72.84431,72.84702,33.33333
65.63998,72.84851,72.84875,72.84431,72.84699,33.33333
65.65997,72.84851,72.84863,72.84431,72.84697,33.33333
65.67998,72.84851,72.84851,72.84431,72.84695,33.33333
65.69997,72.84851,72.84839,72.84431,72.84692,33.33333
65.71998,72.84851,72.84827,72.84431,72.8469,33.33333
65.73997,72.84851,72.84814,72.84431,72.84688,33.33333
65.75998,72.84851,72.84802,72.84431,72.84686,33.33333
65.77998,72.84851,72.8479,72.84431,72.84683,33.33333
65.79998,72.84851,72.84778,72.84431,72.84681,33.33333
65.81998,72.84851,72.84766,72.84431,72.84679,33.33333
65.83997,72.84851,72.84753,72.84431,72.84676,33.33333
65.85998,72.84851,72.84741,72.84431,72.84674,33.33333
65.87997,72.84851,72.84729,72.84431,72.84672,33.33333
65.89998,72.84851,72.84717,72.84431,72.84669,33.33333
65.91998,72.84851,72.84705,72.84431,72.84667,33.33333
65.93998,72.84851,72.84692,72.84431,72.84665,33.33333
65.95998,72.84851,72.8468,72.84431,72.84663,33.33333
65.97997,72.84851,72.84668,72.84431,72.8466,33.33333
65.99998,72.84851,72.84656,72.84431,72.84658,33.33333
66.01997,72.84851,72.84644,72.84431,72.84656,33.33333
66.03998,72.84851,72.84631,72.84431,72.84653,33.33333
66.05997,72.84851,72.84619,72.84431,72.84651,33.33333
66.07998,72.84851,72.84607,72.84431,72.84649,33.33333
66.09998,72.84851,72.84595,72.84431,72.84647,33.33333
66.11998,72.84851,72.84583,72.84431,72.84644,33.33333
66.13998,72.84851,72.8457,72.84431,72.84642,33.33333
66.15997,72.84851,72.84558,72.84431,72.8464,33.33333
66.17998,72.84851,72.84546,72.84431,72.84637,33.33333
66.19997,72.84851,72.84534,72.84431,72.84635,33.33333
66.21998,72.84851,72.84521,72.84431,72.84633,33.33333
66.23997,72.84851,72.84509,72.84431,72.84631,33.33333
66.25998,72.84851,72.84497,72.84431,72.84628,33.33333
66.27998,72.84851,72.84485,72.84431,72.84626,33.33333
66.29998,72.84851,72.84473,72.84431,72.84624,33.33333
66.31998,72.84851,72.8446,72.84431,72.84621,33.33333
66.33997,72.84851,72.84448,72.84431,72.84619,33.33333
66.35998,72.84851,72.84436,72.84431,72.84617,33.33333
66.37997,72.84851,72.84424,72.84431,72.84615,33.33333
66.39998,72.84851,72.84412,72.84431,72.84612,33.33333
66.41998,72.84851,72.84399,72.84431,72.8461,33.33333
66.43998,72.84851,72.84387,72.84431,72.84608,33.33333
66.45998,72.84851,72.84375,72.84431,72.84605,33.33333
66.47997,72.84851,72.84363,72.84431,72.84603,33.33333
66.49998,72.84851,72.84351,72.84431,72.84601,33.33333
66.51997,72.84851,72.84338,72.84431,72.84599,33.33333
66.53998,72.84851,72.84326,72.84431,72.84596,33.33333
66.55997,72.84851,72.84314,72.84431,72.84594,33.33333
66.57998,72.84851,72.84302,72.84431,72.84592,33.33333
66.59998,72.84851,72.8429,72.84431,72.84589,33.33333
66.61998,72.84851,72.84277,72.84431,72.84587,33.33333
66.63998,72.84851,72.84265,72.84431,72.84585,33.33333
66.65997,72.84851,72.84253,72.84431,72.84583,33.33333
66.67998,72.84851,72.84241,72.84431,72.8458,33.33333
66.69997,72.84851,72.84229,72.84431,72.84578,33.33333
66.71998,72.84851,72.84216,72.84431,72.84576,33.33333
66.73997,72.84851,72.84204,72.84431,72.84573,33.33333
66.75998,72.84851,72.84204,72.84431,72.84571,33.33333
66.77998,72.84851,72.84204,72.84431,72.84569,33.33333
66.79997,72.84851,72.84204,72.84431,72.84567,33.33333
66.81998,72.84851,72.84204,72.84431,72.84566,33.33333
66.83997,72.84851,72.84204,72.84431,72.84564,33.33333
66.85998,72.84851,72.84204,72.84431,72.84563,33.33333
66.87997,72.84851,72.84204,72.84431,72.84561,33.33333
66.89998,72.84851,72.84204,72.84431,72.8456,33.33333
66.91998,72.84851,72.84204,72.84431,72.84558,33.33333
66.93998,72.84851,72.84204,72.84431,72.84557,33.33333
66.95998,72.84851,72.84204,72.84431,72.84555,33.33333
66.97997,72.84851,72.84204,72.84431,72.84554,33.33333
66.99998,72.84851,72.84204,72.84431,72.84552,33.33333
67.01997,72.84851,72.84204,72.84431,72.8455,33.33333
67.03998,72.84851,72.84204,72.84431,72.84549,33.33333
67.05997,72.84851,72.84204,72.84431,72.84547,33.33333
67.07998,72.84851,72.84204,72.84431,72.84546,33.33333
67.09998,72.84851,72.84204,72.84431,72.84544,33.33333
67.11998,72.84851,72.84204,72.84431,72.84543,33.33333
67.13998,72.84851,72.84204,72.84431,72.84541,33.33333
67.15997,72.84851,72.84204,72.84431,72.8454,33.33333
67.17998,72.84851,72.84204,72.84431,72.84538,33.33333
67.19997,72.84851,72.84204,72.84431,72.84537,33.33333
67.21998,72.84851,72.84204,72.84431,72.84535,33.33333
67.23997,72.84851,72.84204,72.84431,72.84534,33.33333
67.25998,72.84851,72.84204,72.84431,72.84532,33.33333
67.27998,72.84851,72.84204,72.84431,72.84531,33.33333
67.29997,72.84851,72.84204,72.84431,72.84529,33.33333
67.31998,72.84851,72.84204,72.84431,72.84528,33.33333
67.33997,72.84851,72.84204,72.84431,72.84526,33.33333
67.35998,72.84851,72.84204,72.84431,72.84525,33.33333
67.37997,72.84851,72.84204,72.84431,72.84523,33.33333
67.39998,72.84851,72.84204,72.84431,72.84521,33.33333
67.41998,72.84851,72.84204,72.84431,72.8452,33.33333
67.43998,72.84851,72.84204,72.84431,72.84518,33.33333
67.45998,72.84851,72.84204,72.84431,72.84517,33.33333
67.47997,72.84851,72.84204,72.84431,72.84515,33.33333
67.49998,72.84851,72.84204,72.84431,72.84514,33.33333
67.51997,72.84851,72.84204,72.84431,72.84512,33.33333
67.53998,72.84851,72.84204,72.84431,72.84511,33.33333
67.55997,72.84851,72.84204,72.84431,72.84509,33.33333
67.57998,72.84851,72.84204,72.84431,72.84508,33.33333
67.59998,72.84851,72.84204,72.84431,72.84506,33.33333
67.61997,72.84851,72.84204,72.84431,72.84505,33.33333
67.63998,72.84851,72.84204,72.84431,72.84503,33.33333
67.65997,72.84851,72.84204,72.84431,72.84502,33.33333
67.67998,72.84851,72.84204,72.84431,72.845,33.33333
67.69997,72.84851,72.84204,72.84431,72.84499,33.33333
67.71998,72.84851,72.84204,72.84431,72.84497,33.33333
67.73997,72.84851,72.84204,72.84431,72.84496,33.33333
67.75998,72.84851,72.84204,72.84431,72.84496,33.33333
67.77998,72.84851,72.84204,72.84431,72.84495,33.33333
67.79997,72.84851,72.84204,72.84431,72.84494,33.33333
67.81998,72.84851,72.84204,72.84431,72.84493,33.33333
67.83997,72.84851,72.84204,72.84431,72.84492,33.33333
67.85998,72.84851,72.84204,72.84431,72.84492,33.33333
67.87997,72.84851,72.84204,72.84431,72.84491,33.33333
67.89998,72.84851,72.84204,72.84431,72.8449,33.33333
67.91998,72.84851,72.84204,72.84431,72.84489,33.33333
67.93998,72.84851,72.84204,72.84431,72.84489,33.33333
67.95998,72.84851,72.84204,72.84431,72.84488,33.33333
67.97997,72.84851,72.84204,72.84431,72.84487,33.33333
67.99998,72.84851,72.84204,72.84431,72.84486,33.33333
68.01997,72.84851,72.84204,72.84431,72.84486,33.33333
68.03998,72.84851,72.84204,72.84431,72.84485,33.33333
68.05997,72.84851,72.84204,72.84431,72.84484,33.33333
68.07998,72.84851,72.84204,72.84431,72.84483,33.33333
68.09998,72.84851,72.84204,72.84431,72.84483,33.33333
68.11997,72.84851,72.84204,72.84431,72.84482,33.33333
68.13998,72.84851,72.84204,72.84431,72.84481,33.33333
68.15997,72.84851,72.84204,72.84431,72.8448,33.33333
68.17998,72.84851,72.84204,72.84431,72.8448,33.33333
68.19997,72.84851,72.84204,72.84431,72.84479,33.33333
68.21998,72.84851,72.84204,72.84431,72.84478,33.33333
68.23997,72.84851,72.84204,72.84431,72.84477,33.33333
68.25998,72.84851,72.84204,72.84431,72.84476,33.33333
68.27998,72.84851,72.84204,72.84431,72.84476,33.33333
68.29997,72.84851,72.84204,72.84431,72.84475,33.33333
68.31998,72.84851,72.84204,72.84431,72.84474,33.33333
68.33997,72.84851,72.84204,72.84431,72.84473,33.33333
68.35998,72.84851,72.84204,72.84431,72.84473,33.33333
68.37997,72.84851,72.84204,72.84431,72.84472,33.33333
68.39998,72.84851,72.84204,72.84431,72.84471,33.33333
68.41998,72.84851,72.84204,72.84431,72.8447,33.33333
68.43998,72.84851,72.84204,72.84431,72.8447,33.33333
68.45998,72.84851,72.84204,72.84431,72.84469,33.33333
68.47997,72.84851,72.84204,72.84431,72.84468,33.33333
68.49998,72.84851,72.84204,72.84431,72.84467,33.33333
68.51997,72.84851,72.84204,72.84431,72.84467,33.33333
68.53998,72.84851,72.84204,72.84431,72.84466,33.33333
68.55997,72.84851,72.84204,72.84431,72.84465,33.33333
68.57998,72.84851,72.84204,72.84431,72.84464,33.33333
68.59998,72.84851,72.84204,72.84431,72.84464,33.33333
68.61997,72.84851,72.84204,72.84431,72.84463,33.33333
68.63998,72.84851,72.84204,72.84431,72.84462,33.33333
68.65997,72.84851,72.84204,72.84431,72.84461,33.33333
68.67998,72.84851,72.84204,72.84431,72.8446,33.33333
68.69997,72.84851,72.84204,72.84431,72.8446,33.33333
68.71998,72.84851,72.84204,72.84431,72.84459,33.33333
68.73997,72.84851,72.84204,72.84431,72.84458,33.33333
68.75998,72.84851,72.84204,72.84431,72.84457,33.33333
68.77998,72.84851,72.84204,72.84431,72.84457,33.33333
68.79997,72.84851,72.84204,72.84431,72.84456,33.33333
68.81998,72.84851,72.84204,72.84431,72.84455,33.33333
68.83997,72.84851,72.84204,72.84431,72.84454,33.33333
68.85998,72.84851,72.84204,72.84431,72.84454,33.33333
68.87997,72.84851,72.84204,72.84431,72.84453,33.33333
68.89998,72.84851,72.84204,72.84431,72.84452,33.33333
68.91998,72.84851,72.84204,72.84431,72.84451,33.33333
68.93997,72.84851,72.84204,72.84431,72.84451,33.33333
68.95998,72.84851,72.84204,72.84431,72.8445,33.33333
68.97997,72.84863,72.84204,72.84431,72.84449,33.33333
68.99998,72.84875,72.84204,72.84431,72.84448,33.33333
69.01997,72.84888,72.84204,72.84431,72.84447,33.33333
69.03998,72.849,72.84204,72.84431,72.84447,33.33333
69.05997,72.84912,72.84204,72.84431,72.84446,33.33333
69.07998,72.84924,72.84204,72.84431,72.84445,33.33333
69.09998,72.84937,72.84204,72.84431,72.84444,33.33333
69.11997,72.84949,72.84204,72.84431,72.84444,33.33333
69.13998,72.84961,72.84204,72.84431,72.84443,33.33333
69.15997,72.84973,72.84204,72.84431,72.84442,33.33333
69.17998,72.84985,72.84204,72.84431,72.84441,33.33333
69.19997,72.84998,72.84204,72.84431,72.84441,33.33333
69.21998,72.8501,72.84204,72.84431,72.8444,33.33333
69.23997,72.85022,72.84204,72.84431,72.84439,33.33333
69.25998,72.85034,72.84204,72.84431,72.84438,33.33333
69.27998,72.85046,72.84204,72.84431,72.84438,33.33333
69.29997,72.85059,72.84204,72.84431,72.84437,33.33333
69.31998,72.85071,72.84204,72.84431,72.84436,33.33333
69.33997,72.85083,72.84204,72.84431,72.84435,33.33333
69.35998,72.85095,72.84204,72.84431,72.84435,33.33333
69.37997,72.85107,72.84204,72.84431,72.84434,33.33333
69.39998,72.8512,72.84204,72.84431,72.84433,33.33333
69.41998,72.85132,72.84204,72.84431,72.84432,33.33333
69.43997,72.85144,72.84204,72.84431,72.84431,33.33333
69.45998,72.85156,72.84204,72.84431,72.84431,33.33333
69.47997,72.85168,72.84204,72.84431,72.84431,33.33333
69.49998,72.85181,72.84204,72.84431,72.84431,33.33333
69.51997,72.85193,72.84204,72.84431,72.84431,33.33333
69.53998,72.85205,72.84204,72.84431,72.84431,33.33333
69.55997,72.85217,72.84204,72.84431,72.84431,33.33333
69.57998,72.85229,72.84204,72.84431,72.84431,33.33333
69.59998,72.85242,72.84204,72.84431,72.84431,33.33333
69.61997,72.85254,72.84204,72.84431,72.84431,33.33333
69.63998,72.85266,72.84204,72.84431,72.84431,33.33333
69.65997,72.85278,72.84204,72.84431,72.84431,33.33333
69.67998,72.85291,72.84204,72.84431,72.84431,33.33333
69.69997,72.85303,72.84204,72.84432,72.84431,33.33333
69.71998,72.85315,72.84204,72.84433,72.84431,33.33333
69.73997,72.85327,72.84204,72.84434,72.84431,33.33333
69.75997,72.85339,72.84204,72.84435,72.84431,33.33333
69.77998,72.85352,72.84204,72.84435,72.84431,33.33333
69.79997,72.85364,72.84204,72.84436,72.84431,33.33333
69.81998,72.85376,72.84204,72.84437,72.84431,33.33333
69.83997,72.85388,72.84204,72.84438,72.84431,33.33333
